county_fips,county_name,state_abbr,region,urban_rural_group,adult_population_band,obesity_pct,diagnosed_diabetes_pct,high_blood_pressure_pct,current_smoking_pct,binge_drinking_pct,physical_inactivity_pct,routine_checkup_pct,mammography_pct,colorectal_screening_pct,uninsured_pct,poor_mental_health_pct,poor_physical_health_pct,release_year
01029,Cleburne,AL,South,Urban core,250k+,33.6,17.2,36.5,16.6,15.6,26.8,72.6,68.2,69.5,14.3,19.0,17.4,2025
01031,Coffee,AL,South,Rural,25k-99k,41.0,20.3,33.0,18.4,12.7,27.3,65.5,72.6,58.1,14.9,14.9,24.3,2025
01037,Coosa,AL,South,Small town,25k-99k,27.4,9.7,23.1,6.6,17.4,19.7,74.0,68.3,70.1,8.8,11.7,12.4,2025
01039,Covington,AL,South,Rural,100k-249k,35.5,16.3,33.0,18.0,12.4,24.3,70.0,69.9,65.0,10.3,13.4,21.2,2025
01041,Crenshaw,AL,South,Small town,25k-99k,23.7,10.3,23.6,11.7,17.8,18.1,72.8,72.5,66.5,7.2,12.2,9.0,2025
01045,Dale,AL,South,Rural,<25k,30.4,10.7,26.9,16.4,15.1,22.8,73.7,68.9,65.3,4.7,11.5,16.5,2025
01049,DeKalb,AL,South,Rural,<25k,31.3,8.8,26.2,13.1,14.3,23.1,72.7,72.9,60.3,8.6,9.9,13.1,2025
01053,Escambia,AL,South,Urban core,250k+,30.2,14.6,32.4,11.4,18.6,24.2,70.6,75.4,66.6,15.2,18.9,18.7,2025
01057,Fayette,AL,South,Rural,25k-99k,37.9,15.3,30.4,18.0,17.3,29.8,68.5,70.3,60.0,13.3,15.7,17.9,2025
01061,Geneva,AL,South,Small town,<25k,39.9,17.3,34.3,19.5,14.5,24.8,70.4,74.7,57.2,12.4,17.6,18.8,2025
01067,Henry,AL,South,Rural,100k-249k,40.8,17.3,34.0,20.4,9.9,34.1,69.0,62.9,64.7,16.5,16.2,22.1,2025
01075,Lamar,AL,South,Rural,<25k,49.5,24.0,42.7,24.5,7.9,37.4,67.1,65.0,57.3,19.7,21.2,25.9,2025
01077,Lauderdale,AL,South,Rural,250k+,35.9,19.8,34.4,22.0,10.7,30.9,70.1,67.6,63.8,17.4,19.8,21.7,2025
01079,Lawrence,AL,South,Suburban,<25k,33.3,16.1,32.1,23.5,13.5,24.4,74.5,73.3,67.8,14.6,19.6,16.1,2025
01001,Autauga,AL,South,Suburban,25k-99k,39.7,16.6,38.0,22.0,11.4,30.3,69.2,70.3,63.8,17.2,14.5,21.3,2025
01003,Baldwin,AL,South,Urban core,250k+,18.4,8.5,28.1,10.3,19.6,24.0,74.3,75.6,72.5,7.8,14.7,15.8,2025
01005,Barbour,AL,South,Small town,<25k,31.9,17.4,34.8,20.9,13.6,27.7,72.3,76.6,68.5,12.9,17.7,19.2,2025
01007,Bibb,AL,South,Rural,25k-99k,31.9,13.4,32.9,15.3,18.1,21.7,72.5,70.6,67.7,13.6,9.7,15.6,2025
01009,Blount,AL,South,Rural,250k+,41.3,17.0,32.9,20.5,12.3,27.2,68.6,67.4,62.5,10.7,18.7,21.3,2025
01011,Bullock,AL,South,Rural,<25k,42.7,17.7,34.1,19.4,10.4,30.3,66.5,63.4,69.3,19.0,14.1,21.0,2025
01023,Choctaw,AL,South,Suburban,25k-99k,31.9,14.5,31.5,14.2,20.4,20.5,72.5,67.7,70.9,11.7,20.2,17.2,2025
01025,Clarke,AL,South,Small town,<25k,37.6,16.9,33.0,17.1,18.9,27.7,69.5,67.7,65.9,10.0,19.4,20.3,2025
01027,Clay,AL,South,Small town,25k-99k,44.3,21.1,34.8,17.0,14.6,26.5,72.9,64.3,58.7,17.5,18.7,23.1,2025
01033,Colbert,AL,South,Urban core,25k-99k,31.4,18.4,35.5,15.5,11.5,26.7,70.3,70.2,64.5,13.7,18.1,21.6,2025
01035,Conecuh,AL,South,Rural,<25k,41.2,18.4,39.3,22.2,12.4,28.9,66.0,62.1,65.3,16.4,20.1,21.2,2025
01043,Cullman,AL,South,Small town,<25k,32.6,15.9,28.6,15.6,16.4,25.1,68.1,66.6,66.1,11.5,16.6,16.9,2025
01047,Dallas,AL,South,Rural,<25k,41.5,16.9,39.0,21.8,17.4,31.3,67.5,68.1,60.1,12.5,15.1,18.3,2025
01051,Elmore,AL,South,Small town,<25k,37.0,16.8,35.8,17.7,17.3,24.8,70.7,68.1,58.7,15.2,22.6,26.7,2025
01055,Etowah,AL,South,Rural,25k-99k,28.3,10.2,25.1,17.3,15.5,19.8,69.4,73.4,72.1,12.6,11.4,18.2,2025
01059,Franklin,AL,South,Rural,25k-99k,34.6,16.7,35.6,23.6,18.0,28.7,66.5,70.2,62.3,15.3,11.5,18.7,2025
01063,Greene,AL,South,Small town,<25k,27.5,15.3,30.7,17.7,13.4,25.6,70.1,77.4,69.0,11.5,16.1,18.0,2025
01065,Hale,AL,South,Small town,25k-99k,37.9,14.9,33.6,18.9,19.8,24.0,73.3,69.5,69.8,14.3,15.1,18.6,2025
01071,Jackson,AL,South,Small town,25k-99k,35.3,15.7,27.5,16.2,13.2,24.7,71.4,72.5,59.4,13.6,18.4,16.4,2025
01073,Jefferson,AL,South,Small town,100k-249k,23.5,11.5,26.9,16.2,17.6,24.9,74.7,69.5,68.0,8.5,18.3,14.0,2025
01085,Lowndes,AL,South,Rural,<25k,43.1,21.5,38.6,22.1,14.0,35.6,68.3,64.0,62.4,14.8,16.0,24.0,2025
01087,Macon,AL,South,Suburban,<25k,29.4,12.0,32.1,10.6,13.6,25.2,72.7,69.1,63.7,9.5,15.9,10.6,2025
01089,Madison,AL,South,Small town,250k+,38.2,19.3,35.8,19.9,17.6,28.7,71.4,65.8,63.6,14.9,21.2,26.2,2025
01091,Marengo,AL,South,Rural,<25k,27.3,14.6,30.8,15.4,17.9,23.9,69.2,77.8,59.0,13.0,15.1,16.8,2025
01095,Marshall,AL,South,Suburban,<25k,31.3,12.3,33.0,16.4,17.6,20.7,73.4,71.9,67.8,14.4,13.5,14.7,2025
01097,Mobile,AL,South,Urban core,<25k,31.9,17.6,33.1,17.5,16.6,21.6,72.6,65.2,58.8,13.3,15.5,16.3,2025
01099,Monroe,AL,South,Suburban,25k-99k,33.2,14.9,34.3,22.4,15.2,26.9,71.8,68.1,69.0,12.0,16.4,20.0,2025
01107,Pickens,AL,South,Suburban,100k-249k,33.3,12.6,27.1,14.1,17.1,22.7,72.2,70.3,64.4,11.0,17.7,19.3,2025
01109,Pike,AL,South,Small town,25k-99k,34.5,16.6,33.2,15.5,12.5,25.6,66.3,67.1,65.5,13.8,17.2,17.6,2025
01113,Russell,AL,South,Small town,25k-99k,41.7,16.8,37.3,17.7,11.3,30.7,71.7,63.5,62.6,12.3,14.1,18.9,2025
01115,St. Clair,AL,South,Rural,<25k,37.8,14.3,30.2,14.1,11.9,24.2,69.6,69.3,63.7,10.3,11.2,17.6,2025
01117,Shelby,AL,South,Small town,25k-99k,30.1,20.8,35.2,15.9,13.4,31.2,70.0,72.2,66.9,13.5,15.9,20.4,2025
01119,Sumter,AL,South,Rural,<25k,36.0,16.6,35.8,19.5,10.0,28.1,68.9,64.9,58.4,13.9,12.4,26.4,2025
01121,Talladega,AL,South,Small town,100k-249k,28.1,16.4,30.8,18.7,14.5,25.1,71.1,69.4,64.7,9.8,11.6,15.1,2025
01129,Washington,AL,South,Suburban,100k-249k,28.3,11.8,28.4,10.3,20.1,23.2,72.3,70.0,61.6,7.4,16.8,15.6,2025
01131,Wilcox,AL,South,Rural,25k-99k,33.4,12.4,29.0,17.7,14.3,26.0,70.4,74.0,65.1,11.4,15.1,18.2,2025
01013,Butler,AL,South,Small town,<25k,32.9,14.5,31.9,20.1,16.1,26.4,67.1,74.5,64.9,10.0,15.6,18.2,2025
01015,Calhoun,AL,South,Urban core,25k-99k,26.2,16.0,33.2,9.1,13.9,26.3,72.1,73.3,72.2,14.3,15.4,14.9,2025
01017,Chambers,AL,South,Rural,250k+,28.6,6.3,26.6,13.1,14.4,24.1,70.9,71.0,68.7,6.8,7.6,11.0,2025
01019,Cherokee,AL,South,Suburban,25k-99k,38.5,18.2,31.8,22.4,16.0,30.1,71.3,68.2,66.4,14.9,19.3,20.0,2025
01021,Chilton,AL,South,Rural,25k-99k,33.7,16.8,35.0,18.6,14.4,28.6,70.8,68.8,58.0,16.1,13.1,17.4,2025
01123,Tallapoosa,AL,South,Suburban,100k-249k,27.8,14.6,31.8,17.0,20.2,21.2,73.4,69.0,66.6,14.5,14.0,12.4,2025
01125,Tuscaloosa,AL,South,Small town,100k-249k,32.1,12.4,29.4,17.9,20.2,22.7,71.2,76.9,63.5,8.3,7.8,15.2,2025
01127,Walker,AL,South,Suburban,25k-99k,27.4,10.3,27.8,12.2,15.8,23.1,74.7,72.9,65.5,10.9,17.7,17.1,2025
01133,Winston,AL,South,Urban core,<25k,33.8,16.7,29.7,10.2,19.4,28.4,75.5,68.5,63.4,11.9,18.9,19.0,2025
01101,Montgomery,AL,South,Rural,<25k,35.9,16.7,33.2,18.2,11.7,27.0,66.1,66.4,62.3,14.2,16.1,18.1,2025
01069,Houston,AL,South,Small town,<25k,37.6,16.7,29.7,17.8,14.0,26.2,72.0,70.3,57.5,15.8,15.3,17.7,2025
01081,Lee,AL,South,Rural,<25k,27.0,9.6,23.4,12.9,11.3,20.3,78.6,74.7,67.1,7.0,9.0,12.1,2025
01083,Limestone,AL,South,Rural,25k-99k,41.9,18.6,38.8,17.7,12.3,32.3,66.8,66.9,63.1,19.6,18.5,22.3,2025
01093,Marion,AL,South,Small town,100k-249k,28.7,14.5,31.8,24.4,15.0,26.8,69.3,70.0,63.5,14.4,19.6,20.2,2025
01103,Morgan,AL,South,Suburban,<25k,36.7,13.4,37.6,16.3,12.1,27.7,67.3,72.9,62.2,13.8,19.1,21.2,2025
01105,Perry,AL,South,Urban core,<25k,27.5,11.4,32.7,12.1,13.2,19.6,75.5,75.4,69.5,10.0,19.4,11.3,2025
01111,Randolph,AL,South,Suburban,100k-249k,42.7,22.2,37.3,21.2,18.3,32.4,68.7,65.4,67.1,16.8,18.6,22.7,2025
02013,Aleutians East,AK,West,Urban core,25k-99k,28.5,13.5,27.4,12.4,17.3,17.7,75.2,74.1,64.0,7.3,16.1,15.6,2025
02016,Aleutians West,AK,West,Rural,<25k,38.0,14.0,29.5,15.7,16.3,28.5,69.1,70.6,67.1,14.2,15.6,18.1,2025
02020,Anchorage,AK,West,Rural,<25k,36.5,12.7,28.5,16.3,17.1,25.4,71.8,69.1,59.7,8.9,11.7,21.3,2025
02050,Bethel,AK,West,Urban core,<25k,31.3,14.2,30.7,18.3,13.7,23.6,74.8,70.3,63.6,14.8,14.5,19.5,2025
02060,Bristol Bay,AK,West,Suburban,25k-99k,30.2,13.3,29.6,10.2,15.2,24.5,72.5,70.9,69.0,9.4,14.9,16.2,2025
02068,Denali,AK,West,Urban core,25k-99k,21.9,7.8,26.1,8.0,18.3,15.3,73.3,72.6,70.6,12.1,11.0,9.9,2025
02070,Dillingham,AK,West,Suburban,<25k,32.4,12.0,28.1,10.6,19.2,20.9,71.7,73.1,64.4,4.7,13.7,16.4,2025
02090,Fairbanks North Star,AK,West,Urban core,25k-99k,18.1,11.3,23.6,7.2,19.6,14.1,76.7,76.0,72.4,2.4,13.6,7.9,2025
02105,Hoonah-Angoon,AK,West,Small town,100k-249k,33.7,16.4,35.5,13.8,18.3,26.3,71.8,65.2,54.8,14.5,15.2,21.1,2025
02110,Juneau,AK,West,Urban core,250k+,16.9,6.8,25.3,12.0,17.5,14.4,73.2,74.5,70.4,5.6,10.6,11.0,2025
02122,Kenai Peninsula,AK,West,Small town,100k-249k,28.1,13.8,28.9,13.8,15.0,20.3,71.4,67.6,61.2,11.4,11.3,16.6,2025
02130,Ketchikan Gateway,AK,West,Urban core,100k-249k,29.4,12.3,29.7,12.8,21.2,21.6,76.8,76.2,69.5,9.3,17.2,15.2,2025
02164,Lake and Peninsula,AK,West,Rural,<25k,33.9,11.7,25.9,19.0,14.6,22.3,71.4,68.5,63.2,8.7,17.0,18.8,2025
02170,Matanuska-Susitna,AK,West,Suburban,250k+,25.3,10.5,28.7,12.4,16.4,22.9,73.7,73.1,70.0,9.6,12.2,13.1,2025
02180,Nome,AK,West,Suburban,100k-249k,28.9,14.2,28.1,20.5,16.2,25.0,73.4,66.7,67.6,9.5,15.9,17.2,2025
02185,North Slope,AK,West,Urban core,<25k,21.0,8.2,22.8,15.8,21.0,15.8,78.0,76.4,67.2,6.7,14.8,11.7,2025
02188,Northwest Arctic,AK,West,Small town,100k-249k,19.4,9.2,27.5,13.8,14.4,20.0,75.5,66.2,62.4,9.5,8.0,14.0,2025
02220,Sitka,AK,West,Small town,<25k,29.3,13.0,27.8,14.2,14.7,17.3,77.0,65.1,70.1,3.9,7.4,14.9,2025
02240,Southeast Fairbanks,AK,West,Urban core,100k-249k,40.9,18.1,34.4,19.9,14.3,29.6,66.8,66.3,63.4,13.7,23.2,22.6,2025
02270,Wade Hampton,AK,West,Urban core,100k-249k,35.1,21.4,37.8,18.8,17.2,22.5,70.0,68.6,66.4,19.6,24.3,19.5,2025
02275,Wrangell,AK,West,Urban core,250k+,25.1,11.4,27.7,8.9,14.4,24.8,75.6,72.7,68.7,11.5,10.8,16.1,2025
02290,Yukon-Koyukuk,AK,West,Rural,<25k,27.2,10.3,30.5,19.7,15.0,22.5,72.9,72.8,68.6,10.1,13.0,18.3,2025
02195,Petersburg,AK,West,Small town,100k-249k,29.0,9.4,29.6,17.9,16.2,21.6,74.0,70.2,68.1,9.7,17.2,16.7,2025
02198,Prince of Wales-Hyder,AK,West,Urban core,250k+,20.4,12.4,29.0,9.7,22.3,17.5,75.9,77.9,68.7,7.1,17.4,14.5,2025
02230,Skagway,AK,West,Urban core,<25k,27.5,11.4,27.8,11.5,16.3,20.2,77.0,70.9,68.3,7.8,11.4,13.8,2025
02261,Valdez-Cordova,AK,West,Suburban,25k-99k,21.4,7.8,27.6,13.0,14.8,19.7,78.3,74.0,73.5,9.4,14.6,16.2,2025
02282,Yakutat,AK,West,Urban core,100k-249k,26.1,13.6,31.8,14.4,14.1,23.0,71.9,72.4,63.0,9.6,15.2,15.3,2025
02100,Haines,AK,West,Urban core,<25k,33.2,15.4,32.3,19.3,15.1,27.8,73.5,74.6,64.8,14.6,17.9,21.8,2025
02150,Kodiak Island,AK,West,Urban core,25k-99k,24.5,12.5,28.6,12.8,19.0,11.9,74.5,73.1,65.7,10.6,16.1,13.8,2025
04001,Apache,AZ,West,Small town,<25k,28.5,13.0,32.3,24.9,16.5,26.0,71.8,74.5,64.3,10.8,16.1,13.9,2025
04003,Cochise,AZ,West,Urban core,100k-249k,22.4,9.6,28.9,11.1,16.3,18.2,78.1,76.0,69.1,5.5,17.0,16.9,2025
04005,Coconino,AZ,West,Suburban,250k+,28.5,13.3,31.9,18.2,14.6,23.8,73.1,65.8,66.3,11.5,11.2,18.2,2025
04007,Gila,AZ,West,Urban core,250k+,17.6,8.7,28.4,11.3,16.0,17.0,74.4,80.4,65.4,6.6,9.3,12.1,2025
04009,Graham,AZ,West,Urban core,250k+,23.4,9.5,24.6,10.3,18.6,14.5,75.2,73.2,75.6,5.8,17.1,15.4,2025
04011,Greenlee,AZ,West,Small town,250k+,42.4,16.1,36.2,19.9,13.8,24.2,66.6,65.9,64.3,15.4,18.0,20.3,2025
04012,La Paz,AZ,West,Urban core,<25k,19.8,8.3,27.1,4.7,23.3,17.2,76.4,74.2,68.4,3.0,17.4,13.0,2025
04013,Maricopa,AZ,West,Small town,25k-99k,25.2,12.2,27.1,16.0,9.4,23.4,72.8,71.1,68.2,10.3,16.7,17.7,2025
04015,Mohave,AZ,West,Rural,<25k,35.1,12.3,30.6,19.5,20.4,23.5,73.5,69.7,60.7,9.2,9.4,16.6,2025
04017,Navajo,AZ,West,Small town,100k-249k,19.1,6.4,25.7,9.7,18.3,20.5,74.4,70.2,69.0,3.8,16.7,11.3,2025
04019,Pima,AZ,West,Small town,25k-99k,32.0,18.7,28.9,18.4,17.0,21.6,69.7,72.6,63.4,10.8,14.3,19.9,2025
04021,Pinal,AZ,West,Urban core,250k+,23.9,9.8,30.9,11.1,18.3,19.2,76.5,69.1,64.0,7.7,17.8,15.0,2025
04023,Santa Cruz,AZ,West,Urban core,250k+,26.0,13.6,31.1,14.7,18.6,23.7,70.2,67.1,60.8,14.2,18.4,14.2,2025
04025,Yavapai,AZ,West,Small town,<25k,30.9,11.2,29.6,14.7,17.4,24.2,70.3,74.7,67.3,9.7,17.1,14.8,2025
04027,Yuma,AZ,West,Urban core,100k-249k,26.4,14.3,34.4,10.9,17.7,20.1,74.6,69.0,67.2,13.2,17.8,17.2,2025
05049,Fulton,AR,South,Suburban,100k-249k,29.4,11.7,32.3,18.9,16.7,24.0,71.1,72.0,60.5,12.5,13.2,18.2,2025
05051,Garland,AR,South,Rural,100k-249k,40.2,19.4,31.3,22.1,12.5,29.6,66.7,66.2,65.3,16.5,17.6,25.1,2025
05053,Grant,AR,South,Rural,<25k,38.8,18.5,30.1,18.7,14.0,27.0,67.9,65.6,61.6,11.7,10.6,24.1,2025
05055,Greene,AR,South,Rural,<25k,28.5,11.5,29.2,12.0,17.6,19.5,72.9,75.8,68.3,8.6,8.6,13.9,2025
05059,Hot Spring,AR,South,Small town,<25k,48.6,24.0,41.9,28.0,12.7,36.7,68.1,65.8,53.4,19.7,19.5,27.5,2025
05065,Izard,AR,South,Small town,<25k,39.8,18.0,35.3,24.5,12.2,28.2,71.0,70.5,65.8,14.0,17.9,16.4,2025
05071,Johnson,AR,South,Small town,25k-99k,30.1,11.2,26.5,14.1,14.7,22.1,74.6,68.2,70.7,9.8,13.6,15.2,2025
05075,Lawrence,AR,South,Rural,100k-249k,37.7,17.4,33.6,21.6,13.2,29.9,63.1,63.6,60.7,10.0,12.5,18.7,2025
05077,Lee,AR,South,Suburban,<25k,31.1,12.3,26.4,11.8,14.1,16.8,74.5,77.0,68.3,6.5,12.8,12.5,2025
05001,Arkansas,AR,South,Small town,100k-249k,29.1,10.8,27.8,15.7,18.1,23.9,70.0,72.2,68.6,11.0,10.0,17.4,2025
05003,Ashley,AR,South,Urban core,100k-249k,19.8,9.5,24.7,14.9,20.9,19.4,77.4,78.9,72.6,2.0,11.1,10.6,2025
05005,Baxter,AR,South,Small town,25k-99k,32.2,10.6,29.3,14.4,11.4,24.2,69.5,76.8,67.0,10.9,19.0,13.7,2025
05007,Benton,AR,South,Rural,<25k,37.0,17.6,31.6,21.3,19.6,29.5,67.1,67.4,59.2,15.2,16.8,17.0,2025
05011,Bradley,AR,South,Suburban,25k-99k,27.9,9.3,25.1,12.6,15.2,18.3,72.0,75.8,67.5,8.1,13.7,21.5,2025
05013,Calhoun,AR,South,Rural,<25k,32.6,11.6,27.9,19.2,14.3,27.5,72.1,68.0,63.3,7.5,9.1,15.4,2025
05017,Chicot,AR,South,Rural,<25k,37.4,17.2,28.2,19.8,13.0,27.0,68.2,71.5,66.8,11.4,11.8,23.6,2025
05019,Clark,AR,South,Rural,100k-249k,41.3,13.9,29.9,14.4,9.8,28.0,71.3,68.1,64.1,9.7,15.3,24.3,2025
05021,Clay,AR,South,Small town,<25k,37.5,18.2,33.2,19.9,12.6,26.3,74.1,63.2,58.1,16.5,14.8,21.0,2025
05029,Conway,AR,South,Rural,25k-99k,32.4,19.1,32.3,21.2,10.8,30.8,71.2,67.3,73.9,12.8,9.6,20.1,2025
05037,Cross,AR,South,Rural,<25k,34.1,14.4,32.5,15.5,12.8,28.3,71.5,65.1,71.0,11.7,14.5,18.8,2025
05039,Dallas,AR,South,Suburban,<25k,34.4,12.6,37.6,17.2,15.5,24.4,67.1,70.3,67.9,14.1,12.3,20.7,2025
05041,Desha,AR,South,Rural,<25k,38.1,16.3,36.8,15.5,15.0,31.7,70.5,67.0,59.8,12.5,18.0,22.4,2025
05045,Faulkner,AR,South,Small town,100k-249k,22.9,9.6,26.1,11.3,14.8,24.4,79.3,72.1,70.9,7.6,8.8,15.2,2025
05057,Hempstead,AR,South,Rural,<25k,23.6,8.5,23.8,10.7,15.0,22.1,69.6,76.5,69.5,5.0,13.5,12.5,2025
05061,Howard,AR,South,Suburban,100k-249k,31.5,15.2,36.4,11.8,17.6,27.7,70.3,67.2,67.9,13.1,16.7,15.3,2025
05063,Independence,AR,South,Suburban,25k-99k,37.3,18.4,35.5,15.5,16.3,29.2,71.4,71.4,60.7,17.0,17.9,22.6,2025
05067,Jackson,AR,South,Suburban,<25k,38.7,20.5,33.1,17.8,17.3,29.4,70.2,65.2,65.4,15.5,18.8,22.4,2025
05069,Jefferson,AR,South,Small town,250k+,34.6,13.4,31.9,14.1,22.3,25.9,69.4,68.9,62.8,12.3,17.1,18.5,2025
05073,Lafayette,AR,South,Small town,<25k,38.4,15.2,30.4,13.5,17.3,23.7,70.2,66.1,63.3,9.0,13.9,17.4,2025
05081,Little River,AR,South,Suburban,250k+,26.0,9.8,25.0,14.0,14.0,20.2,74.5,71.2,66.8,7.9,18.5,15.7,2025
05085,Lonoke,AR,South,Rural,25k-99k,35.7,13.1,32.6,12.5,17.5,27.4,70.5,67.1,63.2,9.1,14.4,18.3,2025
05091,Miller,AR,South,Small town,250k+,34.3,14.6,33.7,13.9,18.8,25.2,71.0,68.5,62.7,11.3,16.0,20.2,2025
05093,Mississippi,AR,South,Small town,25k-99k,32.6,17.9,31.6,18.7,13.9,25.8,70.6,64.2,68.5,14.6,19.2,23.2,2025
05095,Monroe,AR,South,Suburban,100k-249k,34.3,15.2,33.5,11.8,19.3,21.1,72.4,68.1,64.4,13.2,12.0,18.6,2025
05097,Montgomery,AR,South,Small town,25k-99k,20.8,10.7,28.1,10.7,14.7,21.7,70.6,69.3,69.2,5.2,8.2,12.9,2025
05099,Nevada,AR,South,Suburban,<25k,40.6,15.6,34.6,20.4,21.3,26.5,74.3,69.1,58.2,15.0,19.3,21.9,2025
05103,Ouachita,AR,South,Rural,<25k,28.1,9.8,28.9,13.2,17.8,23.7,70.7,71.8,64.4,9.1,12.6,14.3,2025
05107,Phillips,AR,South,Rural,100k-249k,33.6,14.9,32.0,16.9,18.9,23.9,70.8,70.0,61.6,10.5,16.9,16.0,2025
05109,Pike,AR,South,Small town,100k-249k,24.1,15.2,34.7,20.8,12.2,24.9,70.0,60.7,63.4,17.6,20.1,15.7,2025
05117,Prairie,AR,South,Suburban,25k-99k,25.8,8.0,30.3,16.1,17.4,21.0,69.8,74.8,71.0,10.5,11.8,14.2,2025
05121,Randolph,AR,South,Suburban,<25k,29.4,12.2,29.2,15.7,15.3,21.1,73.8,69.2,65.0,7.5,15.4,12.0,2025
05131,Sebastian,AR,South,Suburban,<25k,31.0,15.0,35.0,17.2,15.7,29.6,71.6,72.0,66.5,17.0,19.9,19.9,2025
05133,Sevier,AR,South,Suburban,<25k,31.3,14.1,32.6,13.9,20.2,24.9,72.5,66.4,67.1,14.1,13.0,22.9,2025
05139,Union,AR,South,Suburban,100k-249k,29.8,15.1,31.2,18.2,15.5,25.0,72.4,73.8,61.2,12.6,14.9,15.9,2025
05145,White,AR,South,Suburban,25k-99k,34.0,12.6,32.4,18.0,14.1,20.8,68.7,69.0,66.7,11.5,17.8,17.5,2025
05147,Woodruff,AR,South,Suburban,25k-99k,46.5,21.0,39.3,17.7,15.2,33.1,68.2,65.6,63.1,15.6,19.3,26.7,2025
05009,Boone,AR,South,Rural,<25k,25.7,8.0,31.0,14.1,20.5,19.9,73.1,70.2,66.8,12.5,12.5,14.8,2025
05015,Carroll,AR,South,Rural,100k-249k,33.6,11.3,30.1,17.7,13.9,24.0,68.6,68.4,70.4,13.4,16.9,17.8,2025
05023,Cleburne,AR,South,Rural,25k-99k,37.4,16.2,32.0,18.3,16.2,32.0,69.7,72.8,68.2,15.0,12.7,18.5,2025
05025,Cleveland,AR,South,Small town,25k-99k,37.9,12.6,33.6,13.5,12.8,26.6,71.2,66.8,63.4,14.4,17.3,20.8,2025
05027,Columbia,AR,South,Small town,25k-99k,31.6,17.1,30.8,23.9,17.9,27.1,67.7,71.5,60.8,10.3,12.3,17.5,2025
05031,Craighead,AR,South,Urban core,25k-99k,28.8,14.5,29.0,11.1,16.0,23.6,74.5,72.4,66.3,11.8,19.5,17.0,2025
05033,Crawford,AR,South,Urban core,250k+,26.6,14.7,31.3,11.6,16.0,21.5,74.9,77.5,74.2,7.7,15.2,15.9,2025
05035,Crittenden,AR,South,Rural,250k+,25.7,9.4,26.6,14.0,17.2,17.4,74.4,69.0,64.2,7.9,7.0,13.7,2025
05043,Drew,AR,South,Suburban,100k-249k,34.0,13.5,29.0,14.2,12.9,19.9,70.5,71.1,67.9,7.4,16.3,15.6,2025
05047,Franklin,AR,South,Small town,25k-99k,25.1,9.0,25.3,13.3,17.6,17.8,76.3,72.2,65.2,6.9,14.1,12.2,2025
05143,Washington,AR,South,Small town,<25k,21.6,10.6,26.3,10.5,15.8,27.5,69.4,76.7,69.0,9.2,13.2,16.0,2025
05149,Yell,AR,South,Suburban,25k-99k,33.1,15.9,31.0,16.0,17.8,23.2,69.5,66.5,60.8,10.1,21.8,22.7,2025
05079,Lincoln,AR,South,Small town,25k-99k,39.9,19.3,36.1,23.0,16.0,31.0,70.9,66.7,66.4,17.1,18.9,20.2,2025
05083,Logan,AR,South,Rural,250k+,30.2,10.6,31.9,22.0,15.9,26.4,69.4,69.0,60.8,11.2,10.8,16.6,2025
05087,Madison,AR,South,Small town,100k-249k,32.8,14.3,34.3,14.7,15.6,25.1,73.7,70.8,68.6,10.0,19.7,19.4,2025
05089,Marion,AR,South,Urban core,100k-249k,33.9,17.3,40.2,16.9,14.5,25.5,68.6,70.1,67.6,17.3,21.6,23.7,2025
05101,Newton,AR,South,Rural,<25k,37.1,15.9,34.8,14.6,11.8,27.1,65.4,66.0,67.6,6.2,14.1,19.0,2025
05105,Perry,AR,South,Small town,25k-99k,26.6,11.4,27.0,17.0,16.4,19.2,75.0,75.5,65.4,11.5,14.5,18.6,2025
05111,Poinsett,AR,South,Rural,25k-99k,33.5,18.6,29.3,18.5,15.0,28.4,64.1,68.1,61.4,11.6,12.1,20.2,2025
05113,Polk,AR,South,Small town,250k+,40.9,19.4,36.7,15.3,10.3,27.7,69.3,64.7,63.1,15.2,18.3,20.5,2025
05115,Pope,AR,South,Rural,<25k,33.8,13.3,30.7,11.5,18.5,29.5,69.1,68.3,66.7,8.5,10.8,15.9,2025
05119,Pulaski,AR,South,Rural,<25k,29.2,12.1,27.6,16.1,14.2,24.5,70.7,73.1,66.7,8.7,11.9,15.3,2025
05123,St. Francis,AR,South,Urban core,<25k,28.1,14.9,34.1,18.2,20.1,25.7,74.6,71.5,66.6,12.2,21.5,21.4,2025
05125,Saline,AR,South,Urban core,<25k,30.9,16.0,35.6,19.8,22.9,25.1,71.0,74.1,65.1,10.2,12.2,18.6,2025
05127,Scott,AR,South,Small town,<25k,35.5,18.5,33.1,20.5,13.0,24.1,70.9,71.0,73.1,15.1,18.1,17.2,2025
05129,Searcy,AR,South,Rural,<25k,28.8,11.4,29.2,21.4,16.8,21.8,69.7,69.6,61.8,9.8,15.0,15.2,2025
05135,Sharp,AR,South,Small town,25k-99k,25.1,13.5,27.2,16.6,17.4,27.5,69.0,72.0,71.0,5.4,10.1,17.6,2025
05137,Stone,AR,South,Small town,25k-99k,42.1,18.9,34.8,21.4,14.9,32.5,67.5,64.7,60.9,11.9,24.3,21.3,2025
05141,Van Buren,AR,South,Rural,<25k,37.7,18.3,34.6,18.9,11.9,32.8,65.6,57.9,63.2,15.5,12.3,21.0,2025
06035,Lassen,CA,West,Rural,25k-99k,31.0,14.7,30.9,17.6,12.2,28.9,68.1,65.5,58.5,10.6,11.6,14.4,2025
06049,Modoc,CA,West,Suburban,25k-99k,34.7,16.1,31.8,11.9,16.2,22.1,73.2,67.8,68.7,8.3,12.5,15.6,2025
06075,San Francisco,CA,West,Urban core,25k-99k,28.9,14.0,28.5,11.4,19.8,20.7,73.0,77.5,62.8,8.6,11.7,13.3,2025
06083,Santa Barbara,CA,West,Suburban,25k-99k,22.1,9.5,29.6,11.7,21.5,20.6,72.1,70.5,67.1,4.4,11.5,10.7,2025
06091,Sierra,CA,West,Rural,<25k,33.7,13.5,34.5,18.3,14.6,23.4,73.3,69.8,59.4,6.6,11.5,18.8,2025
06095,Solano,CA,West,Suburban,<25k,35.4,13.4,32.1,16.9,18.4,22.6,73.7,67.9,64.9,6.5,13.3,19.3,2025
06101,Sutter,CA,West,Rural,250k+,35.1,12.6,30.8,15.7,15.8,22.2,67.2,62.0,65.3,11.0,14.7,17.4,2025
06105,Trinity,CA,West,Rural,25k-99k,39.4,14.9,37.7,19.3,13.6,28.8,66.5,69.4,58.1,13.3,16.7,18.4,2025
06111,Ventura,CA,West,Urban core,250k+,25.9,15.2,29.8,17.5,14.8,23.7,72.4,70.7,67.5,13.3,16.4,16.1,2025
06115,Yuba,CA,West,Urban core,25k-99k,19.6,4.0,22.0,10.3,17.9,16.0,78.2,79.6,68.6,6.2,16.3,9.3,2025
06033,Lake,CA,West,Urban core,25k-99k,30.0,12.6,29.5,14.7,16.2,18.9,76.2,72.2,78.3,10.1,17.7,13.7,2025
06071,San Bernardino,CA,West,Suburban,100k-249k,31.6,12.1,32.4,16.3,15.1,24.9,71.8,74.8,65.6,11.8,12.2,16.3,2025
06087,Santa Cruz,CA,West,Urban core,25k-99k,30.7,16.3,36.2,15.7,17.4,20.1,74.3,69.1,65.8,10.2,17.8,18.8,2025
06001,Alameda,CA,West,Urban core,250k+,30.2,12.5,31.2,14.9,18.4,21.9,69.8,66.9,71.1,15.9,17.8,15.0,2025
06003,Alpine,CA,West,Rural,100k-249k,19.9,8.7,25.9,13.2,19.6,20.7,71.1,65.8,64.3,9.9,13.2,15.1,2025
06005,Amador,CA,West,Urban core,100k-249k,26.8,16.0,32.9,15.5,13.2,21.7,72.9,73.2,66.0,5.9,18.5,16.5,2025
06007,Butte,CA,West,Urban core,250k+,25.7,10.9,26.9,9.8,17.5,21.0,69.8,73.2,67.1,4.4,13.3,14.5,2025
06009,Calaveras,CA,West,Small town,<25k,33.3,12.9,34.5,19.9,13.4,25.9,67.3,65.8,67.7,15.6,12.7,16.5,2025
06011,Colusa,CA,West,Rural,100k-249k,29.4,14.3,31.9,18.3,16.6,28.0,69.3,66.2,65.8,8.0,14.6,16.5,2025
06013,Contra Costa,CA,West,Urban core,25k-99k,28.5,11.6,33.0,10.5,19.2,23.2,71.6,71.4,62.0,11.9,13.3,14.7,2025
06015,Del Norte,CA,West,Small town,250k+,27.0,8.8,23.2,12.5,16.4,20.5,69.5,68.9,73.4,7.8,13.3,14.0,2025
06017,El Dorado,CA,West,Rural,100k-249k,38.3,17.8,37.2,18.7,12.9,30.7,73.0,71.0,68.3,12.6,20.2,19.6,2025
06019,Fresno,CA,West,Suburban,25k-99k,31.6,10.3,30.1,12.7,17.9,24.1,71.8,73.9,66.7,15.8,16.3,13.5,2025
06021,Glenn,CA,West,Small town,<25k,21.1,8.4,22.7,9.9,14.2,20.6,72.2,69.2,68.9,8.6,6.9,17.8,2025
06023,Humboldt,CA,West,Small town,250k+,35.3,14.2,32.8,17.3,12.4,26.2,73.8,69.4,69.6,11.6,16.3,17.6,2025
06025,Imperial,CA,West,Small town,250k+,24.7,9.7,31.0,10.4,12.6,19.3,73.6,67.5,65.6,12.3,13.8,16.6,2025
06027,Inyo,CA,West,Urban core,25k-99k,25.6,8.8,25.1,10.4,15.6,12.8,76.3,69.3,69.0,3.8,11.9,11.6,2025
06029,Kern,CA,West,Small town,<25k,30.9,13.2,31.1,17.6,15.6,24.3,69.7,66.9,61.9,12.0,17.9,18.3,2025
06031,Kings,CA,West,Suburban,25k-99k,28.4,13.3,33.6,12.3,18.0,23.5,74.6,71.9,61.1,15.5,14.4,20.7,2025
06037,Los Angeles,CA,West,Rural,250k+,28.4,8.4,25.7,15.5,18.9,21.0,76.5,76.7,72.1,6.4,12.9,12.8,2025
06039,Madera,CA,West,Rural,<25k,28.4,11.1,30.5,12.7,16.4,26.5,70.7,69.2,63.2,9.9,9.9,15.7,2025
06041,Marin,CA,West,Rural,25k-99k,31.0,14.7,33.1,19.9,17.5,31.0,70.5,65.0,62.1,16.4,16.7,20.1,2025
06043,Mariposa,CA,West,Rural,250k+,35.8,16.8,33.3,21.6,19.8,28.1,66.5,66.3,61.7,13.1,15.5,19.2,2025
06045,Mendocino,CA,West,Urban core,25k-99k,36.5,17.3,37.1,15.7,14.7,25.2,66.1,69.7,63.4,13.8,20.2,21.2,2025
06047,Merced,CA,West,Urban core,25k-99k,26.0,11.3,27.6,9.8,26.1,13.5,71.4,70.1,74.2,11.3,18.8,13.2,2025
06051,Mono,CA,West,Suburban,100k-249k,23.8,10.8,29.7,12.3,23.0,18.8,71.6,78.2,68.6,8.8,12.9,14.8,2025
06053,Monterey,CA,West,Urban core,<25k,25.4,16.8,33.5,17.6,15.7,27.0,72.4,70.4,67.7,13.0,16.6,17.3,2025
06055,Napa,CA,West,Urban core,<25k,37.7,15.8,33.6,16.8,19.1,27.6,70.8,67.6,66.3,11.2,21.4,17.8,2025
06057,Nevada,CA,West,Urban core,250k+,26.4,11.6,27.8,12.4,16.3,20.2,75.6,76.6,71.2,10.1,9.9,15.6,2025
06059,Orange,CA,West,Urban core,25k-99k,20.4,10.0,27.4,15.2,22.3,17.3,74.8,76.8,79.2,8.7,18.4,13.0,2025
06061,Placer,CA,West,Small town,25k-99k,25.8,7.4,29.3,13.5,15.1,20.2,73.5,74.0,69.5,8.3,12.3,15.0,2025
06063,Plumas,CA,West,Urban core,25k-99k,22.3,9.0,28.6,14.7,19.2,14.6,71.4,73.9,67.7,8.4,14.4,16.9,2025
06065,Riverside,CA,West,Rural,<25k,35.6,16.3,33.2,19.8,9.9,26.3,72.3,64.3,66.2,16.5,18.0,22.0,2025
06067,Sacramento,CA,West,Rural,<25k,36.2,14.8,33.6,17.9,13.5,24.7,71.3,66.1,68.6,7.8,14.9,21.4,2025
06069,San Benito,CA,West,Suburban,25k-99k,30.2,11.6,32.8,16.5,19.1,28.2,73.8,75.6,65.6,11.3,14.2,16.2,2025
06073,San Diego,CA,West,Suburban,250k+,29.0,14.3,29.0,19.7,13.8,20.6,75.9,71.5,64.1,9.8,12.4,11.2,2025
06077,San Joaquin,CA,West,Suburban,25k-99k,22.6,10.4,28.8,13.7,19.6,17.7,75.9,75.6,67.4,5.1,11.5,14.0,2025
06079,San Luis Obispo,CA,West,Urban core,<25k,32.8,16.7,34.6,14.0,13.3,28.8,67.7,74.3,61.8,10.9,16.6,17.4,2025
06081,San Mateo,CA,West,Urban core,<25k,25.7,11.3,27.2,11.3,17.0,20.9,74.8,77.2,66.4,8.1,17.2,17.4,2025
06085,Santa Clara,CA,West,Suburban,<25k,19.9,7.9,24.0,13.4,13.6,17.8,76.2,69.8,65.2,6.3,12.5,8.0,2025
06089,Shasta,CA,West,Rural,25k-99k,35.2,15.4,30.9,16.6,16.4,24.0,71.8,75.1,58.7,15.1,19.3,20.4,2025
06093,Siskiyou,CA,West,Urban core,<25k,22.5,7.9,29.1,12.0,19.7,17.2,75.1,72.9,69.4,6.3,18.5,10.3,2025
06097,Sonoma,CA,West,Suburban,250k+,34.6,17.1,33.9,22.2,18.9,28.2,72.6,71.1,65.6,17.3,15.4,19.3,2025
06099,Stanislaus,CA,West,Rural,25k-99k,27.5,8.2,29.6,14.0,13.8,24.3,70.2,69.0,66.4,14.0,10.9,14.3,2025
06103,Tehama,CA,West,Small town,<25k,30.3,11.4,29.0,20.4,16.5,28.5,73.0,67.1,70.8,9.0,15.3,18.4,2025
06107,Tulare,CA,West,Suburban,100k-249k,29.5,15.2,33.8,19.2,21.3,32.5,69.6,69.9,62.4,9.2,12.6,18.0,2025
06109,Tuolumne,CA,West,Rural,100k-249k,22.8,8.8,27.0,13.8,17.6,25.0,71.4,67.4,66.4,6.3,9.8,10.9,2025
06113,Yolo,CA,West,Small town,25k-99k,27.6,10.7,25.7,13.3,17.6,25.4,70.8,69.6,64.5,3.9,11.3,18.1,2025
08053,Hinsdale,CO,West,Small town,<25k,29.8,14.6,33.5,9.7,13.3,26.8,69.9,74.8,61.5,13.4,14.7,21.7,2025
08061,Kiowa,CO,West,Small town,<25k,33.9,14.0,32.0,22.1,16.8,27.5,68.9,69.1,63.0,15.8,10.8,17.0,2025
08063,Kit Carson,CO,West,Urban core,<25k,21.2,9.8,25.1,6.7,17.0,19.4,77.0,76.5,67.9,6.8,9.6,16.8,2025
08071,Las Animas,CO,West,Suburban,25k-99k,27.1,12.4,29.0,17.1,15.6,19.0,73.9,72.1,66.0,6.5,12.8,16.0,2025
08073,Lincoln,CO,West,Urban core,250k+,16.7,6.0,21.7,10.9,18.1,21.0,76.4,75.4,72.8,8.5,15.8,10.0,2025
08075,Logan,CO,West,Suburban,250k+,32.5,15.1,35.6,17.9,15.8,22.4,69.2,66.4,63.6,14.1,16.1,20.2,2025
08079,Mineral,CO,West,Small town,25k-99k,30.0,12.9,29.5,21.2,14.1,20.0,69.8,69.8,58.5,9.9,15.1,17.2,2025
08085,Montrose,CO,West,Urban core,25k-99k,30.4,15.8,33.4,20.3,16.1,22.4,73.8,72.6,66.9,15.9,17.1,16.6,2025
08087,Morgan,CO,West,Small town,25k-99k,44.2,22.1,39.3,25.7,13.1,30.4,68.3,67.1,62.8,20.3,18.9,25.7,2025
08089,Otero,CO,West,Urban core,<25k,37.0,16.0,35.1,14.2,16.2,27.5,71.6,68.5,64.1,10.4,18.7,19.6,2025
08095,Phillips,CO,West,Rural,<25k,28.7,12.9,30.0,18.6,16.0,26.0,73.3,64.7,62.6,11.0,16.3,18.8,2025
08099,Prowers,CO,West,Urban core,<25k,32.4,14.3,34.3,16.7,14.5,20.1,73.5,68.5,65.1,12.7,15.7,18.8,2025
08101,Pueblo,CO,West,Suburban,25k-99k,34.3,14.7,32.2,16.0,14.5,24.9,71.4,68.9,65.5,13.8,13.4,15.6,2025
08103,Rio Blanco,CO,West,Suburban,<25k,35.7,16.1,36.3,19.2,19.0,23.4,68.6,65.5,63.7,15.7,17.0,19.8,2025
08105,Rio Grande,CO,West,Small town,25k-99k,28.6,12.0,28.0,19.5,19.0,22.7,76.8,70.1,71.8,12.4,13.6,17.1,2025
08001,Adams,CO,West,Small town,<25k,33.6,10.8,28.6,15.0,17.9,27.6,69.0,69.4,62.9,9.0,15.4,22.8,2025
08003,Alamosa,CO,West,Rural,25k-99k,31.1,12.8,31.5,18.5,17.1,26.9,70.6,69.2,63.8,10.4,10.6,20.6,2025
08005,Arapahoe,CO,West,Suburban,250k+,19.7,8.5,24.7,13.5,19.2,16.6,72.4,72.3,70.0,6.6,19.0,14.3,2025
08007,Archuleta,CO,West,Suburban,<25k,29.4,9.5,33.4,18.4,13.0,21.7,70.0,73.4,64.9,11.9,12.8,16.2,2025
08009,Baca,CO,West,Small town,250k+,34.9,14.7,32.6,17.3,13.4,26.6,70.9,67.6,66.5,11.4,19.3,19.3,2025
08011,Bent,CO,West,Small town,<25k,24.5,5.9,23.0,11.3,20.0,20.6,78.1,73.2,72.3,5.6,11.7,9.0,2025
08013,Boulder,CO,West,Small town,250k+,31.7,12.2,34.9,20.7,18.8,23.9,72.0,72.2,68.3,14.1,16.5,16.5,2025
08015,Chaffee,CO,West,Urban core,250k+,28.2,12.4,30.5,13.1,15.7,19.8,77.4,70.4,67.6,9.0,18.5,17.5,2025
08019,Clear Creek,CO,West,Rural,25k-99k,25.4,7.6,23.9,17.8,14.6,23.6,72.3,74.2,67.2,6.6,10.2,14.8,2025
08023,Costilla,CO,West,Suburban,25k-99k,36.7,14.2,33.6,16.6,18.5,26.3,71.1,70.5,63.5,9.7,15.4,15.7,2025
08027,Custer,CO,West,Suburban,100k-249k,35.1,13.5,30.8,16.6,16.3,23.4,71.1,72.2,61.9,12.7,17.2,19.4,2025
08029,Delta,CO,West,Suburban,250k+,27.4,16.7,33.9,10.3,19.0,25.8,75.2,69.4,59.5,14.7,15.9,23.6,2025
08031,Denver,CO,West,Suburban,<25k,23.5,10.6,25.2,11.5,16.9,25.2,72.1,71.2,71.3,8.4,19.4,16.2,2025
08035,Douglas,CO,West,Suburban,25k-99k,26.8,13.4,31.0,16.9,19.6,23.8,73.1,73.8,64.2,10.3,14.0,15.6,2025
08037,Eagle,CO,West,Rural,100k-249k,37.5,10.9,34.7,21.3,18.2,26.1,70.9,64.8,64.3,17.7,16.7,22.0,2025
08049,Grand,CO,West,Suburban,<25k,26.0,11.6,28.5,13.9,20.6,17.4,71.6,76.2,70.8,10.8,15.7,12.9,2025
08051,Gunnison,CO,West,Suburban,100k-249k,30.8,15.0,29.0,12.0,20.4,22.9,74.0,74.8,62.5,8.8,14.4,17.7,2025
08055,Huerfano,CO,West,Urban core,250k+,22.7,16.2,30.1,16.0,15.7,14.9,74.9,74.1,64.3,9.0,16.2,12.6,2025
08057,Jackson,CO,West,Suburban,<25k,30.5,15.5,31.0,13.4,16.4,24.5,69.8,64.1,69.6,12.2,12.8,19.3,2025
08059,Jefferson,CO,West,Rural,25k-99k,38.9,18.6,37.0,17.2,14.7,28.4,65.8,69.1,57.5,12.6,16.7,22.3,2025
08065,Lake,CO,West,Rural,100k-249k,21.2,9.0,21.4,7.5,15.3,19.0,73.1,75.9,66.4,3.9,7.4,13.8,2025
08067,La Plata,CO,West,Urban core,25k-99k,26.1,13.8,31.1,10.9,18.7,23.7,72.2,77.9,66.4,8.2,20.2,19.4,2025
08069,Larimer,CO,West,Urban core,250k+,27.0,15.1,28.9,13.5,18.0,19.8,73.1,69.0,62.5,9.3,8.5,11.9,2025
08077,Mesa,CO,West,Urban core,<25k,22.6,13.1,28.4,8.6,20.5,16.7,76.9,71.9,71.5,9.8,13.2,15.5,2025
08081,Moffat,CO,West,Urban core,<25k,23.8,12.3,30.9,14.5,15.7,18.6,74.4,70.3,63.8,7.2,17.9,18.1,2025
08083,Montezuma,CO,West,Urban core,100k-249k,28.3,11.2,27.0,12.8,13.3,18.5,70.7,78.6,66.8,4.7,15.2,18.7,2025
08091,Ouray,CO,West,Suburban,25k-99k,31.7,14.4,31.1,16.8,17.3,26.4,72.7,72.0,59.8,9.2,13.7,21.8,2025
08093,Park,CO,West,Suburban,25k-99k,34.5,18.0,33.8,23.2,14.9,29.4,69.3,64.9,65.6,16.8,17.4,23.0,2025
08097,Pitkin,CO,West,Rural,100k-249k,31.1,17.0,32.0,19.8,16.5,20.6,68.1,68.0,61.5,12.6,16.2,15.3,2025
08107,Routt,CO,West,Rural,<25k,24.3,6.1,24.9,12.0,17.2,20.5,74.9,70.9,71.6,6.8,11.0,14.4,2025
08109,Saguache,CO,West,Small town,<25k,25.9,12.3,24.3,17.5,18.5,16.9,74.8,69.9,65.3,7.0,12.2,16.8,2025
08111,San Juan,CO,West,Small town,25k-99k,22.4,8.8,29.8,13.7,20.5,18.3,69.8,71.7,68.7,9.7,12.4,11.7,2025
08113,San Miguel,CO,West,Rural,100k-249k,44.4,16.3,38.3,23.6,15.1,29.1,66.4,63.5,60.6,16.1,22.1,19.9,2025
08117,Summit,CO,West,Urban core,250k+,24.6,12.9,29.3,9.7,18.8,22.9,75.0,72.2,72.7,8.6,18.1,18.9,2025
08014,Broomfield,CO,West,Small town,<25k,34.9,13.4,29.6,16.3,12.8,28.0,72.4,67.0,68.2,9.3,12.9,15.0,2025
08017,Cheyenne,CO,West,Small town,25k-99k,26.6,13.4,31.5,8.2,19.4,22.8,70.0,69.1,63.7,12.9,17.4,16.2,2025
08021,Conejos,CO,West,Urban core,<25k,22.8,14.5,28.4,12.3,21.7,17.6,76.7,70.0,70.6,9.5,12.3,12.1,2025
08025,Crowley,CO,West,Suburban,100k-249k,37.1,15.9,32.5,14.9,16.1,27.3,71.9,69.9,67.2,13.7,23.6,23.7,2025
08033,Dolores,CO,West,Rural,250k+,33.2,12.3,30.5,22.4,14.8,27.7,69.7,73.3,69.4,9.1,15.2,18.2,2025
08039,Elbert,CO,West,Urban core,25k-99k,22.5,11.8,26.8,11.0,17.9,17.7,75.1,72.7,67.1,9.5,18.2,11.4,2025
08041,El Paso,CO,West,Suburban,100k-249k,21.9,13.3,31.1,17.8,15.3,19.8,73.1,71.5,69.0,9.7,13.0,13.3,2025
08043,Fremont,CO,West,Small town,25k-99k,28.6,7.7,28.1,12.1,10.9,20.5,71.3,71.7,68.5,9.0,11.4,17.1,2025
08045,Garfield,CO,West,Urban core,250k+,31.7,14.4,33.0,10.5,19.0,23.5,76.1,70.5,64.8,13.6,18.7,17.6,2025
08047,Gilpin,CO,West,Rural,250k+,27.1,11.8,31.0,19.8,15.3,23.6,68.7,70.0,64.9,10.6,11.4,19.2,2025
08115,Sedgwick,CO,West,Small town,25k-99k,26.7,12.4,29.0,17.5,11.3,24.2,70.7,74.5,67.1,8.3,15.5,13.9,2025
08119,Teller,CO,West,Urban core,250k+,33.8,15.6,37.6,16.5,17.5,29.5,66.7,65.7,58.2,16.4,19.7,19.5,2025
08121,Washington,CO,West,Rural,<25k,31.7,10.0,26.4,18.9,16.7,21.9,72.1,76.4,68.4,7.5,12.7,19.0,2025
08123,Weld,CO,West,Suburban,250k+,28.2,13.1,31.3,12.0,13.5,23.9,68.4,75.3,62.0,8.5,16.4,15.8,2025
08125,Yuma,CO,West,Rural,<25k,26.2,9.6,27.9,14.9,19.0,23.2,72.2,73.0,68.0,8.2,8.6,13.3,2025
09001,Fairfield,CT,Northeast,Small town,100k-249k,37.0,19.0,33.8,20.1,15.0,24.7,70.4,66.6,62.6,13.6,16.2,22.1,2025
09003,Hartford,CT,Northeast,Small town,250k+,40.0,17.3,40.2,20.6,14.3,33.2,72.8,65.9,61.4,12.3,21.3,21.4,2025
09005,Litchfield,CT,Northeast,Small town,250k+,28.4,9.5,26.5,15.7,17.3,17.4,73.0,71.7,64.3,4.9,17.4,13.9,2025
09007,Middlesex,CT,Northeast,Rural,<25k,30.0,8.9,27.8,17.2,13.3,23.0,75.2,73.1,66.5,5.2,14.0,16.1,2025
09009,New Haven,CT,Northeast,Urban core,250k+,28.3,13.8,25.4,12.0,13.1,19.8,74.7,68.8,63.3,9.8,13.8,12.8,2025
09011,New London,CT,Northeast,Urban core,<25k,26.6,12.6,30.3,17.5,21.8,26.2,74.9,78.2,69.4,11.3,12.1,14.7,2025
09013,Tolland,CT,Northeast,Suburban,<25k,24.7,10.0,26.1,13.1,18.3,16.7,78.2,77.5,70.3,5.0,11.0,14.3,2025
09015,Windham,CT,Northeast,Urban core,100k-249k,25.8,9.4,31.0,8.5,17.8,18.1,74.1,79.1,72.8,4.4,22.4,18.2,2025
10001,Kent,DE,South,Small town,<25k,39.2,17.7,32.1,19.2,20.8,27.3,70.2,64.7,60.1,12.7,20.0,23.2,2025
10003,New Castle,DE,South,Suburban,100k-249k,34.0,14.4,31.5,12.9,21.5,24.7,76.9,73.1,67.1,11.1,16.8,15.4,2025
10005,Sussex,DE,South,Rural,<25k,22.2,10.1,23.5,13.6,15.7,24.8,72.9,76.0,71.4,6.8,13.2,13.0,2025
11001,District of Columbia,DC,South,Small town,<25k,40.5,18.9,36.4,19.5,14.8,28.2,71.1,72.4,62.5,14.6,21.7,19.2,2025
12013,Calhoun,FL,South,Rural,<25k,31.4,11.0,24.4,20.3,10.0,24.3,71.6,74.3,69.1,9.4,8.0,13.9,2025
12015,Charlotte,FL,South,Suburban,25k-99k,46.9,22.1,40.0,23.2,17.5,30.9,67.1,67.0,56.7,18.5,20.3,22.8,2025
12019,Clay,FL,South,Small town,25k-99k,40.5,15.2,33.1,16.9,15.0,24.1,73.6,73.1,60.3,14.2,18.9,27.3,2025
12021,Collier,FL,South,Rural,100k-249k,28.3,13.9,32.6,17.5,11.0,31.0,74.2,71.6,62.5,12.2,18.4,16.2,2025
12027,DeSoto,FL,South,Suburban,<25k,36.8,18.4,34.3,18.0,10.2,26.6,73.1,63.0,66.4,18.3,20.1,18.7,2025
12035,Flagler,FL,South,Small town,25k-99k,33.5,13.9,37.1,13.4,12.8,25.8,68.9,77.3,64.8,8.8,10.8,17.9,2025
12067,Lafayette,FL,South,Small town,250k+,38.0,17.8,35.1,16.7,12.4,31.6,70.7,65.8,58.4,13.5,12.5,22.5,2025
12081,Manatee,FL,South,Urban core,<25k,21.0,12.3,27.5,12.3,18.1,21.8,73.8,70.9,67.9,11.0,20.0,9.5,2025
12085,Martin,FL,South,Urban core,25k-99k,27.1,13.1,31.9,14.6,15.8,21.0,74.3,71.2,65.9,15.1,23.0,17.9,2025
12087,Monroe,FL,South,Small town,250k+,29.2,13.1,30.6,9.6,19.9,22.0,75.9,72.7,63.2,8.9,10.2,15.3,2025
12091,Okaloosa,FL,South,Urban core,100k-249k,24.6,17.9,29.3,13.6,15.8,24.1,72.9,66.3,67.8,12.0,20.1,19.2,2025
12099,Palm Beach,FL,South,Urban core,<25k,36.2,16.4,29.3,16.1,19.5,24.7,72.7,68.6,62.0,14.0,16.2,21.0,2025
12105,Polk,FL,South,Rural,25k-99k,29.1,15.8,37.3,16.3,15.1,29.1,72.8,69.1,64.4,11.6,12.8,15.5,2025
12107,Putnam,FL,South,Small town,250k+,24.5,10.4,23.6,8.0,11.8,23.8,75.6,73.7,76.7,6.0,9.9,12.6,2025
12109,St. Johns,FL,South,Rural,250k+,34.1,12.8,28.6,20.0,13.3,24.8,71.9,66.7,68.6,14.4,10.9,15.6,2025
12111,St. Lucie,FL,South,Suburban,100k-249k,34.4,17.0,34.2,21.2,15.8,24.2,73.9,64.1,62.7,10.1,17.7,18.8,2025
12043,Glades,FL,South,Rural,<25k,29.0,8.9,28.0,8.8,17.8,20.2,74.2,72.5,71.3,2.7,13.5,15.0,2025
12049,Hardee,FL,South,Rural,250k+,47.3,21.4,40.1,22.2,12.6,31.6,65.3,64.5,62.8,18.5,17.1,26.3,2025
12051,Hendry,FL,South,Urban core,25k-99k,28.8,14.1,36.6,21.5,18.6,24.9,68.2,72.0,68.3,15.6,21.6,22.5,2025
12053,Hernando,FL,South,Rural,<25k,30.0,12.5,30.9,20.9,19.0,27.6,70.7,65.6,65.6,7.0,18.3,18.6,2025
12059,Holmes,FL,South,Small town,<25k,34.5,16.5,29.9,19.1,16.1,26.4,75.7,66.4,65.9,9.4,12.4,20.3,2025
12061,Indian River,FL,South,Small town,<25k,29.9,14.7,33.5,13.2,16.7,23.7,72.3,69.1,66.1,12.8,12.7,16.1,2025
12001,Alachua,FL,South,Rural,<25k,43.0,16.2,33.2,22.1,14.6,29.5,68.9,65.0,59.2,9.4,17.6,23.4,2025
12003,Baker,FL,South,Rural,25k-99k,31.4,14.4,27.2,16.8,16.8,27.4,68.9,76.8,63.8,7.5,11.6,14.6,2025
12005,Bay,FL,South,Small town,250k+,29.2,14.5,30.2,15.1,13.4,28.7,70.2,74.8,62.7,14.4,13.3,17.6,2025
12007,Bradford,FL,South,Small town,250k+,42.0,18.5,36.1,23.1,9.8,28.3,70.3,64.0,60.7,14.4,16.8,22.9,2025
12009,Brevard,FL,South,Small town,25k-99k,33.5,18.6,36.5,21.7,12.9,29.1,72.7,65.8,65.2,15.1,15.4,22.9,2025
12011,Broward,FL,South,Small town,25k-99k,25.9,9.8,28.8,12.3,15.1,22.1,73.3,71.4,66.1,6.7,9.6,12.9,2025
12029,Dixie,FL,South,Small town,25k-99k,24.7,11.9,27.4,14.8,16.2,26.0,70.3,73.3,64.7,6.4,18.2,16.6,2025
12031,Duval,FL,South,Suburban,100k-249k,32.5,15.3,31.1,14.5,13.5,18.3,72.3,69.7,64.6,8.5,14.0,19.1,2025
12033,Escambia,FL,South,Rural,25k-99k,42.4,18.8,42.0,21.3,13.6,28.2,65.1,67.0,61.2,16.7,20.2,25.2,2025
12037,Franklin,FL,South,Small town,25k-99k,37.6,15.7,37.1,22.5,13.4,29.6,67.2,67.6,58.1,17.4,18.6,23.2,2025
12039,Gadsden,FL,South,Rural,<25k,38.5,18.4,35.2,17.6,14.7,27.4,68.3,72.6,58.3,15.2,16.5,17.4,2025
12041,Gilchrist,FL,South,Small town,25k-99k,35.8,15.5,27.9,15.6,13.6,25.0,69.2,70.0,62.7,11.7,16.1,17.8,2025
12045,Gulf,FL,South,Suburban,25k-99k,35.2,16.2,33.1,13.6,16.3,28.2,71.2,68.8,67.1,15.2,19.7,20.7,2025
12047,Hamilton,FL,South,Small town,250k+,32.3,18.2,35.2,17.7,17.7,31.2,70.1,70.5,68.1,10.4,14.5,19.2,2025
12055,Highlands,FL,South,Suburban,100k-249k,31.1,14.4,32.6,17.9,18.3,25.1,70.4,70.4,70.9,14.2,18.6,20.7,2025
12057,Hillsborough,FL,South,Small town,100k-249k,30.3,7.7,27.5,14.1,14.7,19.3,74.8,71.2,66.6,8.2,10.9,16.9,2025
12063,Jackson,FL,South,Rural,100k-249k,34.4,17.4,33.3,19.5,13.2,32.2,70.3,66.7,63.6,16.1,16.5,19.8,2025
12065,Jefferson,FL,South,Urban core,25k-99k,29.2,12.5,28.9,15.3,17.8,26.4,72.6,69.7,68.9,9.8,12.5,16.7,2025
12069,Lake,FL,South,Small town,250k+,26.9,13.1,31.8,13.3,17.8,26.6,68.3,68.8,66.2,7.3,12.7,13.1,2025
12071,Lee,FL,South,Rural,250k+,34.0,10.3,28.3,15.6,16.7,21.0,72.0,71.7,64.0,8.0,13.6,14.7,2025
12073,Leon,FL,South,Suburban,<25k,32.0,13.8,31.2,14.1,19.9,25.7,71.0,66.3,64.6,7.6,15.7,18.5,2025
12077,Liberty,FL,South,Suburban,25k-99k,35.9,16.6,28.7,14.4,18.9,26.3,69.1,72.4,64.3,16.5,14.7,18.1,2025
12079,Madison,FL,South,Suburban,<25k,25.5,11.4,27.0,12.4,14.8,21.0,74.8,70.1,70.7,10.3,13.6,12.7,2025
12083,Marion,FL,South,Rural,250k+,40.6,20.3,38.8,19.1,17.4,27.5,68.9,66.7,63.5,16.8,15.4,22.5,2025
12086,Miami-Dade,FL,South,Rural,25k-99k,44.2,18.0,37.5,20.3,8.2,34.1,66.3,64.1,60.0,16.5,15.9,21.4,2025
12089,Nassau,FL,South,Rural,100k-249k,26.0,9.0,27.5,13.8,19.5,22.1,72.1,72.1,70.3,5.4,12.1,17.0,2025
12093,Okeechobee,FL,South,Rural,<25k,36.8,16.5,33.8,18.8,11.1,26.9,67.4,68.3,60.0,11.4,17.5,23.3,2025
12095,Orange,FL,South,Rural,<25k,35.7,13.1,31.0,15.0,9.6,26.1,70.4,74.8,61.0,14.3,15.7,19.3,2025
12097,Osceola,FL,South,Suburban,250k+,30.7,16.4,29.9,17.2,20.2,24.5,72.5,73.1,62.5,11.0,19.0,14.1,2025
12101,Pasco,FL,South,Urban core,<25k,26.7,9.6,29.2,15.4,18.5,20.8,76.0,72.5,70.5,10.7,13.8,16.0,2025
12103,Pinellas,FL,South,Small town,25k-99k,34.4,14.6,35.3,17.5,16.8,29.2,70.5,70.2,62.9,15.2,17.1,19.6,2025
12113,Santa Rosa,FL,South,Urban core,25k-99k,34.2,17.8,34.3,15.5,14.6,27.3,70.0,66.5,56.8,17.0,19.4,21.6,2025
12117,Seminole,FL,South,Rural,25k-99k,31.1,11.6,27.0,12.7,12.0,20.2,72.6,72.0,66.4,6.0,9.4,17.6,2025
12119,Sumter,FL,South,Urban core,250k+,30.4,12.2,29.1,12.4,20.1,25.3,68.2,73.0,63.9,8.4,16.0,14.6,2025
12121,Suwannee,FL,South,Rural,25k-99k,41.3,19.8,36.8,25.0,11.3,35.4,66.2,67.6,55.0,13.2,19.5,22.1,2025
12123,Taylor,FL,South,Suburban,25k-99k,33.2,19.6,38.4,17.3,14.9,24.6,68.4,68.1,64.6,13.3,14.8,19.3,2025
12125,Union,FL,South,Rural,25k-99k,42.3,15.6,33.5,16.5,18.0,27.1,70.5,69.0,58.9,8.4,18.4,20.4,2025
12129,Wakulla,FL,South,Urban core,<25k,18.2,9.7,24.3,12.3,17.1,14.2,73.1,72.5,69.1,9.8,11.5,14.6,2025
12133,Washington,FL,South,Rural,<25k,32.2,16.5,30.7,17.5,14.0,25.6,68.4,61.6,64.4,10.2,12.6,20.5,2025
12115,Sarasota,FL,South,Small town,25k-99k,30.5,13.4,29.3,12.3,18.6,22.5,71.7,67.5,64.1,14.2,13.9,21.2,2025
12131,Walton,FL,South,Suburban,100k-249k,28.6,10.5,27.6,11.6,21.2,15.0,74.5,70.2,69.9,8.5,19.5,14.2,2025
12017,Citrus,FL,South,Suburban,100k-249k,30.9,16.4,33.9,16.8,15.2,26.1,72.9,65.4,64.9,11.3,17.4,18.2,2025
12075,Levy,FL,South,Rural,25k-99k,38.6,17.0,33.4,24.1,15.1,27.1,67.2,66.1,64.0,16.4,19.8,20.4,2025
12127,Volusia,FL,South,Urban core,100k-249k,26.7,15.2,31.3,17.7,17.2,20.5,71.9,69.7,68.0,12.5,17.7,15.2,2025
12023,Columbia,FL,South,Rural,25k-99k,39.7,18.3,34.7,13.2,14.5,32.2,72.9,61.3,62.8,11.0,22.6,22.2,2025
13057,Cherokee,GA,South,Small town,25k-99k,31.6,12.5,27.9,16.9,9.2,23.1,73.5,68.4,60.5,14.5,13.6,12.8,2025
13059,Clarke,GA,South,Suburban,100k-249k,35.0,18.5,31.0,19.6,16.0,27.0,70.9,68.9,68.7,12.9,14.3,20.8,2025
13061,Clay,GA,South,Rural,250k+,37.7,19.2,34.4,22.6,12.3,29.8,66.1,66.8,59.2,13.0,18.8,24.6,2025
13063,Clayton,GA,South,Rural,<25k,30.0,14.6,31.2,16.3,11.3,29.2,67.8,70.8,63.1,11.9,19.8,19.7,2025
13065,Clinch,GA,South,Urban core,<25k,26.5,17.7,36.9,17.5,17.1,27.1,71.6,75.8,63.6,17.8,15.9,19.0,2025
13001,Appling,GA,South,Urban core,250k+,31.6,14.1,32.2,15.4,15.5,26.6,71.4,66.5,63.2,10.9,15.0,20.3,2025
13007,Baker,GA,South,Small town,25k-99k,32.8,9.1,30.4,12.8,21.5,24.9,74.2,71.4,68.5,9.7,14.8,15.0,2025
13009,Baldwin,GA,South,Rural,25k-99k,28.9,12.3,32.0,15.5,16.6,25.7,73.5,67.4,67.8,10.8,18.1,15.7,2025
13013,Barrow,GA,South,Suburban,250k+,37.8,15.6,31.5,14.9,17.0,27.4,69.6,69.9,58.9,9.9,20.1,19.8,2025
13015,Bartow,GA,South,Suburban,100k-249k,37.8,15.6,34.7,19.1,9.3,28.4,68.6,64.7,63.9,8.6,16.8,19.7,2025
13019,Berrien,GA,South,Suburban,<25k,15.0,4.7,25.2,6.8,19.2,13.7,77.4,74.6,64.4,6.9,10.5,13.1,2025
13021,Bibb,GA,South,Small town,100k-249k,32.9,14.3,31.7,19.6,18.0,26.5,72.5,63.3,65.9,11.1,17.4,17.8,2025
13025,Brantley,GA,South,Urban core,250k+,23.8,10.9,28.2,17.2,18.3,12.9,73.0,76.1,69.1,8.2,9.1,14.4,2025
13027,Brooks,GA,South,Suburban,100k-249k,33.9,15.9,30.9,21.0,14.4,27.1,69.4,66.3,62.4,13.5,19.1,22.0,2025
13029,Bryan,GA,South,Rural,<25k,33.8,16.9,32.8,18.8,13.8,28.4,65.5,66.9,56.0,14.5,18.3,19.0,2025
13033,Burke,GA,South,Urban core,<25k,30.6,16.9,30.5,13.2,19.2,22.1,72.2,71.5,66.7,13.8,21.7,19.7,2025
13039,Camden,GA,South,Rural,25k-99k,35.1,14.6,34.2,19.8,14.8,29.9,69.8,67.2,60.8,13.8,14.5,21.6,2025
13049,Charlton,GA,South,Rural,<25k,32.0,9.5,28.7,14.5,12.8,24.3,71.6,69.3,61.6,4.0,12.8,17.4,2025
13051,Chatham,GA,South,Small town,<25k,24.9,10.1,33.4,14.6,16.0,22.7,68.1,69.3,65.8,8.6,14.7,16.2,2025
13075,Cook,GA,South,Suburban,100k-249k,29.4,9.4,27.3,10.1,19.7,18.7,76.0,68.9,69.7,7.2,16.6,14.2,2025
13079,Crawford,GA,South,Small town,25k-99k,33.9,15.6,33.3,19.5,13.9,24.6,69.9,68.1,65.5,11.8,16.4,15.7,2025
13081,Crisp,GA,South,Urban core,250k+,38.7,17.7,34.7,15.7,12.3,27.4,73.1,62.8,64.2,12.9,16.8,20.6,2025
13089,DeKalb,GA,South,Suburban,100k-249k,37.5,16.3,30.5,18.8,19.3,28.0,72.5,71.6,65.8,15.0,15.5,18.0,2025
13103,Effingham,GA,South,Small town,<25k,30.4,13.1,27.8,12.8,19.9,25.6,72.2,70.6,67.1,8.5,13.0,15.2,2025
13105,Elbert,GA,South,Rural,25k-99k,30.2,12.3,29.7,10.2,14.1,21.5,74.1,68.8,66.4,9.7,13.5,15.4,2025
13107,Emanuel,GA,South,Rural,25k-99k,31.9,13.5,30.1,18.3,12.7,28.7,73.9,70.5,71.0,14.1,14.5,15.1,2025
13113,Fayette,GA,South,Rural,250k+,32.8,14.9,32.3,19.6,14.7,28.6,71.2,69.3,61.8,10.3,14.8,15.6,2025
13121,Fulton,GA,South,Urban core,25k-99k,25.1,12.3,30.4,16.8,13.9,19.0,73.6,74.1,67.9,7.2,18.4,14.1,2025
13127,Glynn,GA,South,Urban core,<25k,33.1,15.6,34.3,10.5,17.3,23.1,69.7,72.5,60.1,11.1,15.2,25.4,2025
13131,Grady,GA,South,Urban core,<25k,38.4,17.7,39.1,20.6,18.2,22.2,72.5,73.1,69.1,12.4,18.0,16.9,2025
13135,Gwinnett,GA,South,Rural,<25k,33.4,15.4,35.4,16.5,11.8,31.3,67.5,62.1,61.2,12.0,17.4,19.1,2025
13137,Habersham,GA,South,Small town,<25k,36.5,18.3,37.2,21.2,13.8,30.3,72.8,66.7,59.6,14.2,14.3,21.5,2025
13141,Hancock,GA,South,Rural,<25k,36.7,14.7,35.3,21.7,13.7,28.4,63.4,71.0,56.8,7.2,22.9,22.1,2025
13149,Heard,GA,South,Suburban,<25k,37.0,17.3,37.1,14.5,12.0,28.1,68.6,70.8,61.2,18.8,18.8,22.1,2025
13151,Henry,GA,South,Rural,<25k,37.7,15.7,31.6,15.0,18.3,22.5,72.9,69.3,60.1,13.2,18.2,21.8,2025
13163,Jefferson,GA,South,Small town,100k-249k,23.8,12.1,29.7,17.6,14.9,20.9,71.0,68.2,67.5,11.2,10.8,14.4,2025
13171,Lamar,GA,South,Small town,25k-99k,24.0,11.8,30.6,12.9,13.0,27.2,71.6,73.8,64.4,9.7,16.3,18.0,2025
13179,Liberty,GA,South,Urban core,25k-99k,30.9,14.1,33.7,13.4,16.3,24.7,71.5,77.4,67.0,16.0,16.6,19.2,2025
13183,Long,GA,South,Small town,25k-99k,36.8,16.8,32.5,17.3,18.5,25.1,72.1,68.9,67.1,9.6,13.4,20.1,2025
13185,Lowndes,GA,South,Small town,25k-99k,36.0,17.5,35.1,18.7,18.3,24.6,69.5,69.1,66.6,13.5,15.7,16.5,2025
13189,McDuffie,GA,South,Small town,25k-99k,30.0,10.9,29.1,14.5,16.9,22.8,72.5,70.8,72.4,10.0,15.3,16.6,2025
13191,McIntosh,GA,South,Small town,25k-99k,38.7,21.9,36.4,17.8,11.3,32.5,66.8,68.6,58.9,16.7,18.4,22.1,2025
13195,Madison,GA,South,Rural,25k-99k,31.9,13.5,28.9,17.0,11.4,24.1,69.4,73.7,61.0,12.6,13.2,16.3,2025
13201,Miller,GA,South,Urban core,100k-249k,26.6,15.5,35.0,19.1,18.4,18.0,67.4,70.1,63.5,12.4,19.1,22.3,2025
13213,Murray,GA,South,Small town,100k-249k,39.0,19.7,36.4,21.2,13.3,33.4,72.2,65.7,57.1,12.3,17.7,22.5,2025
13217,Newton,GA,South,Urban core,25k-99k,25.7,14.4,34.8,15.7,23.6,23.5,73.3,68.6,68.0,10.0,15.3,15.4,2025
13219,Oconee,GA,South,Urban core,25k-99k,29.9,15.4,30.4,10.4,17.1,17.3,78.5,74.9,64.9,9.7,18.2,18.0,2025
13221,Oglethorpe,GA,South,Rural,100k-249k,46.9,19.8,40.4,19.1,14.9,34.5,67.5,62.1,57.7,15.0,15.7,23.9,2025
13223,Paulding,GA,South,Rural,25k-99k,34.2,15.9,31.2,25.5,12.5,29.8,69.5,66.0,65.5,9.5,17.7,18.3,2025
13229,Pierce,GA,South,Small town,<25k,29.3,13.0,31.4,13.8,16.0,26.2,71.8,70.4,67.4,9.6,10.6,17.0,2025
13241,Rabun,GA,South,Rural,<25k,31.1,12.0,30.0,16.5,12.6,26.5,68.1,66.8,61.6,8.6,15.6,15.8,2025
13245,Richmond,GA,South,Rural,100k-249k,37.8,13.3,32.6,14.1,12.0,27.1,67.8,68.6,59.0,10.1,16.2,17.0,2025
13249,Schley,GA,South,Rural,250k+,33.0,16.7,31.3,19.3,16.2,26.4,70.6,66.7,61.6,10.5,11.8,18.0,2025
13251,Screven,GA,South,Urban core,250k+,34.3,15.1,31.0,13.4,20.6,25.0,72.2,68.9,59.6,12.8,20.9,22.0,2025
13267,Tattnall,GA,South,Rural,25k-99k,41.4,18.0,38.3,18.2,17.6,32.0,68.5,68.0,65.3,12.7,19.0,25.5,2025
13269,Taylor,GA,South,Urban core,250k+,41.5,19.4,33.5,22.4,13.1,25.9,71.4,70.1,59.1,15.8,16.3,19.5,2025
13271,Telfair,GA,South,Suburban,100k-249k,39.5,18.9,37.4,18.5,13.2,31.8,69.7,68.7,62.8,17.2,21.2,23.3,2025
13285,Troup,GA,South,Rural,<25k,38.0,19.7,31.7,17.1,10.5,27.0,71.3,73.8,64.7,13.2,16.0,18.3,2025
13289,Twiggs,GA,South,Small town,250k+,28.4,12.7,26.3,11.0,17.3,25.1,75.7,76.3,64.6,8.2,14.6,12.8,2025
13291,Union,GA,South,Urban core,100k-249k,29.6,14.1,29.1,14.5,18.4,20.2,75.4,65.3,69.8,10.4,12.5,15.3,2025
13301,Warren,GA,South,Small town,100k-249k,29.3,14.5,23.5,17.0,19.9,17.3,74.9,70.7,66.3,10.2,19.0,16.2,2025
13303,Washington,GA,South,Urban core,<25k,28.5,12.8,30.2,10.4,21.3,15.2,75.9,72.9,60.4,9.8,14.7,17.3,2025
13305,Wayne,GA,South,Rural,250k+,40.8,13.3,30.8,25.0,13.6,26.7,67.3,68.9,56.8,12.1,16.0,18.4,2025
13309,Wheeler,GA,South,Small town,25k-99k,40.3,16.1,32.0,17.4,20.1,28.9,73.2,63.7,64.4,12.9,18.8,18.4,2025
13313,Whitfield,GA,South,Small town,100k-249k,31.8,11.2,31.9,17.1,10.8,21.0,75.8,71.6,64.4,13.7,15.2,19.8,2025
13317,Wilkes,GA,South,Suburban,<25k,23.1,10.3,24.6,9.9,19.5,22.2,75.7,78.7,65.4,8.7,21.7,14.5,2025
13319,Wilkinson,GA,South,Small town,25k-99k,36.2,16.1,31.6,14.8,12.3,27.3,66.1,74.2,62.0,8.9,21.5,20.7,2025
13003,Atkinson,GA,South,Suburban,25k-99k,27.4,11.6,30.4,11.9,17.9,20.7,71.1,69.3,67.4,9.2,12.2,11.9,2025
13005,Bacon,GA,South,Suburban,250k+,19.9,8.1,27.1,9.5,15.6,15.7,77.1,78.1,65.9,3.4,9.8,11.2,2025
13011,Banks,GA,South,Small town,100k-249k,36.5,17.6,31.1,22.7,17.9,25.6,65.1,66.1,63.4,12.8,19.1,16.8,2025
13017,Ben Hill,GA,South,Small town,<25k,38.0,16.7,34.6,18.4,15.3,23.0,69.9,74.7,65.0,14.8,18.4,20.0,2025
13023,Bleckley,GA,South,Rural,<25k,23.8,7.0,24.8,9.9,17.5,23.2,75.0,77.7,68.2,5.4,16.3,11.3,2025
13031,Bulloch,GA,South,Small town,<25k,24.7,13.1,26.2,10.1,16.6,22.0,77.8,72.4,63.2,7.3,17.0,14.9,2025
13035,Butts,GA,South,Small town,<25k,34.1,16.3,33.1,17.1,14.4,29.1,68.5,66.4,63.2,13.7,11.1,18.1,2025
13037,Calhoun,GA,South,Small town,25k-99k,19.2,9.6,27.0,8.9,14.0,15.1,72.4,73.1,67.6,7.6,15.7,18.0,2025
13043,Candler,GA,South,Rural,25k-99k,30.4,16.0,32.4,19.7,14.3,26.9,69.8,66.3,67.8,11.2,15.0,18.6,2025
13045,Carroll,GA,South,Suburban,25k-99k,36.2,15.2,31.6,21.6,14.4,25.4,67.9,64.3,71.1,17.1,19.3,20.3,2025
13047,Catoosa,GA,South,Rural,250k+,38.9,17.7,33.0,20.5,14.3,29.2,67.6,65.4,63.4,13.1,17.5,21.7,2025
13053,Chattahoochee,GA,South,Suburban,250k+,29.1,15.0,31.8,19.4,14.5,24.3,73.8,75.5,57.8,13.4,17.9,14.1,2025
13055,Chattooga,GA,South,Urban core,<25k,29.3,16.6,31.4,16.7,18.4,22.0,72.7,69.5,65.1,14.1,21.1,15.0,2025
13077,Coweta,GA,South,Small town,<25k,33.9,13.0,32.2,18.6,15.2,24.5,72.5,73.2,70.4,10.1,18.1,18.9,2025
13083,Dade,GA,South,Small town,100k-249k,40.7,19.6,32.6,21.3,17.9,30.0,71.7,67.5,65.2,17.0,17.3,17.9,2025
13085,Dawson,GA,South,Urban core,250k+,34.7,15.5,33.5,19.8,15.0,23.5,68.3,68.5,69.0,13.4,18.0,19.1,2025
13087,Decatur,GA,South,Rural,<25k,37.1,17.7,35.2,24.0,15.7,31.9,72.9,64.8,63.0,13.7,18.1,21.8,2025
13091,Dodge,GA,South,Rural,<25k,38.7,16.5,32.1,21.2,11.1,28.6,66.7,65.6,67.3,10.4,12.5,21.6,2025
13093,Dooly,GA,South,Rural,<25k,32.9,8.2,25.6,17.3,14.2,28.1,69.0,73.9,59.5,6.6,9.3,12.5,2025
13095,Dougherty,GA,South,Rural,25k-99k,36.3,16.4,33.3,18.5,19.0,27.0,68.4,67.8,59.8,16.1,14.1,21.7,2025
13097,Douglas,GA,South,Small town,<25k,38.0,15.8,30.8,17.7,14.8,20.5,70.1,72.7,60.4,14.5,12.4,17.5,2025
13099,Early,GA,South,Rural,25k-99k,25.6,10.0,24.9,14.1,13.6,21.8,73.9,75.6,70.2,7.9,11.0,15.2,2025
13101,Echols,GA,South,Rural,25k-99k,38.2,16.3,34.0,21.9,10.6,30.0,69.0,61.5,61.2,12.1,13.7,22.5,2025
13109,Evans,GA,South,Suburban,100k-249k,36.5,18.7,32.6,12.8,12.6,21.1,69.2,68.6,64.6,10.1,14.7,18.3,2025
13111,Fannin,GA,South,Rural,<25k,40.6,14.7,36.0,22.4,10.9,27.8,69.5,73.4,64.3,15.9,19.5,21.2,2025
13115,Floyd,GA,South,Rural,<25k,26.4,9.7,28.5,15.3,13.0,27.7,70.9,64.1,64.2,4.8,11.6,15.2,2025
13117,Forsyth,GA,South,Suburban,250k+,32.2,15.8,30.3,15.7,11.9,21.9,71.0,73.7,61.9,9.8,16.0,16.6,2025
13119,Franklin,GA,South,Rural,<25k,28.3,13.3,29.5,16.5,13.0,29.5,68.8,68.5,60.3,11.4,15.4,16.3,2025
13067,Cobb,GA,South,Suburban,25k-99k,34.8,16.5,31.0,19.8,17.6,26.4,70.8,68.6,62.3,12.8,11.4,18.9,2025
13069,Coffee,GA,South,Suburban,250k+,29.4,10.8,29.0,12.8,21.9,22.1,72.2,68.0,70.2,9.1,13.6,17.7,2025
13071,Colquitt,GA,South,Rural,100k-249k,21.4,8.3,29.6,13.7,14.1,19.3,73.3,75.2,72.0,7.6,11.0,11.8,2025
13073,Columbia,GA,South,Small town,<25k,35.7,18.7,34.1,26.3,12.9,29.5,68.1,70.0,62.6,12.0,14.7,18.5,2025
13139,Hall,GA,South,Rural,25k-99k,35.3,14.5,32.2,16.9,19.2,29.0,73.0,66.5,63.5,11.4,14.4,17.8,2025
13143,Haralson,GA,South,Rural,<25k,27.5,15.3,32.6,20.2,15.7,28.5,67.0,63.4,61.4,11.1,21.1,20.0,2025
13145,Harris,GA,South,Small town,100k-249k,39.0,19.2,35.2,21.3,15.8,27.3,70.0,64.3,63.4,14.8,22.0,20.6,2025
13147,Hart,GA,South,Small town,250k+,40.9,16.5,35.7,13.9,11.7,27.5,69.6,72.9,65.8,12.1,17.6,20.7,2025
13153,Houston,GA,South,Small town,250k+,31.3,15.1,28.8,10.7,19.8,21.5,74.4,70.4,68.2,16.4,17.9,15.7,2025
13155,Irwin,GA,South,Rural,100k-249k,44.6,18.3,36.8,20.3,12.7,29.8,71.9,67.6,57.9,14.7,11.8,20.4,2025
13157,Jackson,GA,South,Small town,25k-99k,32.3,13.1,28.7,20.7,12.4,23.3,74.7,71.3,64.9,12.0,14.2,18.3,2025
13159,Jasper,GA,South,Urban core,25k-99k,31.0,12.7,25.7,13.0,20.4,25.5,69.7,71.6,68.8,13.6,17.6,17.5,2025
13161,Jeff Davis,GA,South,Rural,100k-249k,33.1,17.9,30.9,21.1,10.8,25.4,68.4,75.4,66.6,11.9,15.1,20.3,2025
13165,Jenkins,GA,South,Small town,100k-249k,40.5,20.9,34.8,21.9,17.0,25.4,70.2,64.3,61.0,14.9,15.2,22.0,2025
13167,Johnson,GA,South,Rural,100k-249k,39.8,17.3,36.9,19.2,18.3,29.7,68.0,70.4,64.1,13.0,20.6,18.2,2025
13169,Jones,GA,South,Suburban,100k-249k,28.8,16.5,34.6,13.6,18.6,28.8,69.3,69.8,60.4,11.2,21.6,19.9,2025
13173,Lanier,GA,South,Urban core,250k+,23.4,10.6,29.3,14.2,17.9,17.1,73.0,72.8,73.3,8.6,13.5,13.3,2025
13175,Laurens,GA,South,Small town,25k-99k,35.5,18.7,36.0,20.3,8.8,25.4,66.5,64.6,65.2,14.7,22.2,18.7,2025
13177,Lee,GA,South,Urban core,<25k,25.8,11.4,31.5,12.2,17.6,21.9,71.7,75.8,65.9,12.0,17.2,16.8,2025
13181,Lincoln,GA,South,Urban core,100k-249k,30.3,11.9,36.8,13.5,21.1,23.0,71.1,72.0,66.6,13.4,14.5,14.5,2025
13123,Gilmer,GA,South,Suburban,100k-249k,36.3,14.0,33.6,13.4,21.2,25.0,76.1,72.9,67.7,11.6,13.9,17.0,2025
13125,Glascock,GA,South,Rural,25k-99k,44.8,19.1,37.8,23.9,13.1,31.9,66.8,64.1,59.0,17.1,20.6,20.7,2025
13129,Gordon,GA,South,Rural,25k-99k,36.0,14.9,32.9,18.9,17.3,25.6,72.6,68.6,70.1,12.3,11.0,15.5,2025
13133,Greene,GA,South,Rural,<25k,48.6,23.6,44.7,23.2,10.4,37.9,64.0,64.6,52.8,16.1,20.9,27.2,2025
13187,Lumpkin,GA,South,Rural,25k-99k,25.9,6.7,21.9,9.0,18.7,22.5,69.6,70.4,67.4,7.6,11.9,13.8,2025
13193,Macon,GA,South,Rural,<25k,32.9,14.0,30.6,17.2,13.2,24.1,68.4,67.7,64.4,12.2,17.3,21.1,2025
13197,Marion,GA,South,Small town,25k-99k,38.3,14.3,29.7,14.9,15.4,25.5,73.3,73.8,65.4,14.6,14.6,18.5,2025
13199,Meriwether,GA,South,Urban core,25k-99k,44.4,22.3,39.1,17.6,17.7,30.7,65.8,62.8,54.6,11.1,20.1,21.3,2025
13205,Mitchell,GA,South,Suburban,<25k,34.8,16.2,29.7,18.3,14.5,25.3,72.2,72.2,66.3,16.0,17.4,19.5,2025
13225,Peach,GA,South,Small town,<25k,31.8,13.7,28.7,18.1,14.5,22.0,71.6,72.8,66.6,7.6,14.6,17.0,2025
13227,Pickens,GA,South,Urban core,25k-99k,33.3,15.8,36.6,16.3,15.1,29.1,72.0,72.7,62.9,13.8,16.3,21.2,2025
13231,Pike,GA,South,Small town,250k+,40.9,18.0,33.8,20.7,12.2,27.6,67.9,66.9,61.1,18.3,16.8,27.3,2025
13233,Polk,GA,South,Small town,100k-249k,25.3,9.8,24.1,12.0,14.5,26.1,73.5,70.7,64.0,9.2,18.3,16.1,2025
13235,Pulaski,GA,South,Urban core,100k-249k,37.2,13.4,29.6,14.1,17.4,24.9,74.3,74.0,63.4,11.5,17.4,17.9,2025
13207,Monroe,GA,South,Small town,25k-99k,26.5,11.8,28.2,18.5,9.7,23.9,70.0,68.0,62.2,6.9,18.4,17.7,2025
13209,Montgomery,GA,South,Rural,25k-99k,37.3,17.8,31.6,16.4,14.9,26.0,71.8,65.8,64.6,13.3,17.3,17.4,2025
13211,Morgan,GA,South,Suburban,25k-99k,30.4,10.9,30.6,14.5,11.1,20.6,73.5,72.1,67.9,12.6,14.3,16.6,2025
13215,Muscogee,GA,South,Small town,<25k,29.6,11.4,27.0,15.3,19.7,24.2,70.7,75.9,62.6,6.7,12.8,15.9,2025
13255,Spalding,GA,South,Small town,100k-249k,34.4,12.1,29.1,20.3,15.2,29.0,71.4,68.1,64.2,8.1,13.4,16.7,2025
13257,Stephens,GA,South,Rural,25k-99k,44.0,18.9,34.9,22.0,14.2,34.0,66.9,61.7,62.6,11.6,20.9,20.8,2025
13259,Stewart,GA,South,Urban core,250k+,35.1,16.0,27.2,17.3,14.5,26.0,70.6,65.0,74.4,12.6,19.4,21.5,2025
13261,Sumter,GA,South,Suburban,<25k,30.4,10.9,24.4,17.4,17.8,19.7,74.3,68.6,64.9,10.4,14.1,14.9,2025
13263,Talbot,GA,South,Small town,25k-99k,33.8,15.4,34.7,16.5,16.3,27.9,69.4,65.4,65.1,13.2,16.7,22.0,2025
13265,Taliaferro,GA,South,Urban core,<25k,30.6,17.4,32.0,21.7,14.4,23.0,68.6,71.0,64.0,15.0,18.1,18.6,2025
13273,Terrell,GA,South,Urban core,25k-99k,26.2,14.6,26.9,11.2,12.4,18.1,76.6,69.8,71.6,9.1,14.3,16.9,2025
13275,Thomas,GA,South,Small town,100k-249k,45.3,20.4,36.6,23.2,12.1,31.0,68.7,67.1,67.1,16.2,20.9,20.4,2025
13277,Tift,GA,South,Urban core,100k-249k,28.2,10.9,29.9,12.6,15.3,16.8,71.3,71.4,72.1,10.5,14.4,10.4,2025
13279,Toombs,GA,South,Rural,25k-99k,41.9,18.2,36.3,24.9,17.2,33.4,63.8,68.9,59.6,14.6,11.4,25.9,2025
13281,Towns,GA,South,Small town,250k+,36.1,13.5,33.1,15.6,15.7,24.8,70.8,64.0,64.5,13.5,14.9,18.3,2025
13283,Treutlen,GA,South,Rural,100k-249k,43.9,20.2,41.4,22.9,11.6,33.7,63.5,63.1,59.9,16.8,18.4,24.8,2025
13287,Turner,GA,South,Small town,100k-249k,42.5,18.4,38.3,16.9,11.3,35.0,67.8,64.5,59.7,13.3,19.0,23.8,2025
13237,Putnam,GA,South,Urban core,250k+,24.7,12.9,27.2,15.5,17.9,25.0,72.0,73.7,67.6,11.3,15.3,15.5,2025
13239,Quitman,GA,South,Urban core,250k+,33.2,18.2,32.6,18.6,15.5,24.7,70.1,64.7,64.0,15.7,16.2,22.4,2025
13243,Randolph,GA,South,Urban core,<25k,31.9,20.8,35.5,20.5,15.5,31.7,70.2,66.7,69.6,16.8,19.8,19.6,2025
13247,Rockdale,GA,South,Small town,<25k,33.1,16.7,33.3,15.2,15.0,28.0,69.6,69.5,55.6,11.0,15.9,19.0,2025
13253,Seminole,GA,South,Suburban,25k-99k,31.6,15.6,38.8,16.5,17.4,23.3,71.4,62.9,63.0,10.4,18.3,20.6,2025
13311,White,GA,South,Suburban,100k-249k,22.5,7.9,18.0,5.4,19.4,19.1,78.2,79.0,71.5,3.0,13.6,8.0,2025
13315,Wilcox,GA,South,Urban core,250k+,39.3,22.3,38.1,20.6,15.2,28.3,69.3,63.8,62.9,15.7,24.8,23.0,2025
13321,Worth,GA,South,Small town,25k-99k,52.0,24.0,38.1,26.9,17.4,36.3,65.3,58.0,58.8,25.3,24.3,26.3,2025
13293,Upson,GA,South,Suburban,100k-249k,32.6,13.0,30.1,21.4,16.4,23.7,67.4,67.9,67.4,8.0,21.8,19.3,2025
13295,Walker,GA,South,Rural,100k-249k,32.2,11.2,27.2,9.8,19.5,23.3,70.9,72.7,65.7,7.7,8.9,14.2,2025
13297,Walton,GA,South,Rural,25k-99k,29.5,14.1,29.7,15.5,10.7,27.0,72.1,72.3,65.7,11.4,13.5,15.8,2025
13299,Ware,GA,South,Rural,<25k,21.9,6.8,23.1,4.0,18.4,18.9,76.9,77.3,67.8,3.3,6.4,8.9,2025
13307,Webster,GA,South,Urban core,<25k,32.0,14.5,36.3,22.0,12.4,25.1,74.2,67.7,61.4,17.4,19.0,21.3,2025
15001,Hawaii,HI,West,Small town,100k-249k,40.4,19.8,36.8,20.1,12.6,29.2,68.3,68.9,57.8,19.3,19.8,25.8,2025
15003,Honolulu,HI,West,Suburban,100k-249k,27.4,12.6,30.6,17.1,17.4,20.4,70.6,72.6,63.6,9.6,15.6,21.9,2025
15005,Kalawao,HI,West,Urban core,25k-99k,23.7,11.7,29.5,10.5,19.1,17.7,77.6,72.0,62.7,8.9,20.4,13.6,2025
15007,Kauai,HI,West,Urban core,25k-99k,21.2,10.1,27.2,10.1,17.4,18.0,72.5,80.5,68.3,7.4,17.2,10.3,2025
15009,Maui,HI,West,Suburban,100k-249k,27.5,10.3,25.6,8.0,23.1,21.4,72.9,77.5,71.8,11.8,16.4,14.7,2025
16075,Payette,ID,West,Small town,100k-249k,31.5,13.0,29.2,16.7,14.6,22.2,67.7,68.0,64.8,12.2,16.0,18.4,2025
16081,Teton,ID,West,Urban core,100k-249k,23.0,12.7,31.6,15.4,18.6,22.5,74.6,72.9,59.2,11.8,17.1,17.9,2025
16025,Camas,ID,West,Small town,25k-99k,29.9,8.0,29.5,7.6,17.6,20.8,75.4,75.6,69.2,10.1,16.0,16.5,2025
16087,Washington,ID,West,Rural,100k-249k,25.5,9.3,25.8,19.8,15.1,22.5,72.3,74.0,60.1,6.5,12.0,18.2,2025
16001,Ada,ID,West,Urban core,25k-99k,23.5,11.3,25.4,14.1,14.8,18.1,74.3,75.6,68.0,10.4,13.1,18.1,2025
16003,Adams,ID,West,Urban core,25k-99k,27.0,12.0,31.5,13.9,20.8,23.4,73.7,79.9,64.0,12.1,15.4,19.3,2025
16005,Bannock,ID,West,Small town,250k+,24.3,12.1,28.0,15.9,21.0,23.5,70.6,73.4,63.2,7.7,15.6,16.3,2025
16007,Bear Lake,ID,West,Suburban,250k+,30.6,15.5,31.9,20.4,11.1,19.8,75.1,72.5,61.2,12.6,17.8,19.0,2025
16009,Benewah,ID,West,Urban core,25k-99k,25.2,9.9,30.2,11.2,16.4,20.6,71.4,73.0,71.4,7.7,15.9,13.2,2025
16011,Bingham,ID,West,Small town,25k-99k,27.1,10.0,24.0,12.3,17.8,17.9,76.0,69.2,69.6,9.0,10.4,10.9,2025
16013,Blaine,ID,West,Urban core,<25k,32.9,14.7,32.0,16.4,15.3,23.2,66.8,67.1,68.4,14.4,19.6,19.3,2025
16015,Boise,ID,West,Suburban,100k-249k,28.7,12.4,27.8,15.9,18.0,24.5,73.0,71.4,71.8,12.1,14.3,14.3,2025
16021,Boundary,ID,West,Urban core,<25k,26.5,12.8,33.2,12.6,18.1,20.3,72.1,68.9,68.1,9.9,16.7,17.2,2025
16023,Butte,ID,West,Suburban,25k-99k,32.2,14.0,34.4,13.3,13.1,25.1,70.7,67.6,59.5,18.0,21.5,17.5,2025
16029,Caribou,ID,West,Suburban,<25k,35.9,13.3,33.5,16.1,16.3,22.9,69.5,71.0,65.2,8.0,19.1,16.1,2025
16035,Clearwater,ID,West,Urban core,100k-249k,23.5,10.7,27.7,13.8,18.8,17.4,75.7,79.3,67.4,8.1,17.3,14.2,2025
16037,Custer,ID,West,Small town,<25k,22.6,7.1,23.4,14.1,20.3,21.0,73.0,74.6,67.1,3.7,8.9,15.2,2025
16039,Elmore,ID,West,Urban core,<25k,21.4,11.0,31.5,9.4,18.3,22.4,74.5,73.7,69.0,4.6,15.5,14.5,2025
16041,Franklin,ID,West,Small town,<25k,23.3,9.9,27.4,12.0,16.4,21.4,72.5,69.7,71.5,8.6,15.6,16.7,2025
16043,Fremont,ID,West,Rural,250k+,26.9,10.8,31.9,17.8,14.0,24.2,72.0,71.6,71.1,9.6,13.4,16.7,2025
16049,Idaho,ID,West,Urban core,100k-249k,26.2,10.3,27.6,9.5,19.7,17.3,73.7,68.2,73.2,4.1,16.4,14.2,2025
16059,Lemhi,ID,West,Small town,25k-99k,27.3,10.1,25.0,12.7,17.4,22.8,74.4,77.9,67.6,7.8,14.8,17.7,2025
16061,Lewis,ID,West,Rural,<25k,33.1,12.6,34.6,16.1,17.1,27.7,70.6,69.2,64.0,10.3,13.9,20.6,2025
16063,Lincoln,ID,West,Rural,100k-249k,31.6,10.2,27.5,13.4,12.5,24.0,73.6,71.3,64.1,6.9,10.6,14.9,2025
16069,Nez Perce,ID,West,Suburban,25k-99k,25.6,10.5,25.0,16.1,17.0,20.2,75.3,72.7,66.6,3.2,12.0,10.5,2025
16073,Owyhee,ID,West,Rural,25k-99k,40.3,12.1,30.1,20.2,14.9,29.6,68.3,66.1,63.4,7.2,12.2,23.1,2025
16077,Power,ID,West,Suburban,<25k,35.8,15.7,34.1,16.6,20.2,24.6,69.3,71.8,57.6,12.7,14.6,21.1,2025
16079,Shoshone,ID,West,Small town,100k-249k,35.3,19.1,37.4,20.2,15.7,29.0,67.5,66.5,64.5,15.0,15.5,17.2,2025
16083,Twin Falls,ID,West,Urban core,25k-99k,24.5,11.1,31.5,15.5,16.8,22.8,72.3,73.4,62.9,10.3,16.1,13.5,2025
16085,Valley,ID,West,Urban core,100k-249k,30.9,16.3,32.8,18.8,16.6,27.3,71.0,69.8,58.9,10.0,19.3,18.7,2025
16017,Bonner,ID,West,Small town,100k-249k,27.0,12.1,27.6,12.3,18.0,23.0,72.2,73.4,61.7,10.5,21.0,11.9,2025
16019,Bonneville,ID,West,Urban core,250k+,23.8,12.2,25.3,8.9,24.4,14.7,76.0,73.4,70.8,9.3,19.3,10.8,2025
16027,Canyon,ID,West,Suburban,100k-249k,29.1,14.4,27.2,12.5,19.4,23.2,70.3,65.8,70.8,11.9,14.7,18.4,2025
16031,Cassia,ID,West,Small town,<25k,25.1,10.1,25.3,9.1,14.3,23.8,78.7,72.2,74.7,4.8,13.8,11.0,2025
16033,Clark,ID,West,Small town,25k-99k,41.4,15.2,38.3,21.0,15.5,31.5,71.2,63.6,56.7,20.6,20.1,22.9,2025
16045,Gem,ID,West,Suburban,<25k,24.4,12.8,26.8,10.9,16.9,19.6,72.7,71.7,70.1,8.3,10.8,15.3,2025
16047,Gooding,ID,West,Small town,100k-249k,32.3,15.8,31.1,17.8,16.7,26.6,73.4,71.5,72.8,15.0,13.7,17.4,2025
16051,Jefferson,ID,West,Rural,250k+,30.9,14.6,28.5,18.5,16.6,26.4,69.8,67.6,65.9,9.3,12.5,18.8,2025
16053,Jerome,ID,West,Rural,25k-99k,36.3,16.2,33.7,15.5,14.4,30.0,70.1,71.3,61.4,14.1,13.7,22.6,2025
16055,Kootenai,ID,West,Small town,<25k,32.7,13.2,28.3,15.9,15.3,23.0,67.5,70.1,62.9,7.3,13.6,19.3,2025
16057,Latah,ID,West,Suburban,100k-249k,30.8,13.5,28.5,16.3,15.6,26.9,71.2,71.0,59.5,11.2,13.0,17.2,2025
16065,Madison,ID,West,Urban core,250k+,39.1,19.6,38.1,12.8,15.1,26.7,66.8,69.1,64.8,16.4,22.0,21.3,2025
16067,Minidoka,ID,West,Suburban,250k+,27.1,9.6,30.5,16.8,15.7,21.8,71.9,74.8,61.9,10.8,17.0,15.6,2025
16071,Oneida,ID,West,Small town,100k-249k,32.0,14.1,31.7,17.6,17.9,26.0,72.4,72.0,67.6,13.7,11.1,15.5,2025
17051,Fayette,IL,Midwest,Urban core,25k-99k,21.5,8.1,29.1,14.2,15.4,22.2,74.7,70.7,71.8,5.7,13.7,11.2,2025
17053,Ford,IL,Midwest,Small town,25k-99k,17.9,5.1,26.0,8.1,15.9,16.4,73.3,76.5,74.9,6.1,12.8,12.2,2025
17055,Franklin,IL,Midwest,Rural,25k-99k,36.7,14.3,30.0,19.8,16.1,27.4,70.0,63.3,62.8,8.1,13.2,17.3,2025
17057,Fulton,IL,Midwest,Urban core,<25k,31.5,14.5,32.4,21.1,19.9,19.7,69.3,76.7,60.8,12.8,18.3,21.9,2025
17061,Greene,IL,Midwest,Rural,100k-249k,34.6,16.6,36.0,20.5,15.1,30.7,67.0,66.5,64.0,13.2,18.0,24.0,2025
17063,Grundy,IL,Midwest,Urban core,<25k,33.8,12.4,34.0,12.0,15.1,25.1,71.4,64.4,62.1,13.5,19.3,18.8,2025
17003,Alexander,IL,Midwest,Suburban,<25k,22.2,10.0,24.5,11.4,17.2,18.1,73.7,71.3,66.3,1.8,16.9,11.5,2025
17005,Bond,IL,Midwest,Rural,<25k,35.8,14.8,35.3,15.4,17.7,26.6,66.4,67.6,66.3,12.0,15.8,18.0,2025
17017,Cass,IL,Midwest,Small town,25k-99k,30.1,14.4,31.3,17.6,13.0,28.3,70.2,67.3,69.3,15.3,12.9,19.7,2025
17023,Clark,IL,Midwest,Small town,25k-99k,35.5,14.9,35.0,19.0,15.5,27.9,69.9,68.2,56.5,12.6,18.0,18.5,2025
17027,Clinton,IL,Midwest,Urban core,100k-249k,18.0,8.6,28.6,8.3,15.3,18.8,76.9,77.6,71.1,5.6,15.4,12.6,2025
17031,Cook,IL,Midwest,Urban core,<25k,39.1,17.9,40.8,21.2,17.0,27.3,67.2,67.5,63.0,17.2,17.9,28.0,2025
17043,DuPage,IL,Midwest,Suburban,250k+,24.0,8.4,27.6,17.2,17.1,23.0,71.6,74.5,69.9,7.2,16.5,16.3,2025
17059,Gallatin,IL,Midwest,Suburban,25k-99k,27.6,13.7,25.7,17.0,16.8,15.6,70.9,68.8,66.7,10.0,19.0,14.8,2025
17079,Jasper,IL,Midwest,Suburban,25k-99k,15.5,9.4,26.4,9.1,18.1,18.8,72.8,77.6,69.6,4.8,12.5,10.4,2025
17097,Lake,IL,Midwest,Rural,100k-249k,29.8,14.4,29.2,22.7,11.1,31.4,70.6,63.3,62.3,7.6,13.4,13.9,2025
17101,Lawrence,IL,Midwest,Small town,25k-99k,26.3,8.1,27.8,13.9,16.5,21.7,72.5,72.9,70.1,7.6,10.1,14.9,2025
17123,Marshall,IL,Midwest,Urban core,<25k,25.5,11.7,33.1,16.3,14.6,19.3,77.0,77.3,62.9,7.5,17.9,17.4,2025
17125,Mason,IL,Midwest,Suburban,25k-99k,31.9,16.2,30.7,13.7,13.4,23.0,68.7,67.3,66.3,3.9,18.8,15.2,2025
17129,Menard,IL,Midwest,Rural,<25k,29.2,13.1,30.7,17.8,14.8,22.9,70.3,69.4,67.9,10.4,14.3,18.4,2025
17147,Piatt,IL,Midwest,Small town,100k-249k,33.5,13.3,36.0,18.7,14.4,23.7,71.6,67.4,69.7,6.7,16.4,15.2,2025
17153,Pulaski,IL,Midwest,Rural,250k+,31.8,11.0,30.5,17.5,11.8,23.2,65.2,66.8,66.2,7.2,14.8,18.2,2025
17161,Rock Island,IL,Midwest,Small town,25k-99k,21.8,10.4,25.2,14.6,10.6,22.6,73.6,75.7,69.1,8.2,13.7,15.0,2025
17165,Saline,IL,Midwest,Rural,<25k,28.2,11.9,27.7,14.6,14.9,25.2,71.6,69.9,65.4,6.6,12.5,15.9,2025
17181,Union,IL,Midwest,Rural,25k-99k,24.6,8.9,29.3,14.3,20.2,24.3,66.8,69.3,67.4,7.0,14.6,15.7,2025
17185,Wabash,IL,Midwest,Small town,25k-99k,23.9,11.5,28.2,12.0,12.5,20.9,70.9,73.9,67.5,11.0,14.0,18.0,2025
17189,Washington,IL,Midwest,Small town,<25k,32.8,16.6,32.9,16.8,15.1,25.3,71.2,69.4,62.3,12.7,14.7,19.5,2025
17197,Will,IL,Midwest,Urban core,<25k,29.5,12.9,35.7,15.2,15.9,24.7,72.6,68.8,59.2,8.1,15.9,15.1,2025
17001,Adams,IL,Midwest,Rural,<25k,41.5,18.0,35.6,15.8,13.8,29.3,67.3,62.2,62.4,13.9,17.8,23.9,2025
17007,Boone,IL,Midwest,Suburban,250k+,17.2,7.0,24.0,12.5,19.8,18.0,74.5,72.8,74.7,4.6,9.4,13.8,2025
17009,Brown,IL,Midwest,Small town,100k-249k,34.5,12.1,30.1,16.5,16.0,25.6,77.4,66.8,64.9,7.5,13.3,17.2,2025
17011,Bureau,IL,Midwest,Small town,250k+,25.5,12.7,26.8,10.3,15.1,17.3,69.4,75.7,66.6,7.7,13.4,14.7,2025
17013,Calhoun,IL,Midwest,Small town,25k-99k,23.1,6.6,27.7,17.9,24.9,22.5,75.6,71.3,64.2,7.4,11.1,13.8,2025
17015,Carroll,IL,Midwest,Urban core,100k-249k,23.9,8.7,28.9,11.9,20.7,19.3,70.7,74.2,66.5,4.9,16.4,11.3,2025
17019,Champaign,IL,Midwest,Rural,<25k,19.2,5.1,23.3,11.0,14.5,19.2,78.1,74.8,67.5,2.1,11.2,10.0,2025
17021,Christian,IL,Midwest,Suburban,25k-99k,35.7,16.3,36.4,15.4,11.1,22.7,67.6,71.7,63.1,9.4,11.9,20.4,2025
17025,Clay,IL,Midwest,Urban core,100k-249k,26.9,11.5,26.3,9.1,17.9,18.5,74.9,76.9,66.5,5.1,18.9,14.2,2025
17029,Coles,IL,Midwest,Rural,<25k,21.2,6.7,25.7,13.1,14.3,15.1,74.4,80.4,71.7,2.9,11.7,10.1,2025
17033,Crawford,IL,Midwest,Small town,100k-249k,28.5,17.2,30.7,19.1,15.2,30.7,68.7,72.7,60.4,12.4,14.5,16.1,2025
17035,Cumberland,IL,Midwest,Rural,<25k,26.5,12.0,31.8,11.2,13.7,27.5,68.9,72.5,66.9,8.5,14.2,12.7,2025
17037,DeKalb,IL,Midwest,Small town,25k-99k,30.9,18.0,31.8,15.6,20.5,21.1,67.8,70.4,62.7,10.1,21.6,15.1,2025
17039,De Witt,IL,Midwest,Urban core,250k+,37.4,16.7,32.2,15.6,17.9,27.9,71.4,65.6,62.6,11.7,21.6,18.4,2025
17041,Douglas,IL,Midwest,Urban core,100k-249k,18.9,10.5,27.6,10.2,18.6,20.2,76.5,71.1,73.6,9.8,17.6,8.9,2025
17045,Edgar,IL,Midwest,Suburban,250k+,27.7,10.8,32.4,18.3,14.5,26.1,73.3,72.5,65.0,11.2,16.5,15.6,2025
17047,Edwards,IL,Midwest,Small town,<25k,26.1,7.3,27.9,15.1,17.2,22.9,72.1,75.7,71.8,5.1,10.1,13.7,2025
17049,Effingham,IL,Midwest,Suburban,250k+,29.1,13.3,33.5,19.3,13.1,24.2,69.1,70.9,64.0,7.9,17.6,14.7,2025
17103,Lee,IL,Midwest,Suburban,<25k,43.0,18.5,38.0,24.4,16.3,26.1,67.7,67.0,63.4,11.0,18.5,25.5,2025
17105,Livingston,IL,Midwest,Suburban,250k+,28.5,14.1,27.6,15.2,15.6,26.5,68.9,73.3,60.8,9.4,15.6,17.2,2025
17107,Logan,IL,Midwest,Small town,100k-249k,17.2,5.5,26.5,8.0,18.2,16.4,78.5,74.7,73.4,1.5,6.0,12.4,2025
17109,McDonough,IL,Midwest,Urban core,250k+,20.1,8.3,25.8,8.2,14.4,15.5,78.7,78.4,65.6,4.3,13.5,12.1,2025
17111,McHenry,IL,Midwest,Rural,25k-99k,26.6,13.2,25.6,16.4,17.7,23.1,71.9,73.5,71.6,11.0,13.5,15.6,2025
17113,McLean,IL,Midwest,Urban core,250k+,36.6,15.5,34.9,19.6,14.4,23.9,69.0,67.5,64.7,10.7,16.3,19.2,2025
17115,Macon,IL,Midwest,Rural,<25k,39.4,13.8,35.6,24.1,16.1,33.7,67.4,69.7,59.0,10.1,16.0,22.6,2025
17065,Hamilton,IL,Midwest,Rural,100k-249k,30.0,12.5,32.0,17.7,17.1,27.4,70.6,70.5,63.6,3.1,15.3,16.5,2025
17067,Hancock,IL,Midwest,Suburban,<25k,28.2,12.9,32.1,17.5,17.5,24.3,69.6,66.9,63.9,7.6,14.6,18.2,2025
17069,Hardin,IL,Midwest,Suburban,25k-99k,26.5,15.9,30.6,16.3,12.8,19.9,71.0,71.6,70.7,7.2,14.6,14.4,2025
17071,Henderson,IL,Midwest,Urban core,100k-249k,25.8,11.4,31.6,16.4,18.5,21.6,72.1,73.8,65.3,8.4,11.9,16.0,2025
17073,Henry,IL,Midwest,Urban core,100k-249k,32.4,13.0,38.5,23.2,15.3,26.0,71.0,67.9,62.7,10.6,19.7,18.3,2025
17075,Iroquois,IL,Midwest,Small town,250k+,29.9,13.6,33.7,15.5,15.0,24.8,73.4,68.8,68.4,8.5,17.3,16.8,2025
17077,Jackson,IL,Midwest,Rural,100k-249k,32.1,12.0,34.9,18.7,19.3,25.6,70.1,63.4,64.1,10.6,18.1,21.8,2025
17081,Jefferson,IL,Midwest,Urban core,<25k,28.8,16.9,30.3,18.8,18.3,18.3,71.5,72.9,69.6,11.2,17.8,14.2,2025
17083,Jersey,IL,Midwest,Rural,<25k,31.7,11.3,29.6,18.3,17.8,28.1,70.5,62.8,64.3,5.3,8.6,14.6,2025
17085,Jo Daviess,IL,Midwest,Rural,100k-249k,36.7,13.8,30.7,16.2,16.6,26.3,67.7,70.4,65.5,6.4,14.4,16.0,2025
17087,Johnson,IL,Midwest,Urban core,100k-249k,25.8,12.7,29.5,12.3,23.0,19.9,76.7,71.2,64.8,9.3,13.9,15.8,2025
17089,Kane,IL,Midwest,Rural,25k-99k,28.3,11.6,29.3,22.8,17.4,25.2,69.0,67.2,65.5,14.1,13.0,17.2,2025
17091,Kankakee,IL,Midwest,Urban core,<25k,30.2,14.4,30.4,19.4,21.4,25.7,72.5,71.4,65.6,12.1,19.2,17.0,2025
17093,Kendall,IL,Midwest,Small town,<25k,33.5,13.1,33.9,17.3,13.0,29.6,69.9,63.4,66.6,12.4,18.2,18.4,2025
17095,Knox,IL,Midwest,Rural,25k-99k,34.0,12.1,35.2,15.4,13.0,29.6,68.9,69.1,65.1,11.9,12.7,17.4,2025
17099,LaSalle,IL,Midwest,Urban core,100k-249k,25.0,11.0,32.7,12.4,18.5,20.4,72.5,73.9,62.9,10.6,11.5,13.2,2025
17163,St. Clair,IL,Midwest,Urban core,100k-249k,29.5,12.2,31.6,14.4,18.6,16.3,77.6,69.5,66.6,11.5,17.5,16.4,2025
17167,Sangamon,IL,Midwest,Small town,250k+,28.8,13.9,30.9,16.7,11.9,25.9,72.0,67.5,64.5,12.8,10.2,16.6,2025
17169,Schuyler,IL,Midwest,Urban core,100k-249k,30.0,11.9,30.0,15.9,16.4,21.9,73.6,73.0,62.7,12.5,16.9,17.2,2025
17171,Scott,IL,Midwest,Urban core,25k-99k,30.3,14.4,32.4,10.6,17.0,28.6,71.1,72.2,67.3,15.0,19.1,18.4,2025
17173,Shelby,IL,Midwest,Small town,250k+,28.3,9.2,30.6,14.4,14.7,18.4,71.6,70.6,71.8,8.0,11.8,16.0,2025
17117,Macoupin,IL,Midwest,Suburban,100k-249k,41.8,16.7,35.5,21.4,14.4,23.4,71.2,72.6,66.4,14.6,20.0,17.8,2025
17119,Madison,IL,Midwest,Urban core,<25k,25.0,10.8,30.3,19.0,16.1,21.7,74.1,72.9,68.6,6.1,14.5,13.7,2025
17121,Marion,IL,Midwest,Urban core,25k-99k,33.1,15.6,33.2,14.7,11.8,26.5,69.9,71.2,68.2,10.7,16.2,17.3,2025
17127,Massac,IL,Midwest,Small town,100k-249k,28.5,12.5,29.9,17.5,19.1,22.7,66.8,75.9,62.6,7.1,15.7,14.7,2025
17131,Mercer,IL,Midwest,Urban core,100k-249k,26.1,12.9,34.8,17.2,14.6,25.8,74.5,68.3,67.6,7.3,17.8,20.5,2025
17133,Monroe,IL,Midwest,Urban core,100k-249k,20.0,12.0,27.1,13.7,16.3,20.5,74.9,79.8,64.1,5.9,10.4,13.7,2025
17135,Montgomery,IL,Midwest,Suburban,<25k,22.4,11.4,30.0,17.2,15.5,21.0,71.4,72.7,67.4,8.0,15.1,14.2,2025
17137,Morgan,IL,Midwest,Small town,25k-99k,27.3,13.4,30.8,10.3,12.2,22.3,69.8,68.8,66.9,8.9,15.5,15.3,2025
17139,Moultrie,IL,Midwest,Small town,<25k,31.9,14.1,34.2,16.0,16.6,26.6,71.0,64.8,61.5,9.2,17.4,16.6,2025
17141,Ogle,IL,Midwest,Small town,250k+,30.6,13.2,26.1,8.7,18.1,18.7,76.1,71.6,64.9,6.2,16.6,11.7,2025
17143,Peoria,IL,Midwest,Rural,<25k,33.4,13.7,32.0,19.1,15.9,26.1,74.4,68.5,70.3,13.8,8.5,17.0,2025
17145,Perry,IL,Midwest,Small town,25k-99k,32.8,13.4,28.9,18.5,17.1,23.9,67.8,67.3,66.2,9.3,14.6,16.8,2025
17149,Pike,IL,Midwest,Rural,<25k,20.4,5.9,27.7,15.0,13.6,18.3,77.0,76.1,64.9,7.1,12.2,9.1,2025
17151,Pope,IL,Midwest,Rural,<25k,24.5,6.9,25.9,10.9,16.2,18.2,75.1,73.6,63.5,5.9,9.0,14.3,2025
17155,Putnam,IL,Midwest,Small town,25k-99k,32.3,10.5,33.4,15.7,12.9,26.7,72.2,73.1,64.7,8.3,18.0,18.2,2025
17157,Randolph,IL,Midwest,Small town,250k+,26.1,12.2,29.9,12.3,15.9,17.6,73.0,72.2,70.2,10.5,15.6,14.0,2025
17159,Richland,IL,Midwest,Rural,100k-249k,30.5,14.1,29.2,15.9,23.5,31.7,70.0,69.2,66.1,5.6,13.2,21.8,2025
17175,Stark,IL,Midwest,Rural,250k+,33.5,16.1,32.6,20.2,14.4,27.3,64.4,63.1,67.2,9.0,19.7,17.7,2025
17177,Stephenson,IL,Midwest,Urban core,25k-99k,35.9,15.4,34.5,18.3,15.8,22.2,71.8,68.1,64.4,11.9,20.3,21.5,2025
17179,Tazewell,IL,Midwest,Suburban,25k-99k,30.7,10.9,30.2,14.7,19.6,23.1,73.8,74.8,63.9,10.1,15.7,16.6,2025
17183,Vermilion,IL,Midwest,Suburban,25k-99k,34.9,20.8,38.1,16.5,14.0,32.0,68.6,69.2,62.0,14.6,19.3,21.5,2025
17187,Warren,IL,Midwest,Urban core,250k+,27.9,14.2,33.5,16.3,15.5,23.9,70.9,73.7,66.6,9.9,15.2,14.4,2025
17191,Wayne,IL,Midwest,Rural,25k-99k,30.9,11.2,27.9,19.8,14.8,25.0,69.7,70.8,67.9,12.2,14.8,12.2,2025
17193,White,IL,Midwest,Rural,250k+,46.4,20.1,37.9,26.7,13.3,33.5,65.6,61.1,62.5,15.5,18.8,27.7,2025
17195,Whiteside,IL,Midwest,Suburban,25k-99k,26.6,10.4,30.3,8.2,17.5,17.7,75.4,73.3,67.7,7.7,20.0,15.5,2025
17199,Williamson,IL,Midwest,Urban core,<25k,16.8,5.8,25.1,8.0,22.3,16.7,80.0,80.7,78.0,2.3,8.9,8.7,2025
17201,Winnebago,IL,Midwest,Rural,250k+,28.4,12.2,29.5,13.6,12.7,21.9,69.1,69.3,62.4,8.1,16.0,16.0,2025
17203,Woodford,IL,Midwest,Small town,100k-249k,20.6,12.7,28.1,17.3,11.2,24.6,68.8,72.1,71.2,8.6,20.7,16.0,2025
18025,Crawford,IN,Midwest,Suburban,25k-99k,34.1,12.8,36.0,17.7,11.8,27.5,74.1,67.1,69.2,10.0,17.7,17.8,2025
18029,Dearborn,IN,Midwest,Rural,<25k,32.4,11.4,29.7,14.3,14.3,26.7,72.2,62.4,61.7,10.9,10.5,18.2,2025
18031,Decatur,IN,Midwest,Small town,250k+,24.3,9.0,27.5,11.3,16.6,19.1,70.5,78.3,65.7,5.3,10.1,14.7,2025
18035,Delaware,IN,Midwest,Suburban,100k-249k,22.1,10.0,27.5,11.2,13.5,11.8,74.8,70.2,72.0,5.2,10.5,11.9,2025
18037,Dubois,IN,Midwest,Suburban,100k-249k,30.4,13.1,28.5,17.8,15.1,20.7,70.7,71.0,67.4,6.6,16.2,12.4,2025
18039,Elkhart,IN,Midwest,Suburban,25k-99k,30.3,15.2,31.7,15.3,14.4,26.6,75.8,69.6,63.0,6.3,19.7,15.7,2025
18041,Fayette,IN,Midwest,Suburban,<25k,33.3,14.5,35.0,15.4,12.2,28.0,67.7,66.9,64.1,12.7,18.3,20.3,2025
18043,Floyd,IN,Midwest,Urban core,25k-99k,24.3,11.3,27.4,13.4,15.8,18.9,71.2,72.4,70.4,9.1,17.8,14.7,2025
18045,Fountain,IN,Midwest,Small town,<25k,31.8,15.3,34.8,18.7,13.6,25.3,70.5,70.2,62.8,9.0,15.5,21.5,2025
18047,Franklin,IN,Midwest,Rural,25k-99k,37.2,12.6,33.3,26.3,12.2,28.1,72.2,72.0,59.7,12.6,14.9,23.2,2025
18053,Grant,IN,Midwest,Rural,<25k,33.6,17.2,31.7,17.6,15.5,29.1,65.0,68.3,64.7,7.0,22.9,20.2,2025
18055,Greene,IN,Midwest,Small town,100k-249k,39.1,20.0,37.5,21.6,14.3,28.3,65.8,65.6,56.9,12.1,19.5,18.9,2025
18057,Hamilton,IN,Midwest,Rural,<25k,26.2,7.3,29.1,14.1,14.1,21.4,72.7,69.4,63.4,4.1,6.0,11.3,2025
18059,Hancock,IN,Midwest,Small town,100k-249k,33.6,13.7,31.3,18.8,14.4,27.3,68.4,68.4,63.4,14.4,15.0,17.0,2025
18063,Hendricks,IN,Midwest,Suburban,250k+,26.5,11.9,32.3,19.7,13.1,23.8,76.5,70.4,65.0,7.7,21.2,17.6,2025
18065,Henry,IN,Midwest,Small town,250k+,40.9,18.2,36.0,16.2,13.7,30.5,70.5,62.3,61.5,9.2,17.4,20.3,2025
18069,Huntington,IN,Midwest,Urban core,100k-249k,21.7,7.9,31.6,10.5,19.0,19.4,75.6,72.0,65.9,10.7,20.2,13.2,2025
18073,Jasper,IN,Midwest,Urban core,25k-99k,26.9,13.7,30.7,15.9,13.0,20.6,75.8,71.7,62.2,9.0,14.9,15.2,2025
18075,Jay,IN,Midwest,Small town,25k-99k,20.6,8.6,22.8,13.0,17.4,19.8,69.5,74.2,70.0,3.9,14.6,11.6,2025
18077,Jefferson,IN,Midwest,Rural,<25k,32.9,14.7,30.0,14.5,11.2,28.4,68.8,67.8,61.2,9.5,14.7,22.8,2025
18079,Jennings,IN,Midwest,Urban core,<25k,18.6,7.1,26.2,10.2,16.3,17.3,77.0,83.9,71.7,5.4,17.4,11.7,2025
18081,Johnson,IN,Midwest,Small town,100k-249k,29.3,15.6,37.5,14.4,15.5,28.7,69.4,73.5,63.0,13.2,21.2,17.8,2025
18085,Kosciusko,IN,Midwest,Rural,<25k,34.4,12.1,32.6,17.4,13.7,18.6,68.5,67.6,62.1,10.4,19.8,17.6,2025
18087,LaGrange,IN,Midwest,Urban core,<25k,23.6,9.1,25.6,16.0,14.8,22.1,72.9,69.5,69.1,9.6,18.9,14.6,2025
18001,Adams,IN,Midwest,Rural,100k-249k,36.2,13.5,32.6,23.0,18.8,25.5,69.8,64.7,62.7,7.7,19.7,14.0,2025
18007,Benton,IN,Midwest,Small town,<25k,25.4,8.8,30.3,8.1,19.2,19.3,69.1,71.5,62.7,9.2,8.5,18.5,2025
18017,Cass,IN,Midwest,Suburban,25k-99k,38.0,16.2,36.8,17.3,13.7,29.2,68.9,68.0,60.7,13.9,18.0,21.1,2025
18027,Daviess,IN,Midwest,Suburban,100k-249k,26.7,11.7,27.4,5.9,14.1,18.4,72.3,65.3,62.4,12.3,18.1,14.1,2025
18033,DeKalb,IN,Midwest,Small town,25k-99k,30.7,12.5,28.7,11.6,15.8,20.6,70.0,75.4,70.3,13.8,15.7,18.3,2025
18049,Fulton,IN,Midwest,Small town,<25k,25.6,9.4,27.4,14.5,18.6,23.2,73.1,69.6,70.3,7.2,16.8,17.3,2025
18051,Gibson,IN,Midwest,Small town,100k-249k,23.3,10.3,29.5,11.0,22.7,21.4,74.2,74.1,68.9,7.6,15.7,17.9,2025
18061,Harrison,IN,Midwest,Urban core,25k-99k,30.7,14.2,33.0,11.4,18.7,22.2,76.3,72.7,70.6,12.3,16.3,13.5,2025
18067,Howard,IN,Midwest,Rural,<25k,32.5,16.8,33.0,19.8,8.3,31.8,64.9,67.2,60.3,14.0,15.1,18.3,2025
18071,Jackson,IN,Midwest,Rural,<25k,34.4,13.4,32.3,18.4,13.8,28.6,70.4,63.3,59.2,8.3,13.6,18.6,2025
18083,Knox,IN,Midwest,Rural,<25k,24.5,9.4,28.2,10.7,18.0,18.8,74.0,68.5,77.6,4.0,12.1,15.4,2025
18093,Lawrence,IN,Midwest,Small town,<25k,33.1,17.2,35.3,18.6,18.8,27.4,71.7,67.5,66.8,14.0,20.0,18.5,2025
18107,Montgomery,IN,Midwest,Small town,25k-99k,21.8,12.2,30.0,13.0,16.3,22.7,72.4,74.2,70.4,6.2,11.0,18.1,2025
18123,Perry,IN,Midwest,Rural,25k-99k,40.3,13.7,35.9,17.3,14.4,26.4,68.1,62.1,61.4,10.6,13.0,22.0,2025
18125,Pike,IN,Midwest,Urban core,100k-249k,27.7,15.5,32.0,19.0,17.9,23.4,71.2,76.0,63.3,8.9,13.7,19.1,2025
18131,Pulaski,IN,Midwest,Small town,250k+,26.9,9.4,27.2,14.8,16.7,20.5,70.9,78.3,70.3,8.3,16.3,16.4,2025
18145,Shelby,IN,Midwest,Small town,25k-99k,21.5,9.4,24.8,8.6,16.6,18.9,72.5,76.1,64.5,3.9,11.9,12.4,2025
18147,Spencer,IN,Midwest,Small town,<25k,27.1,12.4,29.7,15.5,19.1,23.4,73.8,72.6,67.5,9.1,16.6,18.1,2025
18161,Union,IN,Midwest,Small town,25k-99k,28.2,13.7,32.5,17.9,14.5,25.5,71.6,72.6,58.4,10.6,16.4,20.6,2025
18175,Washington,IN,Midwest,Urban core,<25k,32.2,15.0,31.8,17.6,12.6,24.1,71.3,68.9,67.3,13.1,15.0,18.2,2025
18179,Wells,IN,Midwest,Rural,100k-249k,34.0,12.4,30.9,17.7,10.9,26.5,74.0,69.2,60.4,11.8,14.9,16.8,2025
18181,White,IN,Midwest,Small town,250k+,27.8,11.5,32.6,16.6,16.5,26.9,73.4,73.7,66.6,2.7,17.3,15.7,2025
18003,Allen,IN,Midwest,Urban core,250k+,24.4,13.1,32.8,14.8,18.5,19.6,75.7,71.8,67.2,8.6,15.7,15.0,2025
18005,Bartholomew,IN,Midwest,Suburban,250k+,22.0,11.5,31.9,12.2,19.1,23.7,69.9,72.8,61.7,11.1,20.0,14.9,2025
18009,Blackford,IN,Midwest,Rural,25k-99k,31.3,9.1,26.4,13.5,20.0,21.1,72.6,62.2,67.1,1.5,12.9,17.6,2025
18011,Boone,IN,Midwest,Rural,25k-99k,35.1,13.2,34.0,20.6,14.5,30.4,69.1,66.8,59.5,9.4,15.1,18.3,2025
18013,Brown,IN,Midwest,Suburban,250k+,35.7,19.2,34.3,18.8,15.7,25.3,66.2,65.2,62.8,16.2,17.3,20.7,2025
18015,Carroll,IN,Midwest,Suburban,100k-249k,20.1,6.9,29.5,12.7,17.3,20.5,72.8,74.0,70.3,6.8,11.4,12.1,2025
18019,Clark,IN,Midwest,Rural,100k-249k,33.6,12.8,32.9,20.1,9.7,25.2,70.3,66.6,62.1,6.9,13.1,15.7,2025
18021,Clay,IN,Midwest,Small town,100k-249k,35.0,16.3,33.5,21.5,12.9,28.4,69.7,66.4,63.6,14.2,19.1,18.7,2025
18023,Clinton,IN,Midwest,Suburban,<25k,23.0,10.2,26.8,15.2,16.6,14.9,76.2,72.6,66.5,4.7,16.2,15.7,2025
18105,Monroe,IN,Midwest,Small town,<25k,28.7,17.0,34.7,13.9,15.6,28.4,70.7,68.4,65.9,11.2,20.2,17.0,2025
18109,Morgan,IN,Midwest,Rural,<25k,36.9,12.5,34.0,24.8,14.2,28.0,71.7,64.2,67.9,8.0,15.1,21.7,2025
18111,Newton,IN,Midwest,Small town,25k-99k,27.8,14.9,34.2,21.0,13.2,24.6,70.8,65.2,63.1,11.5,16.2,20.9,2025
18113,Noble,IN,Midwest,Rural,25k-99k,23.8,8.2,25.4,15.6,12.1,22.1,71.2,68.7,62.4,2.3,10.6,16.4,2025
18115,Ohio,IN,Midwest,Small town,<25k,33.3,13.5,33.1,16.5,15.7,26.5,72.2,67.4,64.8,8.1,16.7,18.8,2025
18117,Orange,IN,Midwest,Urban core,25k-99k,21.6,8.1,28.9,9.9,16.2,18.2,70.1,78.5,69.3,9.9,16.1,15.0,2025
18119,Owen,IN,Midwest,Small town,100k-249k,28.4,11.1,30.9,11.7,16.8,21.7,73.1,72.6,68.0,8.4,16.5,16.2,2025
18121,Parke,IN,Midwest,Small town,25k-99k,24.4,10.9,27.1,17.3,17.7,23.3,71.6,77.0,63.5,7.5,12.0,18.2,2025
18127,Porter,IN,Midwest,Small town,100k-249k,40.1,16.8,34.0,18.8,15.0,24.0,73.1,70.1,55.6,13.6,16.9,18.7,2025
18149,Starke,IN,Midwest,Rural,<25k,28.2,10.0,30.9,14.9,17.2,19.3,74.9,66.9,65.9,6.6,13.2,18.6,2025
18151,Steuben,IN,Midwest,Urban core,25k-99k,24.4,10.6,29.6,15.0,17.6,20.7,76.2,76.9,66.6,8.0,14.7,14.4,2025
18153,Sullivan,IN,Midwest,Urban core,100k-249k,18.0,6.3,26.3,11.8,18.2,13.4,77.5,79.1,72.0,7.0,20.0,11.8,2025
18155,Switzerland,IN,Midwest,Rural,25k-99k,34.1,14.6,35.5,20.8,15.6,29.0,64.8,70.0,59.7,12.6,20.0,21.8,2025
18157,Tippecanoe,IN,Midwest,Suburban,<25k,27.1,9.6,30.8,8.2,15.1,18.2,77.7,76.7,70.9,2.7,13.2,15.3,2025
18159,Tipton,IN,Midwest,Small town,25k-99k,33.7,13.5,35.3,19.9,16.9,27.3,71.3,71.5,65.7,11.8,19.9,17.0,2025
18163,Vanderburgh,IN,Midwest,Small town,100k-249k,33.7,14.2,35.4,25.2,13.9,28.3,70.3,68.3,66.1,7.7,13.6,19.0,2025
18129,Posey,IN,Midwest,Suburban,<25k,34.9,16.6,32.7,15.1,14.0,24.8,67.7,72.7,66.1,12.2,16.7,19.1,2025
18133,Putnam,IN,Midwest,Small town,<25k,28.7,15.3,27.2,19.4,13.7,20.9,68.3,73.1,65.6,10.9,19.5,14.2,2025
18135,Randolph,IN,Midwest,Suburban,25k-99k,33.8,15.9,33.1,17.0,14.9,24.4,72.1,74.7,67.4,13.5,18.1,20.3,2025
18137,Ripley,IN,Midwest,Urban core,<25k,25.2,13.5,31.3,10.9,20.9,22.6,74.8,73.2,72.7,12.3,20.8,17.1,2025
18139,Rush,IN,Midwest,Rural,<25k,34.6,14.7,33.4,21.7,14.9,29.4,72.2,71.3,60.4,12.0,20.2,18.5,2025
18141,St. Joseph,IN,Midwest,Urban core,100k-249k,27.3,13.0,29.2,14.5,17.2,24.7,72.6,76.2,65.8,10.3,15.2,18.0,2025
18143,Scott,IN,Midwest,Urban core,<25k,30.6,16.7,34.4,17.3,22.2,27.1,71.3,69.0,65.0,14.0,21.7,22.2,2025
18089,Lake,IN,Midwest,Suburban,100k-249k,18.1,5.3,23.0,11.5,17.1,20.3,77.7,77.4,65.8,6.8,15.1,14.2,2025
18091,LaPorte,IN,Midwest,Urban core,25k-99k,26.7,10.7,30.4,10.7,20.3,18.9,75.2,72.5,66.8,10.1,12.8,13.1,2025
18095,Madison,IN,Midwest,Suburban,250k+,34.8,19.7,35.9,17.3,12.2,27.9,69.7,69.1,65.4,17.0,19.5,19.5,2025
18097,Marion,IN,Midwest,Suburban,<25k,27.8,11.1,31.7,17.7,16.6,21.9,71.2,71.3,59.4,11.0,17.9,17.8,2025
18099,Marshall,IN,Midwest,Urban core,100k-249k,20.5,7.2,24.8,8.5,21.6,15.2,78.8,79.5,69.8,2.2,13.4,6.8,2025
18101,Martin,IN,Midwest,Rural,250k+,33.9,15.7,34.9,17.6,15.2,28.3,67.1,66.0,63.9,12.4,17.9,18.4,2025
18103,Miami,IN,Midwest,Rural,<25k,38.6,14.6,28.7,21.0,13.0,25.7,70.0,69.0,65.0,7.7,14.2,19.0,2025
18165,Vermillion,IN,Midwest,Rural,100k-249k,23.3,8.5,23.1,12.3,17.0,22.8,75.2,74.3,67.4,3.8,9.1,16.2,2025
18167,Vigo,IN,Midwest,Rural,<25k,36.1,16.0,34.1,19.3,12.1,28.0,69.2,69.8,60.7,12.9,15.5,23.2,2025
18169,Wabash,IN,Midwest,Suburban,<25k,17.7,6.5,24.6,6.9,19.1,18.1,70.8,72.9,70.3,4.6,12.9,13.0,2025
18171,Warren,IN,Midwest,Small town,25k-99k,24.7,7.0,26.7,11.0,19.6,21.1,69.9,68.9,63.5,4.2,9.7,11.8,2025
18173,Warrick,IN,Midwest,Suburban,25k-99k,26.4,12.0,30.2,14.2,17.0,18.7,72.7,70.9,62.3,9.8,15.7,16.1,2025
18177,Wayne,IN,Midwest,Suburban,<25k,26.6,13.9,29.9,12.3,13.3,26.1,72.9,76.8,61.9,8.0,10.8,18.6,2025
18183,Whitley,IN,Midwest,Suburban,<25k,18.9,11.7,25.8,14.7,18.8,16.4,72.2,76.4,65.7,5.9,12.7,14.5,2025
19185,Wayne,IA,Midwest,Rural,<25k,31.9,13.4,30.8,18.7,18.4,27.1,70.3,71.4,64.7,8.6,13.3,13.7,2025
19187,Webster,IA,Midwest,Small town,100k-249k,42.6,17.8,38.4,18.1,10.3,28.8,67.6,64.9,57.8,13.4,18.3,22.7,2025
19189,Winnebago,IA,Midwest,Small town,25k-99k,33.9,14.9,32.2,16.0,12.2,27.3,69.3,67.4,60.7,9.4,21.7,18.2,2025
19191,Winneshiek,IA,Midwest,Small town,<25k,24.2,8.1,26.7,15.2,13.9,14.2,76.1,75.9,65.0,3.5,14.8,10.7,2025
19193,Woodbury,IA,Midwest,Small town,<25k,39.0,18.1,35.0,24.8,11.6,31.3,70.1,68.8,58.3,15.3,21.0,22.3,2025
19195,Worth,IA,Midwest,Small town,<25k,36.9,15.9,30.0,17.1,13.9,26.2,68.3,67.8,64.5,11.8,18.2,18.1,2025
19197,Wright,IA,Midwest,Small town,100k-249k,27.9,10.0,31.7,13.2,13.4,22.0,75.1,73.0,58.9,8.7,12.6,14.8,2025
19003,Adams,IA,Midwest,Suburban,25k-99k,25.5,13.0,29.4,12.2,19.7,22.7,72.4,73.5,66.6,8.9,17.2,13.2,2025
19005,Allamakee,IA,Midwest,Small town,100k-249k,35.9,19.8,33.1,25.1,14.3,28.6,70.4,68.6,61.0,19.2,14.1,22.9,2025
19007,Appanoose,IA,Midwest,Suburban,<25k,20.6,10.4,28.8,13.4,19.5,18.4,72.2,70.7,71.6,7.7,18.5,11.5,2025
19039,Clarke,IA,Midwest,Rural,25k-99k,32.7,13.3,33.1,19.0,13.0,28.4,68.0,67.0,62.5,8.9,14.3,16.5,2025
19041,Clay,IA,Midwest,Small town,250k+,38.2,19.2,38.1,20.2,16.6,28.9,69.9,68.7,62.9,10.5,20.3,16.7,2025
19043,Clayton,IA,Midwest,Rural,<25k,35.4,15.5,33.3,24.2,15.9,30.3,66.8,68.5,60.5,9.6,18.0,20.2,2025
19047,Crawford,IA,Midwest,Urban core,250k+,36.4,15.5,33.7,18.4,18.1,23.7,67.3,69.2,63.6,11.9,19.5,16.4,2025
19049,Dallas,IA,Midwest,Small town,<25k,26.8,10.4,25.8,13.8,18.4,16.6,72.3,78.1,66.3,4.8,9.3,11.2,2025
19051,Davis,IA,Midwest,Suburban,<25k,24.8,11.0,28.1,12.3,17.5,23.9,73.0,71.6,63.1,9.2,14.9,15.2,2025
19053,Decatur,IA,Midwest,Small town,<25k,29.7,10.3,30.5,17.4,13.0,24.7,72.0,71.2,68.0,10.8,12.3,18.9,2025
19057,Des Moines,IA,Midwest,Rural,25k-99k,31.0,12.9,34.8,15.5,15.8,27.1,63.7,71.3,58.9,9.0,15.1,16.7,2025
19059,Dickinson,IA,Midwest,Urban core,25k-99k,29.8,12.6,29.0,11.6,17.3,21.1,71.5,70.4,68.0,8.5,14.1,14.8,2025
19061,Dubuque,IA,Midwest,Rural,<25k,37.1,13.6,32.5,13.7,14.0,24.2,73.9,69.2,65.9,9.8,12.9,19.1,2025
19063,Emmet,IA,Midwest,Urban core,250k+,23.3,9.9,30.2,14.0,15.4,23.3,71.6,73.4,71.6,4.9,14.9,13.9,2025
19065,Fayette,IA,Midwest,Urban core,100k-249k,27.4,13.8,33.1,21.3,14.8,29.3,70.9,67.0,68.4,12.8,20.8,19.3,2025
19069,Franklin,IA,Midwest,Suburban,25k-99k,27.3,14.0,33.7,20.3,13.3,20.5,72.3,72.0,67.0,3.3,16.4,20.3,2025
19071,Fremont,IA,Midwest,Small town,25k-99k,24.9,11.9,28.9,17.6,19.9,23.0,71.2,72.7,69.8,7.3,14.5,16.4,2025
19073,Greene,IA,Midwest,Rural,25k-99k,34.1,13.7,31.1,18.7,12.5,23.5,75.1,72.0,59.0,7.3,16.4,19.0,2025
19075,Grundy,IA,Midwest,Rural,100k-249k,26.8,15.9,31.2,14.5,13.5,22.1,70.8,69.7,59.7,6.1,13.5,14.9,2025
19011,Benton,IA,Midwest,Rural,25k-99k,22.2,8.2,22.0,13.3,16.5,20.3,73.6,72.2,68.0,5.4,6.0,13.7,2025
19013,Black Hawk,IA,Midwest,Small town,25k-99k,30.5,11.1,30.4,16.6,19.9,20.3,72.2,71.4,67.7,6.4,16.3,17.9,2025
19015,Boone,IA,Midwest,Urban core,100k-249k,24.8,9.9,29.5,11.0,21.1,17.1,79.5,75.0,75.6,6.9,11.6,11.7,2025
19017,Bremer,IA,Midwest,Urban core,<25k,34.6,16.7,38.9,14.6,14.8,24.7,66.1,70.3,62.1,17.6,21.1,20.2,2025
19019,Buchanan,IA,Midwest,Rural,25k-99k,32.1,17.5,32.7,23.3,14.3,35.0,71.8,64.3,64.2,13.6,16.8,20.0,2025
19023,Butler,IA,Midwest,Suburban,25k-99k,33.9,18.3,31.8,17.9,12.4,26.1,67.0,73.0,69.0,12.2,16.2,18.4,2025
19025,Calhoun,IA,Midwest,Rural,<25k,34.5,15.6,31.2,13.6,14.1,24.6,69.8,71.0,64.4,10.3,12.7,19.4,2025
19027,Carroll,IA,Midwest,Small town,25k-99k,30.8,11.5,28.3,16.4,15.8,21.4,72.4,71.1,65.7,11.6,10.6,15.2,2025
19029,Cass,IA,Midwest,Suburban,25k-99k,32.0,16.1,35.1,17.5,16.9,28.4,66.2,63.6,65.5,10.6,11.5,19.2,2025
19031,Cedar,IA,Midwest,Suburban,250k+,30.6,12.7,28.4,16.9,16.7,27.4,72.8,71.7,68.2,10.7,17.9,16.8,2025
19035,Cherokee,IA,Midwest,Small town,<25k,37.4,13.8,34.5,11.9,19.2,28.2,67.0,68.5,60.5,13.2,18.9,19.3,2025
19037,Chickasaw,IA,Midwest,Rural,25k-99k,39.4,13.8,36.3,20.8,16.0,29.0,70.4,67.2,56.7,9.9,14.7,22.3,2025
19001,Adair,IA,Midwest,Rural,<25k,28.9,8.0,28.3,18.9,11.2,19.4,72.6,72.6,65.7,5.0,10.3,16.6,2025
19009,Audubon,IA,Midwest,Rural,<25k,27.9,9.2,29.4,14.4,17.2,25.6,71.3,74.5,66.1,7.1,13.2,14.9,2025
19021,Buena Vista,IA,Midwest,Rural,<25k,42.4,23.3,38.6,20.1,12.5,34.5,65.6,65.6,51.6,16.5,16.6,21.7,2025
19033,Cerro Gordo,IA,Midwest,Urban core,25k-99k,34.3,18.7,32.7,15.1,15.4,24.9,73.2,67.6,67.6,13.0,18.9,15.8,2025
19045,Clinton,IA,Midwest,Rural,<25k,28.5,13.4,31.2,18.3,17.8,22.1,72.9,65.5,63.1,12.0,12.2,16.3,2025
19055,Delaware,IA,Midwest,Small town,100k-249k,27.6,12.3,29.4,14.6,14.5,25.4,69.5,70.6,63.8,15.5,13.6,17.2,2025
19067,Floyd,IA,Midwest,Rural,<25k,23.8,12.8,25.0,18.8,19.6,20.7,65.8,71.1,66.3,5.9,11.6,17.5,2025
19081,Hancock,IA,Midwest,Small town,100k-249k,25.8,10.7,29.0,17.1,14.2,19.9,71.4,70.3,61.4,5.2,18.7,12.7,2025
19099,Jasper,IA,Midwest,Suburban,250k+,31.5,15.3,35.9,18.1,12.4,24.9,70.8,70.2,63.4,9.4,18.2,19.4,2025
19111,Lee,IA,Midwest,Rural,<25k,42.2,20.0,34.1,21.6,18.1,29.2,65.7,72.5,55.5,11.8,19.2,24.3,2025
19117,Lucas,IA,Midwest,Suburban,250k+,32.0,14.4,33.5,18.2,18.1,24.9,75.4,64.8,59.4,10.1,15.4,15.7,2025
19131,Mitchell,IA,Midwest,Suburban,<25k,28.6,14.4,36.3,18.1,15.0,25.5,71.2,66.5,62.0,14.4,13.3,18.6,2025
19141,O'Brien,IA,Midwest,Rural,250k+,32.2,13.9,33.1,17.6,18.5,25.5,68.3,71.7,59.8,9.8,13.5,18.4,2025
19157,Poweshiek,IA,Midwest,Rural,100k-249k,34.1,11.8,32.0,14.0,13.7,25.1,68.3,66.6,61.7,7.6,14.3,18.0,2025
19163,Scott,IA,Midwest,Suburban,250k+,31.5,14.3,29.9,16.6,15.6,21.1,75.3,69.5,60.2,10.4,14.1,20.5,2025
19175,Union,IA,Midwest,Small town,25k-99k,21.6,9.4,27.6,17.4,19.1,23.9,74.4,70.7,67.9,4.7,14.5,16.4,2025
19121,Madison,IA,Midwest,Rural,<25k,40.2,16.1,32.1,19.8,15.4,33.1,67.5,66.7,54.8,12.5,12.5,19.5,2025
19123,Mahaska,IA,Midwest,Rural,<25k,27.8,9.1,29.8,17.9,13.1,25.1,71.5,68.8,65.8,10.8,13.7,17.3,2025
19125,Marion,IA,Midwest,Urban core,250k+,23.5,4.9,23.5,13.1,21.5,17.7,77.1,77.3,69.0,1.7,17.4,8.7,2025
19127,Marshall,IA,Midwest,Suburban,100k-249k,30.2,16.5,35.7,16.5,17.5,23.5,69.9,72.8,69.3,10.5,12.7,14.6,2025
19129,Mills,IA,Midwest,Rural,<25k,29.7,9.5,25.2,12.7,14.2,22.9,71.8,76.7,71.8,5.7,17.0,17.0,2025
19133,Monona,IA,Midwest,Suburban,100k-249k,26.9,13.8,31.9,12.2,15.6,23.3,69.5,77.6,71.1,9.5,16.3,17.1,2025
19135,Monroe,IA,Midwest,Small town,25k-99k,27.5,18.9,33.7,11.7,14.4,28.6,68.4,64.0,57.5,10.8,17.0,21.1,2025
19137,Montgomery,IA,Midwest,Suburban,100k-249k,19.4,7.0,24.2,8.3,21.2,18.5,79.7,73.5,69.6,5.5,15.1,13.0,2025
19139,Muscatine,IA,Midwest,Suburban,<25k,23.5,9.1,29.0,11.2,15.8,16.1,74.3,67.4,73.9,3.9,11.7,9.9,2025
19143,Osceola,IA,Midwest,Suburban,100k-249k,17.5,9.5,27.0,13.4,22.8,18.5,73.8,73.6,67.7,5.1,14.3,11.8,2025
19145,Page,IA,Midwest,Rural,100k-249k,29.9,12.9,31.0,19.2,15.4,27.0,68.3,63.5,60.8,10.0,12.1,18.0,2025
19147,Palo Alto,IA,Midwest,Urban core,250k+,33.9,16.6,36.5,12.1,14.3,22.1,74.8,74.0,62.4,13.5,24.2,25.1,2025
19149,Plymouth,IA,Midwest,Suburban,25k-99k,26.8,12.4,30.5,16.9,14.1,23.9,74.4,69.2,67.0,10.2,12.5,14.7,2025
19151,Pocahontas,IA,Midwest,Urban core,25k-99k,22.0,7.4,24.6,9.4,19.6,17.1,76.2,76.5,69.6,3.8,17.6,11.3,2025
19153,Polk,IA,Midwest,Urban core,100k-249k,26.0,14.2,30.6,13.9,12.9,21.0,75.5,72.6,63.5,9.9,15.0,18.4,2025
19155,Pottawattamie,IA,Midwest,Small town,100k-249k,25.1,7.0,28.3,12.9,18.9,21.4,71.1,71.2,66.1,6.8,16.8,16.0,2025
19077,Guthrie,IA,Midwest,Urban core,100k-249k,29.5,16.9,33.2,16.7,12.9,24.9,72.2,64.7,67.2,11.8,17.6,17.3,2025
19079,Hamilton,IA,Midwest,Rural,<25k,32.0,11.4,28.7,20.1,16.0,23.3,73.5,67.1,65.7,11.3,15.9,20.1,2025
19083,Hardin,IA,Midwest,Small town,25k-99k,22.8,11.9,29.1,13.2,16.5,25.7,71.3,75.1,67.1,11.2,10.3,13.8,2025
19085,Harrison,IA,Midwest,Small town,<25k,25.1,8.9,30.3,16.9,20.7,21.9,73.7,70.7,66.3,7.4,11.0,12.7,2025
19087,Henry,IA,Midwest,Urban core,250k+,39.5,18.8,37.1,18.1,11.9,27.1,67.2,66.4,62.8,16.5,15.1,21.3,2025
19089,Howard,IA,Midwest,Rural,25k-99k,31.5,11.7,25.6,16.4,14.8,27.7,70.3,69.5,68.7,8.5,13.5,14.3,2025
19091,Humboldt,IA,Midwest,Suburban,<25k,22.3,7.9,27.3,10.2,12.3,18.9,73.4,75.9,69.8,6.6,14.1,10.6,2025
19093,Ida,IA,Midwest,Rural,<25k,25.8,11.6,31.7,24.1,16.1,22.4,75.9,67.9,62.8,5.6,15.7,19.1,2025
19095,Iowa,IA,Midwest,Rural,100k-249k,38.7,16.4,35.1,17.3,17.6,29.5,70.6,61.7,57.5,10.4,18.8,19.7,2025
19097,Jackson,IA,Midwest,Suburban,25k-99k,33.9,16.0,33.2,18.6,12.7,21.0,71.1,63.3,62.0,9.9,18.3,20.0,2025
19101,Jefferson,IA,Midwest,Small town,250k+,23.2,9.9,25.5,14.0,14.6,19.8,71.4,73.1,68.5,8.0,14.3,18.7,2025
19103,Johnson,IA,Midwest,Rural,<25k,27.1,11.3,27.6,17.1,19.4,28.7,72.3,71.7,65.2,7.5,13.9,13.8,2025
19105,Jones,IA,Midwest,Urban core,100k-249k,18.0,7.0,30.1,8.1,18.5,12.2,82.8,71.1,68.9,3.5,17.1,9.6,2025
19107,Keokuk,IA,Midwest,Rural,<25k,35.6,14.8,32.6,21.6,12.5,33.7,67.7,62.0,61.8,10.6,12.7,21.5,2025
19109,Kossuth,IA,Midwest,Small town,100k-249k,41.2,16.9,35.3,18.7,14.6,28.6,67.9,63.8,68.1,13.6,17.9,18.9,2025
19113,Linn,IA,Midwest,Suburban,100k-249k,24.9,10.5,31.6,14.3,15.6,23.1,75.5,69.8,67.7,6.2,16.1,16.8,2025
19115,Louisa,IA,Midwest,Rural,25k-99k,26.6,12.6,29.8,18.1,19.6,24.3,69.0,67.7,65.1,7.6,14.5,15.1,2025
19119,Lyon,IA,Midwest,Small town,250k+,29.5,10.9,29.9,13.3,13.9,24.9,70.1,74.1,61.2,9.6,10.0,16.9,2025
19159,Ringgold,IA,Midwest,Rural,<25k,36.5,12.9,31.4,15.6,13.1,24.5,69.1,70.7,67.9,10.6,9.0,17.4,2025
19161,Sac,IA,Midwest,Rural,<25k,35.2,19.3,38.5,28.3,18.0,28.8,65.5,62.1,64.8,16.9,19.6,17.9,2025
19165,Shelby,IA,Midwest,Small town,<25k,28.3,12.8,30.5,14.0,18.2,22.3,74.3,76.5,60.9,11.3,13.8,16.5,2025
19167,Sioux,IA,Midwest,Small town,<25k,33.2,10.8,25.0,15.0,17.8,19.5,73.2,74.5,67.8,3.0,16.6,15.8,2025
19169,Story,IA,Midwest,Rural,100k-249k,25.8,7.6,31.0,18.4,14.0,27.3,70.7,69.0,63.9,8.8,15.1,15.8,2025
19171,Tama,IA,Midwest,Small town,<25k,21.8,5.9,24.9,11.8,21.8,21.5,75.6,72.9,61.5,5.5,9.9,15.2,2025
19173,Taylor,IA,Midwest,Suburban,100k-249k,30.3,13.5,34.6,13.7,15.9,26.3,76.5,71.4,62.2,11.7,15.3,20.3,2025
19177,Van Buren,IA,Midwest,Urban core,250k+,27.4,12.1,28.9,9.5,16.1,18.0,73.5,69.1,70.3,8.3,16.1,15.1,2025
19179,Wapello,IA,Midwest,Small town,<25k,28.4,13.4,30.0,15.1,16.9,26.0,67.1,68.7,63.9,8.4,14.3,16.8,2025
19181,Warren,IA,Midwest,Small town,25k-99k,34.0,16.0,34.8,15.6,11.7,22.3,71.4,64.4,55.7,9.2,16.0,19.3,2025
19183,Washington,IA,Midwest,Urban core,100k-249k,33.8,15.2,35.1,15.0,15.2,28.3,71.9,69.1,65.2,9.6,21.4,21.0,2025
20021,Cherokee,KS,Midwest,Suburban,100k-249k,31.7,12.8,28.5,15.8,17.0,25.9,72.2,69.8,65.5,8.4,16.7,22.6,2025
20023,Cheyenne,KS,Midwest,Small town,<25k,35.1,15.0,31.3,23.6,9.7,26.7,67.2,71.3,65.5,13.2,17.9,19.6,2025
20025,Clark,KS,Midwest,Small town,<25k,28.4,13.4,27.6,16.6,10.2,21.8,70.5,71.4,58.9,10.9,17.1,17.1,2025
20027,Clay,KS,Midwest,Small town,25k-99k,33.7,17.6,35.8,18.4,12.7,33.4,69.2,64.1,59.2,13.6,22.4,20.6,2025
20029,Cloud,KS,Midwest,Small town,100k-249k,27.3,14.8,32.2,13.2,17.0,22.4,74.5,69.3,66.6,8.5,14.0,20.3,2025
20031,Coffey,KS,Midwest,Urban core,<25k,18.0,11.5,25.0,12.4,20.5,19.3,75.4,76.2,68.7,4.4,16.0,11.9,2025
20035,Cowley,KS,Midwest,Urban core,<25k,21.9,10.0,27.6,10.7,19.9,12.7,76.2,75.3,72.7,8.5,16.0,14.5,2025
20037,Crawford,KS,Midwest,Rural,<25k,41.7,15.1,36.6,21.0,11.0,32.3,64.9,68.4,65.2,10.4,11.8,19.9,2025
20039,Decatur,KS,Midwest,Urban core,100k-249k,16.2,4.8,25.4,11.9,22.9,17.9,74.0,70.2,68.7,6.9,9.7,11.4,2025
20041,Dickinson,KS,Midwest,Suburban,250k+,38.3,12.4,37.6,17.4,12.3,25.8,69.5,71.0,61.3,13.2,14.0,21.6,2025
20043,Doniphan,KS,Midwest,Rural,<25k,20.7,7.5,24.9,13.1,16.3,23.3,71.5,76.2,69.0,7.2,13.6,15.1,2025
20045,Douglas,KS,Midwest,Rural,<25k,38.8,19.5,38.1,17.8,20.0,32.1,72.3,68.3,61.2,15.7,16.0,20.9,2025
20049,Elk,KS,Midwest,Rural,<25k,28.8,8.3,28.4,14.6,15.0,25.6,68.8,71.5,63.1,7.5,8.8,15.2,2025
20051,Ellis,KS,Midwest,Small town,25k-99k,25.5,13.1,26.5,14.3,16.8,23.4,71.9,64.1,70.1,5.5,16.3,15.4,2025
20053,Ellsworth,KS,Midwest,Rural,<25k,32.5,16.2,30.5,18.0,15.3,25.5,73.9,68.2,62.6,9.3,13.4,17.9,2025
20057,Ford,KS,Midwest,Small town,250k+,35.9,18.1,36.6,21.7,13.2,33.3,69.1,65.8,57.3,13.7,18.2,22.5,2025
20059,Franklin,KS,Midwest,Rural,100k-249k,35.2,19.0,34.5,22.0,14.3,29.1,70.4,62.9,53.3,13.9,18.8,18.4,2025
20061,Geary,KS,Midwest,Small town,25k-99k,30.7,11.2,32.6,17.2,18.6,24.8,72.3,73.3,62.0,12.9,7.9,18.1,2025
20063,Gove,KS,Midwest,Rural,100k-249k,30.4,10.9,31.6,12.6,20.7,20.8,70.5,71.1,68.7,6.1,14.6,13.4,2025
20065,Graham,KS,Midwest,Small town,250k+,27.6,14.0,29.1,15.3,15.5,20.9,73.7,73.6,66.1,8.4,13.6,15.9,2025
20069,Gray,KS,Midwest,Rural,100k-249k,33.2,21.5,36.1,23.3,10.1,29.7,67.6,65.9,56.7,12.1,14.3,22.3,2025
20071,Greeley,KS,Midwest,Suburban,25k-99k,32.5,11.4,28.7,15.9,17.7,20.2,72.6,74.6,67.0,6.8,7.4,15.1,2025
20073,Greenwood,KS,Midwest,Rural,<25k,26.0,6.4,23.8,11.6,12.2,20.1,71.5,74.1,70.4,6.4,13.7,11.2,2025
20075,Hamilton,KS,Midwest,Rural,250k+,33.4,15.6,34.2,16.2,17.9,25.8,70.8,66.9,63.5,7.2,15.7,19.5,2025
20077,Harper,KS,Midwest,Urban core,100k-249k,19.4,11.8,28.5,14.5,25.8,16.9,73.4,73.0,65.6,4.9,17.3,12.9,2025
20079,Harvey,KS,Midwest,Suburban,<25k,26.3,11.5,32.1,11.2,19.5,18.1,70.8,73.8,68.3,10.5,17.1,15.6,2025
20083,Hodgeman,KS,Midwest,Rural,<25k,35.1,16.4,29.9,16.0,13.6,24.6,68.7,65.3,60.7,11.4,13.2,18.9,2025
20085,Jackson,KS,Midwest,Urban core,100k-249k,15.8,7.3,30.8,13.8,20.2,20.9,75.1,74.5,69.3,7.1,17.5,11.5,2025
20001,Allen,KS,Midwest,Urban core,<25k,24.6,8.7,24.6,7.0,22.0,19.1,74.3,79.0,70.8,8.8,15.7,11.1,2025
20003,Anderson,KS,Midwest,Suburban,<25k,24.1,16.0,30.8,17.1,17.2,27.5,74.1,69.9,63.8,9.1,18.9,14.8,2025
20017,Chase,KS,Midwest,Urban core,100k-249k,21.9,11.5,30.9,13.9,15.8,22.1,72.9,71.1,69.4,6.6,12.4,14.3,2025
20033,Comanche,KS,Midwest,Suburban,100k-249k,34.9,16.8,37.3,16.8,19.6,28.0,69.5,70.4,63.6,16.5,18.4,20.6,2025
20047,Edwards,KS,Midwest,Urban core,<25k,26.5,9.9,29.0,13.7,17.5,21.5,76.7,70.5,69.7,7.4,11.8,10.1,2025
20055,Finney,KS,Midwest,Rural,25k-99k,40.4,18.1,34.8,18.1,17.7,28.5,65.5,68.2,65.8,13.8,16.8,21.1,2025
20067,Grant,KS,Midwest,Small town,250k+,24.6,11.6,31.2,20.8,13.4,21.7,69.6,70.4,67.1,5.6,9.4,14.7,2025
20081,Haskell,KS,Midwest,Rural,<25k,39.9,15.2,32.4,24.0,11.6,32.5,67.9,69.2,65.4,10.5,15.6,19.8,2025
20093,Kearny,KS,Midwest,Urban core,100k-249k,30.6,12.0,36.6,14.5,14.6,23.2,73.3,74.1,67.2,11.7,18.0,17.3,2025
20097,Kiowa,KS,Midwest,Rural,<25k,31.2,12.2,25.7,14.8,12.9,27.5,73.4,64.5,65.9,8.3,14.4,19.7,2025
20113,McPherson,KS,Midwest,Rural,<25k,31.1,13.4,30.2,15.9,11.8,27.6,73.5,66.4,68.5,8.6,10.4,18.9,2025
20129,Morton,KS,Midwest,Rural,<25k,24.7,7.4,27.9,13.5,15.9,26.3,70.3,72.8,63.9,5.1,9.7,15.2,2025
20143,Ottawa,KS,Midwest,Small town,100k-249k,39.2,18.2,38.5,24.4,11.2,30.6,66.5,69.8,65.4,16.0,18.6,22.6,2025
20149,Pottawatomie,KS,Midwest,Small town,<25k,16.4,4.0,20.7,10.5,13.1,13.5,80.7,73.7,66.0,2.5,7.0,9.4,2025
20161,Riley,KS,Midwest,Suburban,25k-99k,22.1,10.0,27.4,12.9,19.7,20.2,72.2,74.7,67.5,3.5,11.5,13.5,2025
20165,Rush,KS,Midwest,Suburban,25k-99k,31.2,12.2,32.4,17.7,16.7,24.1,71.7,68.0,68.2,13.2,20.4,19.5,2025
20171,Scott,KS,Midwest,Urban core,250k+,28.0,13.6,25.6,16.6,15.3,23.1,75.4,72.6,62.3,9.2,15.1,14.6,2025
20185,Stafford,KS,Midwest,Suburban,<25k,41.4,19.7,39.0,17.6,11.8,28.9,67.3,66.8,58.3,16.8,19.6,20.4,2025
20187,Stanton,KS,Midwest,Small town,100k-249k,30.4,11.1,32.6,17.7,13.4,31.9,69.8,70.4,66.0,15.8,10.9,16.4,2025
20189,Stevens,KS,Midwest,Urban core,250k+,28.6,11.9,32.2,17.3,19.8,20.5,75.6,67.4,67.9,4.9,17.1,16.9,2025
20193,Thomas,KS,Midwest,Rural,250k+,31.8,12.7,32.4,20.1,19.4,30.4,68.4,66.7,67.4,8.8,13.3,19.7,2025
20203,Wichita,KS,Midwest,Small town,250k+,34.1,13.5,33.1,17.7,15.6,23.7,66.6,70.8,63.8,6.0,11.9,17.2,2025
20005,Atchison,KS,Midwest,Rural,<25k,33.9,12.1,32.9,21.1,12.7,24.6,71.3,69.7,61.9,7.9,13.2,19.2,2025
20007,Barber,KS,Midwest,Small town,250k+,24.1,8.1,27.8,16.9,11.5,18.8,75.0,65.9,68.4,3.5,9.5,11.8,2025
20009,Barton,KS,Midwest,Suburban,250k+,30.3,11.9,34.3,17.7,18.4,19.3,71.6,73.9,70.1,8.6,12.7,17.0,2025
20011,Bourbon,KS,Midwest,Suburban,<25k,23.1,12.3,28.5,19.6,20.1,23.7,71.4,69.2,58.6,9.5,16.4,18.2,2025
20013,Brown,KS,Midwest,Small town,25k-99k,25.1,9.5,24.9,15.9,15.9,22.1,74.7,70.4,70.8,7.0,15.7,15.8,2025
20015,Butler,KS,Midwest,Urban core,<25k,26.5,15.7,31.0,16.1,15.0,21.4,75.1,69.0,66.8,15.8,16.7,19.1,2025
20019,Chautauqua,KS,Midwest,Urban core,25k-99k,27.3,13.6,32.3,12.5,19.1,21.2,71.2,78.2,69.9,13.5,18.7,13.8,2025
20087,Jefferson,KS,Midwest,Suburban,100k-249k,29.6,17.4,35.4,16.4,12.9,22.9,69.8,67.0,64.2,12.4,17.5,21.9,2025
20089,Jewell,KS,Midwest,Urban core,250k+,22.6,5.5,31.1,13.9,15.5,19.9,72.7,76.4,70.8,3.1,13.4,13.1,2025
20091,Johnson,KS,Midwest,Small town,25k-99k,29.7,14.9,30.5,16.7,18.5,22.9,68.8,72.2,64.2,8.2,17.4,17.7,2025
20095,Kingman,KS,Midwest,Rural,<25k,38.4,16.6,39.0,16.2,13.9,27.5,69.3,60.0,60.6,9.7,15.0,22.4,2025
20099,Labette,KS,Midwest,Rural,25k-99k,39.4,15.8,34.1,15.7,11.1,26.5,69.6,58.2,65.3,10.0,18.4,22.8,2025
20101,Lane,KS,Midwest,Suburban,<25k,31.1,15.0,30.3,13.6,19.0,20.8,75.9,69.7,62.9,10.9,12.1,15.7,2025
20103,Leavenworth,KS,Midwest,Rural,25k-99k,31.8,11.7,30.1,19.1,18.2,29.4,67.7,67.5,66.3,9.6,17.7,18.3,2025
20105,Lincoln,KS,Midwest,Urban core,100k-249k,24.3,13.5,32.5,16.5,14.6,18.9,74.5,79.5,69.6,10.0,19.3,14.9,2025
20157,Republic,KS,Midwest,Suburban,250k+,33.9,14.7,31.4,17.5,13.3,29.2,70.0,67.6,63.1,17.6,18.4,18.8,2025
20159,Rice,KS,Midwest,Small town,25k-99k,35.6,19.3,32.9,16.2,15.0,22.9,68.7,65.0,64.1,9.6,16.2,18.2,2025
20163,Rooks,KS,Midwest,Suburban,<25k,25.8,14.5,34.2,18.3,17.3,22.5,71.1,73.1,63.3,13.4,17.5,16.0,2025
20167,Russell,KS,Midwest,Suburban,100k-249k,32.6,16.2,37.1,17.8,16.6,27.2,72.0,70.3,61.5,11.3,18.2,22.2,2025
20169,Saline,KS,Midwest,Urban core,100k-249k,27.5,12.6,30.3,10.0,17.1,18.0,72.8,77.0,64.1,8.0,15.5,15.9,2025
20173,Sedgwick,KS,Midwest,Small town,25k-99k,33.8,14.1,30.5,21.9,16.0,25.2,68.0,65.9,60.7,13.4,11.6,16.8,2025
20175,Seward,KS,Midwest,Small town,25k-99k,18.8,5.7,23.2,12.5,20.4,20.6,72.4,79.0,72.4,2.1,8.5,12.1,2025
20177,Shawnee,KS,Midwest,Suburban,25k-99k,32.7,13.5,33.5,16.4,14.5,24.3,72.7,69.2,67.9,10.5,17.8,16.8,2025
20179,Sheridan,KS,Midwest,Rural,100k-249k,29.7,13.9,30.3,19.2,9.1,21.8,67.8,69.5,64.8,6.8,10.8,17.9,2025
20107,Linn,KS,Midwest,Small town,100k-249k,32.1,16.0,33.3,18.2,10.8,30.7,67.9,71.4,61.8,10.8,13.8,20.4,2025
20109,Logan,KS,Midwest,Small town,25k-99k,29.6,14.2,35.0,16.6,16.8,20.2,72.5,65.3,69.4,7.7,18.1,21.7,2025
20111,Lyon,KS,Midwest,Small town,100k-249k,30.0,10.2,33.6,16.5,13.7,27.1,66.9,67.5,65.9,9.4,18.6,20.2,2025
20115,Marion,KS,Midwest,Small town,100k-249k,27.0,9.6,32.3,17.8,19.9,18.4,70.2,75.5,64.1,2.2,10.9,12.9,2025
20117,Marshall,KS,Midwest,Rural,25k-99k,36.0,8.6,32.2,18.2,16.0,30.3,68.8,73.2,58.1,11.0,10.9,17.0,2025
20119,Meade,KS,Midwest,Small town,<25k,31.6,13.9,30.7,15.3,14.2,23.6,70.3,71.1,64.3,6.7,13.9,21.8,2025
20121,Miami,KS,Midwest,Small town,<25k,22.0,11.1,29.9,16.5,16.4,22.6,74.2,69.9,66.7,7.0,15.6,14.9,2025
20123,Mitchell,KS,Midwest,Rural,100k-249k,31.0,13.4,32.6,23.3,17.1,21.5,72.1,65.4,62.7,8.3,11.9,16.6,2025
20125,Montgomery,KS,Midwest,Urban core,100k-249k,20.5,9.7,28.2,9.5,14.4,21.9,73.2,77.9,68.4,9.3,15.4,15.9,2025
20127,Morris,KS,Midwest,Small town,<25k,33.5,15.4,33.8,21.4,18.0,27.8,71.0,66.7,62.7,7.7,16.7,16.4,2025
20131,Nemaha,KS,Midwest,Urban core,250k+,27.0,12.0,32.1,7.8,14.8,28.6,74.8,70.2,64.9,13.0,11.3,14.8,2025
20133,Neosho,KS,Midwest,Rural,<25k,35.2,11.7,29.5,14.3,14.4,23.1,67.3,73.9,63.6,5.5,13.4,14.4,2025
20135,Ness,KS,Midwest,Rural,25k-99k,34.6,13.7,30.7,16.4,11.9,27.2,72.2,68.8,68.4,10.3,14.4,21.9,2025
20137,Norton,KS,Midwest,Rural,100k-249k,36.0,16.0,32.5,18.9,16.1,28.6,67.9,69.8,63.6,9.5,15.2,18.3,2025
20139,Osage,KS,Midwest,Rural,100k-249k,34.5,12.2,30.3,18.6,9.8,22.8,66.4,70.0,56.7,9.0,12.8,16.2,2025
20141,Osborne,KS,Midwest,Suburban,25k-99k,27.9,10.7,31.4,15.5,15.7,22.6,73.9,69.1,65.2,10.1,15.3,14.5,2025
20145,Pawnee,KS,Midwest,Rural,<25k,30.2,14.7,30.5,17.2,16.0,20.6,71.7,64.9,66.7,9.2,13.8,14.4,2025
20147,Phillips,KS,Midwest,Small town,25k-99k,36.9,13.6,36.0,15.6,15.9,25.9,70.5,72.5,73.5,9.0,17.7,21.4,2025
20151,Pratt,KS,Midwest,Suburban,25k-99k,34.8,18.1,36.0,20.2,18.3,27.3,67.0,70.8,64.0,14.8,18.2,22.7,2025
20153,Rawlins,KS,Midwest,Small town,100k-249k,33.2,14.3,31.0,13.9,14.9,24.9,73.6,65.6,65.0,8.7,16.3,18.1,2025
20155,Reno,KS,Midwest,Rural,250k+,36.5,16.6,32.9,17.5,14.9,27.9,71.5,68.1,64.5,8.0,18.1,19.6,2025
20181,Sherman,KS,Midwest,Urban core,25k-99k,23.4,13.0,35.5,10.3,17.2,18.6,74.0,70.6,61.2,5.8,17.3,14.9,2025
20183,Smith,KS,Midwest,Rural,<25k,32.8,15.2,30.1,22.5,13.6,26.9,70.3,60.9,59.4,8.6,12.3,19.5,2025
20191,Sumner,KS,Midwest,Urban core,100k-249k,23.9,11.2,29.0,12.9,19.7,19.6,76.2,70.4,63.1,8.0,18.0,13.5,2025
20195,Trego,KS,Midwest,Suburban,25k-99k,26.1,15.0,32.8,12.5,16.2,26.0,71.8,74.8,69.8,12.6,18.3,19.0,2025
20197,Wabaunsee,KS,Midwest,Rural,25k-99k,37.2,14.6,30.2,20.0,9.7,32.7,64.6,61.7,58.6,13.0,23.5,24.2,2025
20199,Wallace,KS,Midwest,Suburban,<25k,33.0,11.4,30.9,16.1,16.0,23.6,69.5,69.8,66.4,8.3,15.4,17.5,2025
20201,Washington,KS,Midwest,Urban core,<25k,20.5,8.7,27.1,14.3,15.7,21.6,76.9,69.1,66.0,11.1,15.2,11.9,2025
20205,Wilson,KS,Midwest,Suburban,<25k,32.6,16.1,32.5,14.9,15.4,25.5,71.6,72.3,66.0,9.2,14.0,20.9,2025
20207,Woodson,KS,Midwest,Rural,25k-99k,34.9,15.0,28.8,19.4,8.6,25.3,70.5,63.0,65.0,12.1,16.8,19.5,2025
20209,Wyandotte,KS,Midwest,Urban core,<25k,25.7,13.3,30.0,14.5,16.4,20.1,72.7,67.9,69.9,9.4,15.7,20.2,2025
21183,Ohio,KY,South,Suburban,100k-249k,28.7,14.3,29.2,14.8,17.1,29.1,72.0,71.6,65.9,13.0,12.0,18.2,2025
21185,Oldham,KY,South,Small town,<25k,25.0,9.7,22.9,13.4,16.9,24.4,72.4,72.5,69.7,8.3,13.2,16.2,2025
21187,Owen,KY,South,Suburban,250k+,28.8,12.6,30.8,12.3,15.2,21.9,73.8,63.8,67.2,8.1,13.9,17.7,2025
21189,Owsley,KY,South,Suburban,100k-249k,32.1,15.3,29.2,11.9,13.5,21.3,70.7,70.6,65.5,8.6,19.8,16.4,2025
21191,Pendleton,KY,South,Suburban,25k-99k,36.7,16.8,35.4,15.9,17.1,29.0,71.5,61.1,71.1,15.7,21.1,19.8,2025
21193,Perry,KY,South,Small town,100k-249k,29.7,13.2,31.8,14.0,13.5,21.0,73.5,66.8,72.1,9.0,14.3,14.8,2025
21195,Pike,KY,South,Rural,100k-249k,33.4,11.0,25.5,13.3,16.2,23.0,71.0,68.2,71.6,7.5,9.0,19.4,2025
21197,Powell,KY,South,Small town,<25k,34.9,15.3,34.6,23.0,11.8,22.9,69.7,66.5,63.8,11.3,17.7,20.6,2025
21199,Pulaski,KY,South,Small town,25k-99k,37.1,13.3,31.5,17.9,17.1,24.0,67.4,69.2,68.3,9.1,18.7,16.9,2025
21201,Robertson,KY,South,Small town,100k-249k,23.9,14.0,28.7,14.7,15.9,18.5,71.9,76.1,66.3,12.1,16.4,16.8,2025
21203,Rockcastle,KY,South,Urban core,<25k,32.2,15.4,31.4,13.5,12.9,24.3,73.6,68.8,64.3,16.4,20.5,18.4,2025
21205,Rowan,KY,South,Suburban,250k+,36.5,17.8,30.1,16.4,19.0,26.8,70.2,70.4,65.1,7.4,15.6,17.5,2025
21209,Scott,KY,South,Rural,<25k,30.4,15.7,33.9,13.5,16.9,27.1,72.3,67.7,60.1,16.8,14.6,20.0,2025
21213,Simpson,KY,South,Urban core,250k+,35.9,16.7,33.5,15.1,16.1,27.5,75.0,72.6,64.7,14.2,21.7,22.2,2025
21217,Taylor,KY,South,Suburban,100k-249k,25.1,14.5,28.5,13.8,15.3,23.8,74.2,74.0,68.5,8.5,14.5,15.6,2025
21229,Washington,KY,South,Small town,250k+,40.2,16.7,34.5,19.5,13.0,24.0,72.3,71.3,68.6,13.5,19.8,18.8,2025
21235,Whitley,KY,South,Urban core,100k-249k,18.2,12.4,27.7,11.9,18.5,20.2,75.0,74.8,61.4,2.6,17.7,10.3,2025
21237,Wolfe,KY,South,Small town,<25k,30.9,13.3,30.6,17.6,13.7,27.4,71.1,73.8,70.0,3.9,10.2,16.8,2025
21239,Woodford,KY,South,Rural,25k-99k,34.4,16.6,35.1,21.0,12.5,24.4,70.1,67.6,57.5,13.8,18.8,21.0,2025
21207,Russell,KY,South,Urban core,100k-249k,32.7,15.5,31.2,12.0,19.7,22.9,76.6,62.7,65.9,13.2,17.2,19.9,2025
21211,Shelby,KY,South,Small town,100k-249k,30.0,13.9,29.9,15.7,12.4,25.5,74.0,73.5,65.6,10.6,14.0,18.4,2025
21215,Spencer,KY,South,Rural,100k-249k,33.7,19.8,35.4,18.8,15.8,26.3,66.1,68.8,61.8,14.3,14.3,20.2,2025
21219,Todd,KY,South,Rural,25k-99k,27.4,9.4,27.6,13.2,14.7,21.5,72.4,76.7,62.9,7.4,13.1,14.4,2025
21221,Trigg,KY,South,Urban core,25k-99k,37.8,17.9,31.7,14.6,16.0,26.4,72.5,66.7,65.9,13.4,15.6,18.7,2025
21223,Trimble,KY,South,Rural,<25k,34.8,16.1,30.3,18.7,7.4,28.8,66.2,70.2,64.9,13.2,11.7,22.0,2025
21225,Union,KY,South,Suburban,100k-249k,24.5,13.8,31.0,15.4,12.0,25.5,74.9,72.8,70.6,8.9,16.8,18.4,2025
21227,Warren,KY,South,Rural,250k+,27.8,15.5,32.5,19.7,14.4,30.5,69.3,69.1,65.1,10.4,12.8,14.6,2025
21231,Wayne,KY,South,Rural,25k-99k,51.3,21.5,40.0,25.2,11.4,34.3,65.6,62.7,62.2,22.6,19.2,26.4,2025
21233,Webster,KY,South,Rural,<25k,45.1,17.7,33.6,15.8,15.7,30.0,70.1,69.7,57.5,14.3,15.5,16.0,2025
21007,Ballard,KY,South,Rural,<25k,34.1,11.7,27.7,17.9,17.5,26.0,68.0,70.6,62.2,6.8,11.9,20.0,2025
21009,Barren,KY,South,Small town,250k+,34.5,13.6,31.8,15.4,13.3,21.2,71.2,70.5,65.3,14.1,13.6,15.0,2025
21015,Boone,KY,South,Urban core,250k+,40.2,17.9,34.9,18.2,12.6,34.1,71.5,65.5,62.6,14.6,20.3,19.7,2025
21019,Boyd,KY,South,Small town,<25k,30.9,15.7,33.5,16.5,13.1,26.6,70.3,70.7,65.4,10.4,15.8,19.3,2025
21021,Boyle,KY,South,Small town,25k-99k,39.2,20.6,36.0,23.0,19.8,31.1,66.6,64.3,63.9,17.2,20.7,22.0,2025
21023,Bracken,KY,South,Rural,<25k,34.2,15.5,31.2,21.9,10.7,28.3,73.4,68.9,62.8,16.2,13.3,20.3,2025
21001,Adair,KY,South,Urban core,250k+,29.8,11.8,32.2,17.6,12.8,25.7,74.7,60.8,60.9,9.2,17.0,14.8,2025
21003,Allen,KY,South,Small town,25k-99k,37.3,19.0,35.2,12.8,13.1,29.9,65.1,70.3,61.7,15.8,13.1,18.0,2025
21005,Anderson,KY,South,Urban core,25k-99k,29.2,10.7,29.3,15.8,15.6,25.3,72.5,69.0,65.7,6.5,16.2,19.4,2025
21013,Bell,KY,South,Small town,<25k,34.4,15.9,29.6,16.9,13.3,19.6,71.3,72.7,60.2,10.1,14.5,17.0,2025
21017,Bourbon,KY,South,Suburban,100k-249k,36.9,14.9,31.4,14.9,17.5,21.8,73.2,73.5,69.0,16.5,14.2,19.5,2025
21025,Breathitt,KY,South,Small town,<25k,34.2,14.2,32.1,14.9,13.9,26.0,75.2,72.3,61.1,12.9,18.1,17.9,2025
21027,Breckinridge,KY,South,Rural,<25k,45.3,23.7,41.1,21.9,11.9,35.3,67.1,63.6,60.2,17.8,17.6,24.9,2025
21029,Bullitt,KY,South,Small town,25k-99k,35.3,13.1,27.2,19.0,12.1,22.1,75.9,72.9,70.1,11.4,16.3,17.7,2025
21031,Butler,KY,South,Rural,25k-99k,23.9,11.2,29.6,16.9,14.5,22.8,69.0,70.4,63.8,15.5,11.8,13.3,2025
21033,Caldwell,KY,South,Small town,25k-99k,29.3,13.7,28.4,11.7,15.5,22.2,74.2,74.5,65.6,9.5,12.7,14.0,2025
21043,Carter,KY,South,Small town,250k+,34.5,15.9,33.8,23.2,17.6,25.1,70.7,63.4,66.2,14.9,16.0,18.3,2025
21049,Clark,KY,South,Suburban,<25k,42.2,21.1,39.7,21.6,17.0,31.0,69.7,70.8,59.5,12.9,20.4,22.1,2025
21051,Clay,KY,South,Suburban,250k+,36.0,16.0,35.0,20.5,14.2,26.7,71.2,70.5,66.3,18.8,16.1,20.0,2025
21055,Crittenden,KY,South,Suburban,100k-249k,28.5,14.2,32.5,13.1,14.3,25.1,76.2,68.3,67.2,13.6,13.9,17.3,2025
21059,Daviess,KY,South,Urban core,100k-249k,36.0,16.7,33.4,16.4,18.1,24.0,72.9,77.0,65.6,15.7,17.1,17.7,2025
21061,Edmonson,KY,South,Rural,<25k,40.7,19.1,34.1,16.8,13.3,27.4,70.4,68.8,65.8,11.6,16.8,21.2,2025
21067,Fayette,KY,South,Small town,100k-249k,36.5,14.3,34.6,14.3,14.8,30.2,68.7,70.2,64.7,13.9,23.2,19.7,2025
21071,Floyd,KY,South,Rural,<25k,40.4,17.5,31.2,20.7,13.8,30.2,68.6,67.6,65.3,9.2,16.6,21.2,2025
21079,Garrard,KY,South,Small town,100k-249k,30.2,12.6,29.0,10.7,14.0,22.2,69.3,73.5,67.1,10.0,11.4,15.0,2025
21085,Grayson,KY,South,Suburban,25k-99k,36.2,16.7,35.0,21.4,12.6,28.0,65.6,73.2,60.2,14.7,17.0,22.3,2025
21089,Greenup,KY,South,Urban core,250k+,29.9,17.7,32.2,18.2,18.8,25.3,72.7,72.7,61.0,11.9,19.1,16.3,2025
21093,Hardin,KY,South,Rural,25k-99k,39.0,15.0,36.1,22.9,10.7,26.3,71.9,67.4,58.1,12.2,17.9,20.2,2025
21095,Harlan,KY,South,Small town,<25k,34.9,17.0,34.3,17.2,13.9,27.2,70.5,66.6,68.4,11.4,19.8,16.3,2025
21097,Harrison,KY,South,Small town,25k-99k,35.7,13.5,30.8,15.9,15.8,23.8,72.4,73.5,60.2,7.7,21.3,17.7,2025
21101,Henderson,KY,South,Rural,25k-99k,35.1,16.8,33.5,15.7,15.4,27.4,67.5,66.0,59.6,8.1,19.1,16.3,2025
21107,Hopkins,KY,South,Small town,25k-99k,35.6,16.0,33.7,21.1,15.4,25.5,68.8,67.5,60.3,10.2,14.3,16.9,2025
21109,Jackson,KY,South,Urban core,<25k,26.0,14.2,27.7,11.8,20.0,23.0,73.4,76.9,59.2,4.8,8.6,13.5,2025
21115,Johnson,KY,South,Small town,25k-99k,31.5,14.5,27.3,21.7,18.9,27.2,70.4,70.1,68.2,10.3,10.9,16.1,2025
21119,Knott,KY,South,Suburban,100k-249k,38.0,19.2,36.5,17.7,14.6,24.2,65.9,66.7,59.6,20.2,20.8,19.2,2025
21121,Knox,KY,South,Urban core,<25k,23.8,14.6,25.9,11.5,13.6,21.8,71.8,72.1,66.3,11.7,19.5,15.7,2025
21123,Larue,KY,South,Urban core,25k-99k,25.2,12.1,27.4,11.9,15.3,18.9,71.1,69.5,65.0,8.4,16.9,14.7,2025
21125,Laurel,KY,South,Rural,100k-249k,28.8,12.7,26.8,19.5,11.2,24.5,71.2,69.3,67.9,8.6,13.0,17.0,2025
21131,Leslie,KY,South,Urban core,25k-99k,27.6,13.1,29.3,15.6,17.0,20.8,76.2,71.1,69.1,7.7,13.6,18.0,2025
21133,Letcher,KY,South,Urban core,<25k,40.6,17.5,31.8,17.5,13.2,25.8,72.9,70.8,67.5,14.5,17.8,19.2,2025
21135,Lewis,KY,South,Rural,100k-249k,47.7,20.4,36.3,17.8,17.1,28.6,65.4,64.4,60.7,16.4,15.7,23.8,2025
21139,Livingston,KY,South,Suburban,25k-99k,36.3,17.9,33.6,20.0,14.2,28.3,70.2,70.7,63.4,12.7,24.2,17.6,2025
21151,Madison,KY,South,Small town,<25k,44.0,21.2,38.6,25.7,14.2,29.7,68.1,66.6,59.2,18.2,20.9,24.9,2025
21153,Magoffin,KY,South,Small town,100k-249k,24.8,12.6,28.3,12.9,14.9,23.0,75.0,70.8,64.8,9.0,14.8,15.7,2025
21155,Marion,KY,South,Rural,<25k,31.9,9.5,32.0,16.2,17.7,24.2,74.9,69.0,65.8,10.2,17.5,17.1,2025
21165,Menifee,KY,South,Rural,<25k,35.7,15.2,34.8,18.9,17.2,30.5,69.5,71.7,55.7,12.9,14.4,19.6,2025
21167,Mercer,KY,South,Rural,100k-249k,32.1,13.5,27.9,19.2,15.0,24.1,69.5,65.9,66.5,11.0,10.1,17.7,2025
21169,Metcalfe,KY,South,Small town,25k-99k,28.2,15.4,31.6,14.7,12.7,24.6,69.8,70.4,68.0,11.3,17.0,18.0,2025
21175,Morgan,KY,South,Small town,<25k,23.8,12.2,31.4,12.8,13.1,21.5,73.1,71.2,64.9,9.7,8.3,11.7,2025
21177,Muhlenberg,KY,South,Small town,25k-99k,33.4,14.2,29.6,22.5,14.7,24.6,72.8,71.8,67.4,10.4,17.0,19.5,2025
21179,Nelson,KY,South,Suburban,25k-99k,32.7,14.7,28.5,18.1,19.7,25.9,70.8,67.9,65.1,14.0,19.3,17.5,2025
21035,Calloway,KY,South,Suburban,100k-249k,39.4,21.4,33.5,18.2,11.8,33.0,72.6,68.8,65.8,16.8,23.1,21.7,2025
21037,Campbell,KY,South,Rural,<25k,32.0,14.9,37.1,18.0,11.4,24.9,68.3,67.7,63.5,15.4,16.4,20.5,2025
21039,Carlisle,KY,South,Rural,<25k,42.7,20.0,33.2,19.5,12.0,25.7,70.8,66.2,60.9,17.2,18.8,21.7,2025
21041,Carroll,KY,South,Suburban,25k-99k,33.6,18.1,34.9,19.8,17.0,22.8,70.8,72.1,63.2,15.4,16.8,21.6,2025
21045,Casey,KY,South,Small town,25k-99k,48.2,21.1,33.2,22.0,16.3,25.7,68.3,66.5,62.8,14.0,19.1,17.7,2025
21047,Christian,KY,South,Rural,25k-99k,34.7,14.3,33.1,16.4,12.7,26.1,70.7,62.0,65.7,15.1,17.6,21.2,2025
21087,Green,KY,South,Rural,<25k,34.8,15.1,30.7,23.1,11.2,30.9,67.4,64.1,70.3,8.2,8.7,21.7,2025
21091,Hancock,KY,South,Urban core,100k-249k,28.5,15.0,32.8,9.7,19.4,24.8,72.4,76.9,70.0,12.7,19.4,17.5,2025
21099,Hart,KY,South,Small town,100k-249k,30.5,13.5,32.5,19.9,11.0,23.7,68.9,65.8,67.4,14.5,18.3,23.2,2025
21103,Henry,KY,South,Small town,250k+,34.5,16.0,33.3,21.2,10.3,30.9,69.1,67.3,63.5,15.0,18.8,19.9,2025
21105,Hickman,KY,South,Small town,25k-99k,24.9,7.8,28.4,15.3,11.7,20.7,76.5,73.7,64.4,2.8,12.8,10.3,2025
21111,Jefferson,KY,South,Suburban,25k-99k,23.7,10.8,25.0,12.4,15.0,22.4,72.3,75.0,62.2,10.5,11.7,17.2,2025
21113,Jessamine,KY,South,Rural,250k+,33.7,13.8,28.5,16.2,16.6,24.5,74.0,64.1,65.3,7.2,10.4,16.7,2025
21117,Kenton,KY,South,Urban core,100k-249k,37.1,17.3,32.4,13.1,13.8,26.9,70.6,71.4,64.3,14.7,16.4,18.4,2025
21053,Clinton,KY,South,Rural,25k-99k,38.2,20.0,38.4,22.2,16.0,29.4,66.4,67.3,63.6,20.2,22.5,20.1,2025
21057,Cumberland,KY,South,Small town,<25k,42.3,18.1,38.3,19.8,12.9,32.4,64.8,65.0,59.0,16.4,19.1,23.3,2025
21063,Elliott,KY,South,Rural,<25k,42.0,19.4,37.4,22.4,13.3,26.8,65.8,62.3,58.5,17.6,20.9,22.9,2025
21069,Fleming,KY,South,Rural,<25k,43.8,17.9,33.4,23.1,14.8,30.2,67.3,67.6,61.6,13.3,19.5,25.3,2025
21073,Franklin,KY,South,Rural,<25k,26.6,11.6,26.8,16.7,16.8,24.6,68.0,72.2,65.8,8.3,15.3,15.5,2025
21075,Fulton,KY,South,Suburban,100k-249k,25.1,12.7,31.1,7.9,15.9,26.1,76.2,70.5,67.7,6.6,15.2,16.5,2025
21077,Gallatin,KY,South,Suburban,250k+,26.8,11.0,26.5,14.2,17.9,24.1,73.7,73.7,65.8,6.7,9.5,12.9,2025
21081,Grant,KY,South,Suburban,<25k,28.1,10.5,28.4,11.2,11.6,22.1,75.2,73.4,65.1,9.1,17.2,14.4,2025
21083,Graves,KY,South,Small town,25k-99k,25.3,9.2,27.4,17.8,15.4,24.0,68.7,67.4,67.3,8.5,14.3,15.2,2025
21129,Lee,KY,South,Urban core,25k-99k,26.6,12.4,32.4,11.9,18.9,18.4,77.7,78.8,71.5,9.6,20.7,11.1,2025
21137,Lincoln,KY,South,Suburban,250k+,37.1,15.8,31.4,17.2,9.6,21.7,70.9,71.3,67.4,11.0,15.9,17.9,2025
21141,Logan,KY,South,Small town,100k-249k,32.0,15.5,29.7,16.4,16.3,27.0,72.8,70.0,65.1,14.1,15.8,15.8,2025
21143,Lyon,KY,South,Urban core,100k-249k,29.9,10.7,33.5,13.5,12.3,20.8,70.4,72.9,71.4,16.0,22.1,19.1,2025
21145,McCracken,KY,South,Suburban,100k-249k,33.0,12.6,31.7,15.4,23.4,19.4,76.9,70.0,65.2,12.2,16.6,16.0,2025
21147,McCreary,KY,South,Suburban,<25k,34.3,13.5,29.8,22.7,19.7,26.1,73.6,65.8,68.9,12.5,16.6,15.8,2025
21149,McLean,KY,South,Suburban,250k+,29.4,14.4,27.6,14.3,15.8,24.2,72.6,70.9,70.1,13.5,12.4,16.5,2025
21159,Martin,KY,South,Suburban,<25k,35.0,14.8,33.9,16.1,12.2,21.3,70.8,71.5,59.9,9.3,12.2,17.6,2025
21011,Bath,KY,South,Small town,25k-99k,34.9,14.7,33.5,17.9,14.7,24.2,71.1,71.8,63.6,5.2,14.4,19.9,2025
21157,Marshall,KY,South,Small town,25k-99k,26.0,11.1,29.5,16.5,18.9,20.1,74.3,71.0,68.2,11.0,17.1,14.6,2025
21161,Mason,KY,South,Suburban,250k+,33.2,15.8,30.0,17.3,21.2,22.2,67.6,66.8,67.7,13.6,16.0,18.7,2025
21163,Meade,KY,South,Rural,<25k,33.6,11.0,27.9,17.5,15.4,26.5,68.3,66.7,70.6,11.1,10.9,21.0,2025
21171,Monroe,KY,South,Rural,100k-249k,27.3,10.7,29.4,15.5,20.4,20.9,74.2,67.2,63.9,8.3,13.0,18.1,2025
21173,Montgomery,KY,South,Small town,25k-99k,30.7,11.8,31.5,12.7,18.2,26.3,70.1,71.2,65.8,9.7,12.3,14.6,2025
21181,Nicholas,KY,South,Urban core,<25k,18.1,8.4,31.7,6.0,15.8,23.3,78.6,73.2,74.1,6.3,15.7,15.3,2025
21065,Estill,KY,South,Rural,25k-99k,37.7,16.2,34.4,22.7,12.7,27.8,67.2,68.4,62.1,12.2,17.6,18.8,2025
21127,Lawrence,KY,South,Rural,<25k,36.9,18.7,33.3,20.6,15.5,28.7,69.8,68.1,60.5,13.4,17.1,23.3,2025
22047,Iberville,LA,South,Small town,25k-99k,29.1,13.1,29.2,12.5,13.5,21.9,69.1,71.4,71.0,10.5,14.7,17.6,2025
22049,Jackson,LA,South,Rural,250k+,29.7,13.3,28.6,14.4,14.0,28.8,68.4,69.5,54.2,9.3,11.6,22.6,2025
22059,La Salle,LA,South,Urban core,<25k,30.7,13.2,33.3,16.9,16.3,24.4,73.5,70.2,63.2,8.2,17.3,18.5,2025
22061,Lincoln,LA,South,Suburban,250k+,43.2,20.2,32.1,14.9,19.7,27.3,67.3,67.3,58.0,15.7,21.4,17.0,2025
22069,Natchitoches,LA,South,Small town,<25k,45.9,20.3,33.4,21.7,11.5,27.3,68.9,67.2,61.0,12.3,20.2,24.1,2025
22073,Ouachita,LA,South,Rural,25k-99k,29.9,12.1,26.1,19.5,16.6,20.2,69.4,67.6,67.0,9.4,11.9,19.3,2025
22079,Rapides,LA,South,Urban core,250k+,43.5,21.5,39.5,19.0,11.8,26.9,68.7,65.2,68.6,17.3,22.3,23.0,2025
22083,Richland,LA,South,Suburban,25k-99k,29.9,13.0,27.5,14.1,16.8,26.0,71.4,70.9,63.1,12.2,21.0,13.9,2025
22087,St. Bernard,LA,South,Small town,<25k,24.9,10.1,26.2,15.6,18.1,24.2,72.4,68.3,67.7,8.3,14.1,14.6,2025
22089,St. Charles,LA,South,Suburban,25k-99k,35.8,14.2,30.6,15.9,13.3,26.8,72.9,70.0,64.8,9.4,18.0,18.9,2025
22093,St. James,LA,South,Small town,25k-99k,35.5,16.4,31.6,15.8,15.3,24.5,70.3,63.5,65.5,16.0,15.8,20.6,2025
22095,St. John the Baptist,LA,South,Rural,100k-249k,27.0,10.7,30.3,16.3,17.6,24.6,69.7,66.5,62.5,7.2,12.2,16.0,2025
22101,St. Mary,LA,South,Small town,25k-99k,32.9,14.6,31.6,14.2,14.8,23.7,71.2,70.2,65.9,11.4,13.9,16.8,2025
22115,Vernon,LA,South,Small town,25k-99k,22.1,10.8,29.4,13.1,17.2,19.0,73.6,74.0,65.2,11.5,12.0,12.1,2025
22121,West Baton Rouge,LA,South,Rural,100k-249k,43.4,18.1,33.0,16.5,13.3,33.5,67.0,67.1,61.3,14.5,18.6,23.2,2025
22125,West Feliciana,LA,South,Urban core,100k-249k,35.5,21.1,37.9,21.5,17.6,31.4,69.1,69.0,55.9,15.9,20.9,17.6,2025
22021,Caldwell,LA,South,Urban core,<25k,31.7,15.1,35.9,11.3,17.7,25.5,71.0,81.8,66.2,18.5,23.1,23.5,2025
22075,Plaquemines,LA,South,Small town,250k+,34.2,13.6,29.2,13.5,12.9,27.1,70.8,69.9,73.5,10.3,13.9,12.7,2025
22119,Webster,LA,South,Rural,<25k,37.3,14.5,28.2,19.7,16.3,24.7,69.5,69.3,64.8,12.4,12.2,21.0,2025
22001,Acadia,LA,South,Urban core,100k-249k,23.4,14.3,26.2,12.1,12.5,13.9,72.3,71.6,73.2,14.6,20.3,14.6,2025
22003,Allen,LA,South,Rural,<25k,36.6,16.9,34.6,19.4,12.7,27.3,66.9,66.6,62.4,14.3,19.8,20.2,2025
22005,Ascension,LA,South,Rural,<25k,34.3,12.5,29.3,13.2,15.5,28.3,72.1,74.0,67.8,10.3,14.1,17.5,2025
22007,Assumption,LA,South,Small town,100k-249k,38.4,15.3,31.8,16.6,12.7,23.6,74.4,75.3,66.8,11.2,10.6,14.8,2025
22009,Avoyelles,LA,South,Urban core,25k-99k,29.0,12.6,29.5,16.5,15.4,22.0,73.9,72.8,72.5,11.5,17.0,17.6,2025
22013,Bienville,LA,South,Rural,250k+,40.4,17.1,34.6,21.9,11.5,25.3,70.3,68.5,57.8,17.4,14.2,20.3,2025
22015,Bossier,LA,South,Rural,100k-249k,30.2,15.5,31.2,15.6,17.6,23.4,70.1,72.0,67.5,10.4,15.3,16.4,2025
22017,Caddo,LA,South,Rural,<25k,38.9,16.8,30.0,18.3,14.2,26.4,68.1,61.9,62.9,8.7,13.7,21.3,2025
22025,Catahoula,LA,South,Urban core,100k-249k,24.3,10.3,25.3,4.3,15.9,16.8,75.8,75.8,71.6,13.5,13.8,11.0,2025
22029,Concordia,LA,South,Suburban,100k-249k,26.9,8.1,24.7,10.5,19.9,20.7,74.7,75.3,65.0,7.9,16.7,11.7,2025
22031,De Soto,LA,South,Rural,100k-249k,29.2,18.4,35.7,20.5,15.9,30.7,69.8,62.5,60.1,14.0,10.3,19.9,2025
22033,East Baton Rouge,LA,South,Urban core,25k-99k,22.3,10.5,31.8,9.9,18.3,20.4,74.6,78.0,68.1,7.2,16.8,12.6,2025
22035,East Carroll,LA,South,Rural,25k-99k,38.0,15.6,35.0,17.5,14.0,31.5,70.6,70.4,65.9,12.1,17.9,18.7,2025
22037,East Feliciana,LA,South,Suburban,25k-99k,20.1,8.2,28.3,9.3,20.9,19.7,74.0,77.5,69.7,5.7,13.6,15.1,2025
22039,Evangeline,LA,South,Rural,25k-99k,39.7,18.5,37.9,22.0,12.8,30.1,66.7,64.5,60.0,11.0,21.0,23.8,2025
22041,Franklin,LA,South,Small town,<25k,25.8,12.8,27.3,14.9,15.9,24.4,71.1,64.0,64.9,15.1,14.2,17.0,2025
22045,Iberia,LA,South,Urban core,<25k,36.3,21.8,36.7,15.7,14.3,25.5,68.2,65.1,65.1,18.8,20.2,23.5,2025
22051,Jefferson,LA,South,Rural,100k-249k,26.9,11.1,29.6,17.6,18.3,24.1,71.9,73.4,63.2,8.5,12.7,17.1,2025
22053,Jefferson Davis,LA,South,Urban core,250k+,30.6,14.6,33.9,13.0,17.9,24.0,69.3,72.0,69.1,11.6,18.7,17.2,2025
22055,Lafayette,LA,South,Urban core,250k+,32.9,15.0,37.3,18.3,15.6,26.2,69.6,69.4,62.0,11.9,20.3,21.1,2025
22057,Lafourche,LA,South,Urban core,<25k,22.9,12.3,29.9,7.4,20.9,22.4,76.2,74.9,74.3,11.6,18.3,17.7,2025
22063,Livingston,LA,South,Rural,<25k,30.4,12.8,29.2,20.8,15.5,24.7,67.2,62.9,64.5,11.5,16.9,19.2,2025
22065,Madison,LA,South,Urban core,250k+,28.0,17.3,36.3,12.2,12.3,23.7,72.8,75.2,72.6,11.5,18.8,16.2,2025
22067,Morehouse,LA,South,Rural,100k-249k,47.2,21.1,39.2,25.7,15.3,31.1,70.7,67.3,59.1,20.4,17.2,25.1,2025
22071,Orleans,LA,South,Rural,100k-249k,37.7,16.5,35.2,24.1,14.3,31.8,67.7,65.8,65.5,17.9,17.9,19.9,2025
22077,Pointe Coupee,LA,South,Urban core,100k-249k,34.2,19.7,31.2,22.0,13.1,26.8,70.2,66.1,62.4,11.9,21.7,25.1,2025
22081,Red River,LA,South,Rural,<25k,44.5,18.0,33.8,23.5,12.8,30.7,66.1,63.2,59.1,13.4,15.1,18.4,2025
22085,Sabine,LA,South,Rural,25k-99k,35.5,13.8,31.0,15.1,13.4,24.3,70.7,74.1,66.4,10.0,19.4,18.4,2025
22091,St. Helena,LA,South,Rural,<25k,40.4,17.6,35.9,25.0,15.4,29.6,68.3,67.0,63.3,10.1,14.7,21.7,2025
22097,St. Landry,LA,South,Suburban,25k-99k,27.7,11.9,29.8,11.4,15.1,20.5,75.2,78.7,65.8,12.8,16.4,15.3,2025
22099,St. Martin,LA,South,Small town,25k-99k,36.6,14.2,33.6,18.8,13.5,25.4,71.2,69.4,64.0,12.1,14.4,22.6,2025
22103,St. Tammany,LA,South,Suburban,250k+,29.8,16.6,33.6,17.2,16.6,27.4,73.7,73.1,63.4,14.5,15.5,20.8,2025
22105,Tangipahoa,LA,South,Small town,100k-249k,38.3,16.0,36.8,23.7,22.8,26.3,70.0,66.4,66.2,16.6,18.2,20.4,2025
22107,Tensas,LA,South,Suburban,250k+,24.4,12.4,31.4,19.8,16.4,21.6,70.2,73.3,68.2,13.9,15.1,16.0,2025
22109,Terrebonne,LA,South,Urban core,<25k,28.2,14.8,30.9,15.9,11.9,15.9,74.6,73.5,65.4,6.9,11.6,18.9,2025
22111,Union,LA,South,Rural,100k-249k,30.2,12.9,31.1,20.1,14.6,27.1,69.7,71.0,69.3,5.9,14.3,23.5,2025
22113,Vermilion,LA,South,Rural,25k-99k,41.8,18.3,33.3,21.5,12.7,29.9,69.0,63.3,60.5,15.9,19.4,22.6,2025
22117,Washington,LA,South,Rural,100k-249k,39.9,16.0,34.1,19.0,15.9,26.7,67.4,66.6,58.3,12.3,18.5,17.2,2025
22123,West Carroll,LA,South,Small town,<25k,38.4,13.0,31.9,19.3,16.0,27.8,72.7,69.0,62.6,14.1,13.6,23.5,2025
22127,Winn,LA,South,Small town,25k-99k,34.2,13.5,32.6,16.0,13.8,21.7,69.8,73.6,68.5,11.3,16.5,20.5,2025
22011,Beauregard,LA,South,Small town,25k-99k,42.9,18.0,36.2,16.7,16.4,31.1,72.8,67.1,63.8,16.1,20.5,21.1,2025
22019,Calcasieu,LA,South,Urban core,250k+,23.6,12.8,28.7,11.1,18.9,15.2,72.7,74.0,75.4,9.6,19.0,15.8,2025
22023,Cameron,LA,South,Suburban,<25k,24.3,10.0,28.7,13.3,14.2,20.3,73.6,72.5,63.2,6.2,16.8,12.0,2025
22027,Claiborne,LA,South,Suburban,25k-99k,38.4,19.6,38.4,21.1,15.2,27.8,69.8,64.4,67.6,10.3,20.6,22.2,2025
22043,Grant,LA,South,Suburban,250k+,28.2,13.6,33.6,14.4,20.0,24.8,70.5,67.8,68.5,11.5,19.6,17.8,2025
23001,Androscoggin,ME,Northeast,Urban core,250k+,26.6,7.8,24.6,13.7,12.1,20.2,77.9,71.7,71.6,4.4,18.1,11.6,2025
23003,Aroostook,ME,Northeast,Suburban,25k-99k,31.1,14.9,33.2,14.9,14.5,24.7,78.0,76.0,71.1,10.4,15.3,16.5,2025
23005,Cumberland,ME,Northeast,Urban core,100k-249k,22.8,7.8,24.3,16.5,20.0,16.6,77.5,78.2,72.1,7.0,19.2,10.9,2025
23007,Franklin,ME,Northeast,Small town,25k-99k,17.1,6.5,24.9,14.5,21.7,13.7,77.3,73.5,71.1,2.4,12.4,6.8,2025
23009,Hancock,ME,Northeast,Small town,<25k,24.6,10.7,28.9,11.7,17.7,20.9,71.5,70.4,70.3,5.1,18.8,13.4,2025
23011,Kennebec,ME,Northeast,Urban core,<25k,25.5,10.1,24.2,11.2,21.4,17.8,76.4,75.9,71.4,4.4,12.8,11.4,2025
23013,Knox,ME,Northeast,Urban core,25k-99k,28.6,13.2,33.0,18.7,16.5,23.6,73.9,67.9,62.4,8.9,19.8,15.7,2025
23015,Lincoln,ME,Northeast,Urban core,<25k,20.2,10.7,29.9,11.4,15.4,21.9,76.2,73.3,74.0,1.6,20.0,15.7,2025
23017,Oxford,ME,Northeast,Suburban,100k-249k,29.5,11.9,28.1,12.6,13.7,16.9,73.9,71.0,67.1,7.0,13.5,15.6,2025
23019,Penobscot,ME,Northeast,Rural,<25k,29.3,9.4,29.3,19.2,17.3,23.3,73.4,74.2,69.1,9.1,7.5,18.9,2025
23021,Piscataquis,ME,Northeast,Urban core,100k-249k,22.3,9.0,24.1,14.8,15.4,19.7,75.5,75.8,68.3,7.3,16.2,13.4,2025
23023,Sagadahoc,ME,Northeast,Suburban,<25k,29.3,11.6,31.1,8.6,13.1,20.6,75.3,78.4,68.1,5.6,13.6,13.4,2025
23025,Somerset,ME,Northeast,Small town,250k+,32.3,14.3,30.7,17.1,15.4,26.8,72.7,69.2,66.6,8.6,13.9,21.4,2025
23027,Waldo,ME,Northeast,Small town,100k-249k,36.7,17.1,32.9,23.2,15.5,30.3,69.7,68.9,61.0,11.6,21.8,22.1,2025
23029,Washington,ME,Northeast,Rural,<25k,32.9,10.2,25.6,19.6,14.4,23.7,72.9,72.8,64.6,1.6,12.8,15.1,2025
23031,York,ME,Northeast,Suburban,25k-99k,31.2,11.3,32.8,12.8,19.9,22.0,76.2,77.5,66.7,8.4,13.3,16.3,2025
24001,Allegany,MD,South,Rural,<25k,35.0,12.3,28.6,17.8,16.5,27.5,65.7,67.8,61.1,5.7,14.4,22.4,2025
24003,Anne Arundel,MD,South,Rural,<25k,36.3,16.2,31.1,18.0,16.3,25.9,72.5,69.0,64.5,14.4,12.1,17.2,2025
24005,Baltimore,MD,South,Rural,<25k,35.7,14.1,32.0,22.1,15.4,28.5,67.6,74.2,63.0,11.3,18.0,18.9,2025
24009,Calvert,MD,South,Urban core,<25k,43.7,24.0,39.7,18.5,15.7,32.2,69.0,64.4,63.9,18.5,24.0,20.5,2025
24011,Caroline,MD,South,Rural,100k-249k,37.5,18.7,36.4,19.4,11.9,30.9,66.3,63.7,64.6,17.8,14.9,23.2,2025
24013,Carroll,MD,South,Rural,100k-249k,41.5,17.7,33.9,17.4,14.1,27.9,68.6,69.3,67.1,12.6,19.0,22.1,2025
24015,Cecil,MD,South,Small town,25k-99k,30.1,13.3,29.2,11.4,17.1,22.4,75.1,74.0,66.9,9.3,12.7,18.8,2025
24017,Charles,MD,South,Rural,25k-99k,41.0,15.6,34.0,16.9,13.6,30.2,67.0,60.2,64.9,14.9,18.7,26.1,2025
24019,Dorchester,MD,South,Suburban,250k+,41.1,16.1,40.0,24.5,11.8,29.5,66.8,72.3,65.6,15.0,23.1,20.7,2025
24021,Frederick,MD,South,Small town,25k-99k,28.2,11.3,29.1,10.7,14.3,18.2,71.9,73.0,65.9,7.9,11.1,14.8,2025
24023,Garrett,MD,South,Small town,250k+,37.3,16.3,33.4,17.4,18.5,30.0,67.1,67.9,64.5,17.7,15.5,23.6,2025
24025,Harford,MD,South,Urban core,250k+,34.8,16.4,34.6,15.9,17.7,22.3,73.8,67.1,63.8,15.6,21.7,22.8,2025
24027,Howard,MD,South,Small town,250k+,29.5,12.4,30.0,15.6,14.2,23.8,72.0,70.0,71.5,10.3,12.6,16.8,2025
24029,Kent,MD,South,Rural,25k-99k,34.2,17.1,34.1,15.0,15.5,28.1,71.5,62.0,63.3,13.6,17.3,19.3,2025
24031,Montgomery,MD,South,Suburban,100k-249k,34.2,13.7,28.3,18.8,18.4,22.6,75.5,74.4,70.5,8.4,16.9,17.4,2025
24033,Prince George's,MD,South,Rural,<25k,33.6,16.7,29.0,18.0,16.1,25.1,70.8,74.5,65.8,11.9,11.8,17.7,2025
24035,Queen Anne's,MD,South,Suburban,100k-249k,30.5,10.3,26.6,9.6,11.8,17.3,73.6,76.5,65.6,8.8,17.1,16.5,2025
24037,St. Mary's,MD,South,Suburban,100k-249k,31.6,17.1,29.0,14.3,19.2,21.6,73.5,66.0,69.0,11.4,10.7,15.0,2025
24039,Somerset,MD,South,Urban core,100k-249k,34.4,16.6,36.8,15.7,13.7,28.2,68.2,66.4,61.4,15.2,18.6,22.7,2025
24041,Talbot,MD,South,Rural,25k-99k,39.1,18.4,34.6,19.2,13.2,25.9,68.5,66.2,60.3,16.4,16.5,20.3,2025
24043,Washington,MD,South,Small town,25k-99k,38.6,18.5,34.3,17.3,17.3,25.6,67.6,70.0,62.8,17.1,16.3,21.7,2025
24045,Wicomico,MD,South,Suburban,250k+,19.2,9.3,27.5,10.2,24.1,25.2,73.3,69.5,68.1,10.1,14.4,11.7,2025
24047,Worcester,MD,South,Rural,25k-99k,36.2,16.0,33.2,20.5,14.6,27.5,66.8,64.9,61.9,14.3,19.4,22.3,2025
24510,Baltimore,MD,South,Urban core,100k-249k,23.3,11.8,27.4,8.1,15.8,20.7,74.1,74.6,65.4,13.0,15.5,18.0,2025
25001,Barnstable,MA,Northeast,Rural,25k-99k,18.5,7.2,22.3,12.7,13.2,18.8,74.2,72.3,75.6,4.9,15.5,16.5,2025
25003,Berkshire,MA,Northeast,Suburban,25k-99k,15.0,4.0,20.6,4.0,16.4,10.0,80.1,74.5,65.1,1.5,7.9,9.4,2025
25005,Bristol,MA,Northeast,Small town,<25k,37.6,15.5,28.1,17.2,15.0,22.8,72.4,67.7,65.4,9.0,13.8,19.2,2025
25007,Dukes,MA,Northeast,Urban core,25k-99k,26.3,13.1,29.5,15.6,17.9,14.1,75.5,76.2,66.0,6.0,14.2,16.3,2025
25009,Essex,MA,Northeast,Urban core,100k-249k,26.0,10.9,31.0,12.4,14.1,19.7,79.3,83.7,71.7,4.2,13.8,15.4,2025
25011,Franklin,MA,Northeast,Small town,100k-249k,32.0,16.7,34.5,19.7,17.8,28.5,72.7,68.1,61.0,11.6,13.9,17.4,2025
25013,Hampden,MA,Northeast,Rural,100k-249k,31.2,13.8,30.3,17.0,15.9,24.0,72.1,69.3,69.8,12.4,14.4,23.3,2025
25015,Hampshire,MA,Northeast,Urban core,100k-249k,27.5,10.2,30.2,12.6,14.3,17.4,75.5,81.2,68.7,12.3,15.0,15.9,2025
25017,Middlesex,MA,Northeast,Small town,25k-99k,29.6,11.8,29.4,12.7,11.1,23.0,72.9,71.5,68.4,8.2,15.2,17.6,2025
25019,Nantucket,MA,Northeast,Small town,<25k,32.8,16.6,32.5,15.9,14.4,24.1,73.6,69.8,68.6,9.8,17.9,20.8,2025
25021,Norfolk,MA,Northeast,Urban core,250k+,27.9,13.2,30.4,10.3,18.9,23.6,74.7,69.2,66.1,5.4,18.6,14.9,2025
25023,Plymouth,MA,Northeast,Urban core,100k-249k,22.4,7.9,30.0,12.4,15.6,23.1,72.5,72.2,71.3,4.9,14.7,12.4,2025
25025,Suffolk,MA,Northeast,Suburban,250k+,18.1,10.8,25.5,10.6,13.8,22.6,72.5,73.2,66.9,5.3,11.8,11.6,2025
25027,Worcester,MA,Northeast,Suburban,25k-99k,17.2,6.0,25.5,9.0,14.5,12.9,74.8,75.8,73.0,3.7,11.9,10.4,2025
26067,Ionia,MI,Midwest,Urban core,100k-249k,37.1,14.6,35.3,9.9,15.0,24.4,71.4,67.2,64.7,9.0,19.6,17.3,2025
26069,Iosco,MI,Midwest,Rural,<25k,37.2,12.0,33.6,14.9,12.0,26.2,65.5,66.9,63.1,10.1,16.0,17.4,2025
26071,Iron,MI,Midwest,Small town,25k-99k,26.1,9.7,29.9,13.2,15.9,22.4,73.7,70.4,67.0,7.8,10.9,14.4,2025
26075,Jackson,MI,Midwest,Small town,100k-249k,28.2,10.7,29.3,17.2,18.9,23.5,70.4,66.6,67.7,9.2,14.2,14.0,2025
26077,Kalamazoo,MI,Midwest,Urban core,250k+,23.5,12.2,30.0,14.4,19.0,23.5,70.4,71.5,69.3,12.2,17.5,13.2,2025
26079,Kalkaska,MI,Midwest,Urban core,<25k,22.0,8.6,31.1,9.8,21.5,20.6,76.3,69.8,66.5,10.0,17.4,13.6,2025
26001,Alcona,MI,Midwest,Suburban,<25k,32.6,12.2,32.4,17.4,13.2,24.5,71.5,69.3,64.5,9.5,17.1,15.9,2025
26003,Alger,MI,Midwest,Urban core,25k-99k,27.7,14.4,30.7,14.3,16.6,15.8,75.1,71.2,67.2,10.1,16.4,16.3,2025
26007,Alpena,MI,Midwest,Small town,25k-99k,33.0,13.9,31.8,17.4,15.8,27.5,70.5,68.0,64.9,9.7,18.0,13.1,2025
26013,Baraga,MI,Midwest,Small town,<25k,33.0,10.5,28.3,14.2,16.6,17.5,73.1,72.3,67.6,5.4,16.8,18.3,2025
26017,Bay,MI,Midwest,Small town,25k-99k,29.7,15.4,28.8,20.6,14.3,25.0,72.0,74.0,65.3,12.3,15.4,14.5,2025
26029,Charlevoix,MI,Midwest,Suburban,100k-249k,24.9,12.5,26.1,16.2,16.1,25.2,74.2,72.3,66.3,9.3,18.3,12.7,2025
26033,Chippewa,MI,Midwest,Small town,25k-99k,27.8,14.6,33.8,18.0,15.7,26.9,68.7,73.2,65.5,12.4,17.8,20.1,2025
26039,Crawford,MI,Midwest,Rural,250k+,28.3,10.4,25.3,15.1,21.4,22.6,71.0,63.7,66.8,8.0,16.8,15.2,2025
26041,Delta,MI,Midwest,Suburban,25k-99k,33.1,11.2,28.4,14.5,14.1,23.8,72.4,70.2,67.1,8.0,10.9,15.7,2025
26047,Emmet,MI,Midwest,Suburban,25k-99k,39.0,14.2,32.5,19.8,14.9,24.3,67.3,70.5,60.2,16.2,19.0,20.9,2025
26055,Grand Traverse,MI,Midwest,Small town,<25k,32.3,13.5,33.5,18.1,15.1,26.0,73.7,72.0,65.0,8.0,9.9,19.1,2025
26061,Houghton,MI,Midwest,Small town,<25k,35.4,16.0,33.5,19.7,13.2,23.6,66.6,72.6,67.6,11.9,17.8,15.8,2025
26063,Huron,MI,Midwest,Urban core,25k-99k,30.3,12.0,35.6,16.1,15.0,24.1,71.1,72.3,69.0,11.8,15.7,16.7,2025
26073,Isabella,MI,Midwest,Small town,<25k,33.0,11.2,29.4,18.3,18.7,23.4,67.0,67.6,62.7,9.0,12.9,17.1,2025
26083,Keweenaw,MI,Midwest,Suburban,<25k,30.0,11.3,28.5,15.4,18.5,22.7,72.2,74.0,60.4,9.5,16.2,14.3,2025
26089,Leelanau,MI,Midwest,Small town,100k-249k,32.1,13.4,34.1,17.7,12.4,23.0,70.3,72.7,65.2,6.0,14.4,18.5,2025
26097,Mackinac,MI,Midwest,Small town,25k-99k,34.4,16.1,38.6,19.9,12.4,25.0,72.1,67.9,66.0,10.3,17.2,20.6,2025
26099,Macomb,MI,Midwest,Rural,250k+,32.6,11.6,32.5,21.4,16.3,24.5,68.7,70.4,74.6,6.9,17.2,18.0,2025
26103,Marquette,MI,Midwest,Rural,<25k,38.1,15.2,36.0,21.3,9.2,25.9,69.0,67.0,63.9,9.0,12.7,22.3,2025
26107,Mecosta,MI,Midwest,Urban core,100k-249k,28.3,13.2,30.5,7.4,16.6,22.1,72.7,72.9,63.9,12.2,14.9,17.3,2025
26109,Menominee,MI,Midwest,Suburban,<25k,34.3,13.5,36.9,16.1,17.7,26.7,70.3,66.8,66.6,12.1,18.1,20.7,2025
26115,Monroe,MI,Midwest,Suburban,25k-99k,30.5,13.4,31.8,19.1,14.5,26.8,70.1,68.4,62.3,11.5,16.4,16.6,2025
26129,Ogemaw,MI,Midwest,Small town,100k-249k,27.7,11.9,29.1,16.6,17.0,22.9,75.0,69.5,70.4,7.3,9.6,12.2,2025
26135,Oscoda,MI,Midwest,Small town,250k+,36.0,12.9,32.8,16.8,18.2,22.1,68.3,67.5,62.8,14.3,16.6,17.3,2025
26141,Presque Isle,MI,Midwest,Urban core,<25k,17.0,9.9,24.0,10.7,18.3,17.3,78.2,73.3,74.8,7.1,16.0,13.0,2025
26147,St. Clair,MI,Midwest,Rural,<25k,32.9,8.2,27.2,17.1,15.6,25.7,69.8,70.8,68.8,4.7,10.5,14.7,2025
26163,Wayne,MI,Midwest,Small town,100k-249k,35.5,19.0,31.8,16.4,11.6,22.5,62.9,71.4,57.0,12.7,21.0,23.3,2025
26165,Wexford,MI,Midwest,Rural,<25k,35.8,12.6,32.3,18.3,13.6,28.0,68.1,65.0,56.9,11.8,17.8,18.0,2025
26005,Allegan,MI,Midwest,Small town,<25k,34.0,13.8,32.1,20.1,14.1,25.5,70.5,64.2,63.6,10.7,15.0,19.0,2025
26009,Antrim,MI,Midwest,Suburban,25k-99k,16.1,5.6,19.4,8.1,22.8,18.0,73.8,73.6,71.3,2.4,11.6,9.2,2025
26011,Arenac,MI,Midwest,Suburban,25k-99k,40.5,22.0,38.1,16.7,13.9,30.0,68.0,66.8,58.7,13.1,21.7,26.0,2025
26015,Barry,MI,Midwest,Suburban,<25k,28.5,15.1,32.0,14.0,15.6,23.6,69.4,73.6,69.0,8.4,13.4,15.6,2025
26019,Benzie,MI,Midwest,Rural,<25k,38.7,13.8,34.6,24.1,14.4,30.1,70.3,67.4,62.4,11.2,11.5,19.6,2025
26021,Berrien,MI,Midwest,Small town,<25k,30.7,15.7,29.2,17.5,12.3,25.1,70.0,70.7,72.5,8.7,16.2,17.0,2025
26023,Branch,MI,Midwest,Suburban,25k-99k,34.8,17.7,35.6,20.5,14.4,27.2,67.5,72.1,64.6,13.8,19.5,21.4,2025
26025,Calhoun,MI,Midwest,Rural,250k+,38.8,15.7,36.6,23.5,16.7,24.5,72.3,70.6,59.7,13.7,18.5,22.6,2025
26027,Cass,MI,Midwest,Urban core,100k-249k,36.6,19.9,39.5,15.0,18.8,26.8,71.1,68.1,65.4,14.6,20.3,21.3,2025
26031,Cheboygan,MI,Midwest,Suburban,100k-249k,36.6,15.7,35.9,22.0,11.9,30.7,71.7,66.6,62.4,13.1,16.6,19.3,2025
26035,Clare,MI,Midwest,Small town,100k-249k,17.5,5.1,22.4,7.3,15.4,16.0,73.9,75.1,66.8,8.2,11.0,12.0,2025
26037,Clinton,MI,Midwest,Suburban,250k+,20.8,5.9,28.8,11.0,16.2,16.9,76.0,72.4,64.4,11.4,15.4,14.8,2025
26043,Dickinson,MI,Midwest,Rural,<25k,40.6,15.7,35.0,19.1,16.9,23.0,73.4,64.2,62.4,9.4,16.1,22.3,2025
26045,Eaton,MI,Midwest,Suburban,<25k,27.2,11.1,30.3,16.5,20.7,14.8,73.3,69.1,69.6,11.5,11.1,18.4,2025
26049,Genesee,MI,Midwest,Urban core,<25k,21.1,11.5,27.8,13.2,15.5,15.2,75.2,68.1,64.0,8.8,14.0,15.6,2025
26051,Gladwin,MI,Midwest,Urban core,100k-249k,24.2,16.0,30.0,12.8,20.2,24.4,72.0,68.9,65.1,9.7,20.6,14.8,2025
26057,Gratiot,MI,Midwest,Suburban,25k-99k,24.0,12.6,27.3,14.2,15.1,21.3,75.5,74.7,72.8,7.1,11.1,14.9,2025
26059,Hillsdale,MI,Midwest,Small town,250k+,23.6,9.7,26.5,9.5,13.8,22.5,76.2,71.6,64.0,6.1,12.4,10.2,2025
26065,Ingham,MI,Midwest,Rural,100k-249k,32.2,13.8,33.0,17.9,13.3,25.7,68.0,64.5,59.3,9.4,15.7,15.9,2025
26139,Ottawa,MI,Midwest,Rural,25k-99k,31.9,15.0,31.6,21.8,15.0,28.5,68.3,69.5,66.9,7.7,16.9,18.8,2025
26143,Roscommon,MI,Midwest,Suburban,250k+,28.3,6.6,26.5,13.9,21.8,21.9,77.6,76.2,71.5,5.3,14.4,14.9,2025
26145,Saginaw,MI,Midwest,Urban core,25k-99k,34.8,17.0,33.0,15.9,13.2,24.8,72.1,69.2,66.0,13.7,11.5,19.2,2025
26149,St. Joseph,MI,Midwest,Rural,<25k,26.2,9.1,23.0,15.7,13.0,21.3,73.9,72.4,63.0,6.1,6.5,10.6,2025
26151,Sanilac,MI,Midwest,Suburban,100k-249k,23.1,9.2,28.8,14.7,18.2,21.0,72.8,75.2,72.8,9.5,15.4,17.1,2025
26153,Schoolcraft,MI,Midwest,Suburban,250k+,26.1,11.0,28.3,12.0,20.6,23.0,72.5,72.4,65.8,8.5,9.0,11.0,2025
26081,Kent,MI,Midwest,Rural,<25k,34.6,10.5,25.8,19.3,12.7,27.7,71.4,73.3,63.9,8.9,13.3,15.3,2025
26085,Lake,MI,Midwest,Rural,25k-99k,25.2,8.0,25.3,12.0,18.8,19.9,75.3,68.1,69.1,1.9,11.3,15.6,2025
26087,Lapeer,MI,Midwest,Rural,25k-99k,34.8,13.9,32.3,20.3,13.3,27.2,67.7,70.2,59.0,13.5,20.9,21.6,2025
26091,Lenawee,MI,Midwest,Small town,250k+,28.6,7.4,28.5,15.9,17.7,21.7,72.6,78.6,68.9,6.5,13.4,14.1,2025
26093,Livingston,MI,Midwest,Small town,100k-249k,30.1,17.6,33.1,19.1,13.9,30.5,65.4,68.1,59.0,13.5,19.8,18.5,2025
26095,Luce,MI,Midwest,Small town,25k-99k,31.7,13.7,32.1,17.0,12.2,20.3,68.8,71.0,64.6,10.5,17.3,16.3,2025
26101,Manistee,MI,Midwest,Small town,250k+,29.6,12.3,32.7,19.5,9.4,24.3,67.2,71.3,62.0,11.5,14.8,17.1,2025
26105,Mason,MI,Midwest,Small town,100k-249k,38.6,18.7,33.6,17.9,13.3,26.2,67.4,67.6,62.0,16.0,18.7,17.5,2025
26111,Midland,MI,Midwest,Suburban,<25k,26.3,11.1,28.3,5.1,18.1,23.7,70.3,75.7,67.4,7.8,20.4,15.2,2025
26113,Missaukee,MI,Midwest,Rural,25k-99k,37.5,15.7,35.1,17.9,14.7,28.2,71.2,65.7,63.0,10.7,14.5,19.0,2025
26117,Montcalm,MI,Midwest,Rural,25k-99k,33.3,16.9,33.8,18.8,11.4,27.6,68.8,66.8,60.3,13.1,20.4,19.6,2025
26119,Montmorency,MI,Midwest,Urban core,<25k,25.8,12.5,30.5,15.2,18.6,23.8,74.3,74.8,66.7,11.5,17.0,16.9,2025
26121,Muskegon,MI,Midwest,Small town,250k+,29.8,9.9,30.1,15.4,23.8,23.9,73.6,70.0,63.7,8.0,20.6,19.5,2025
26123,Newaygo,MI,Midwest,Small town,<25k,22.9,7.8,27.6,15.3,21.3,14.7,71.7,70.9,61.5,6.2,9.5,14.4,2025
26125,Oakland,MI,Midwest,Small town,100k-249k,28.5,13.3,33.6,18.0,15.0,24.0,74.2,69.6,66.1,8.9,18.0,17.1,2025
26127,Oceana,MI,Midwest,Rural,25k-99k,47.5,19.1,38.1,25.9,11.7,32.2,66.7,59.1,62.0,14.9,18.2,24.0,2025
26131,Ontonagon,MI,Midwest,Small town,25k-99k,23.5,10.2,28.4,13.4,15.1,18.5,72.5,70.9,63.2,9.5,12.3,15.9,2025
26133,Osceola,MI,Midwest,Urban core,<25k,36.7,16.5,33.5,16.4,20.2,27.1,75.4,73.1,59.7,16.2,14.6,17.7,2025
26137,Otsego,MI,Midwest,Rural,25k-99k,31.0,12.1,30.5,12.9,11.0,25.6,74.1,71.3,62.5,6.5,12.7,16.3,2025
26155,Shiawassee,MI,Midwest,Small town,25k-99k,26.3,10.5,29.8,12.7,15.1,21.6,73.7,74.8,65.8,9.4,18.2,15.1,2025
26157,Tuscola,MI,Midwest,Rural,<25k,34.6,15.9,33.2,21.2,15.4,27.3,71.7,62.2,61.1,8.6,14.3,21.6,2025
26159,Van Buren,MI,Midwest,Suburban,25k-99k,22.6,10.0,26.8,11.3,15.6,19.1,73.4,64.4,66.1,10.2,17.3,15.9,2025
26161,Washtenaw,MI,Midwest,Small town,25k-99k,38.6,16.4,31.0,17.5,18.3,27.4,66.7,66.1,63.8,13.2,14.9,18.7,2025
26053,Gogebic,MI,Midwest,Small town,<25k,24.6,9.7,26.6,13.6,12.5,22.7,74.0,73.3,65.5,9.6,14.4,14.9,2025
27055,Houston,MN,Midwest,Rural,100k-249k,27.6,9.7,27.9,14.1,18.2,22.6,69.9,64.6,64.6,5.9,14.9,16.4,2025
27057,Hubbard,MN,Midwest,Small town,250k+,30.9,15.5,36.0,17.5,20.7,28.4,69.4,69.9,63.6,13.8,15.7,15.9,2025
27059,Isanti,MN,Midwest,Rural,25k-99k,47.3,21.8,39.4,25.0,11.5,34.5,65.7,62.4,55.4,16.1,16.3,27.3,2025
27063,Jackson,MN,Midwest,Suburban,100k-249k,31.4,15.0,30.0,13.4,10.9,26.8,68.9,72.1,67.8,8.4,17.4,18.2,2025
27065,Kanabec,MN,Midwest,Rural,<25k,39.9,13.6,33.4,20.5,11.1,28.0,64.1,68.2,65.4,12.0,14.0,19.9,2025
27067,Kandiyohi,MN,Midwest,Small town,<25k,25.0,9.2,26.5,16.7,19.9,21.6,73.2,71.4,64.1,2.9,13.3,13.5,2025
27071,Koochiching,MN,Midwest,Rural,250k+,30.5,11.0,29.2,14.0,19.7,30.2,69.9,69.8,60.3,3.8,12.0,16.3,2025
27001,Aitkin,MN,Midwest,Urban core,25k-99k,22.8,12.3,28.5,11.9,20.5,18.9,74.8,73.8,68.8,10.5,20.6,13.8,2025
27013,Blue Earth,MN,Midwest,Suburban,100k-249k,24.8,12.1,27.1,12.9,15.6,22.1,72.1,70.8,70.6,11.8,11.7,13.9,2025
27015,Brown,MN,Midwest,Suburban,25k-99k,28.9,13.7,30.3,12.3,15.2,23.1,69.9,67.7,63.4,13.0,13.6,15.5,2025
27021,Cass,MN,Midwest,Small town,<25k,35.3,15.5,31.2,16.3,22.2,24.6,70.4,67.4,63.6,14.6,14.4,16.3,2025
27023,Chippewa,MN,Midwest,Rural,100k-249k,38.0,13.9,32.4,19.6,14.5,24.6,72.5,69.1,62.5,3.9,20.0,18.5,2025
27027,Clay,MN,Midwest,Urban core,250k+,35.6,15.8,35.4,20.1,14.5,20.2,70.3,77.3,57.5,13.0,20.5,21.7,2025
27031,Cook,MN,Midwest,Suburban,<25k,26.9,7.9,29.8,8.9,16.7,18.1,75.5,72.7,67.0,7.7,16.3,16.6,2025
27033,Cottonwood,MN,Midwest,Small town,<25k,34.3,16.6,35.0,15.0,13.0,28.0,68.2,70.9,64.6,17.5,16.6,19.3,2025
27051,Grant,MN,Midwest,Rural,<25k,36.1,15.5,34.6,22.6,16.2,30.1,66.4,66.1,61.0,13.5,11.5,20.0,2025
27053,Hennepin,MN,Midwest,Suburban,25k-99k,34.5,14.0,33.9,18.8,18.7,27.5,69.4,68.6,61.5,13.0,15.9,22.3,2025
27061,Itasca,MN,Midwest,Rural,<25k,28.4,10.0,27.8,16.3,11.3,25.2,72.4,65.6,64.8,9.2,16.2,19.7,2025
27069,Kittson,MN,Midwest,Small town,25k-99k,35.7,18.1,35.9,16.6,14.8,26.1,65.8,64.6,62.9,11.2,21.1,22.5,2025
27073,Lac qui Parle,MN,Midwest,Rural,25k-99k,28.6,13.9,30.0,19.9,16.2,27.9,71.3,65.5,64.6,9.0,9.7,19.5,2025
27075,Lake,MN,Midwest,Urban core,100k-249k,35.3,15.1,33.4,15.1,11.0,26.5,72.6,75.1,70.9,12.9,19.0,17.5,2025
27077,Lake of the Woods,MN,Midwest,Small town,25k-99k,30.1,10.5,33.9,10.0,18.7,18.9,69.7,72.2,64.9,4.7,12.6,16.1,2025
27083,Lyon,MN,Midwest,Rural,100k-249k,35.9,11.8,32.3,18.0,19.2,24.5,69.2,69.3,66.6,9.3,12.3,18.6,2025
27089,Marshall,MN,Midwest,Small town,<25k,21.3,5.2,24.6,14.5,16.6,21.4,75.3,74.6,70.3,5.0,12.5,11.1,2025
27097,Morrison,MN,Midwest,Rural,25k-99k,32.9,11.0,33.4,18.1,16.2,25.5,72.3,68.5,69.4,9.7,11.8,16.4,2025
27103,Nicollet,MN,Midwest,Rural,25k-99k,28.0,10.9,28.4,15.8,12.4,26.2,73.8,72.8,63.0,5.5,12.4,17.4,2025
27107,Norman,MN,Midwest,Urban core,250k+,36.6,16.7,34.4,21.1,15.3,27.9,70.8,67.7,65.6,10.3,17.7,20.9,2025
27113,Pennington,MN,Midwest,Rural,<25k,40.8,15.1,38.3,20.3,14.9,25.8,69.8,65.7,59.7,12.0,17.9,23.4,2025
27119,Polk,MN,Midwest,Urban core,100k-249k,32.4,16.0,30.4,14.4,19.5,23.5,71.0,72.4,65.9,11.9,17.5,17.7,2025
27125,Red Lake,MN,Midwest,Urban core,250k+,28.8,13.4,28.9,12.7,20.5,23.6,69.0,69.5,64.9,12.8,21.3,17.1,2025
27127,Redwood,MN,Midwest,Suburban,250k+,32.2,14.4,36.5,16.6,14.2,22.4,72.3,69.9,63.2,10.8,16.5,20.8,2025
27129,Renville,MN,Midwest,Rural,<25k,36.9,13.2,30.4,20.4,10.4,26.7,71.5,66.2,57.8,7.3,9.9,21.7,2025
27137,St. Louis,MN,Midwest,Rural,100k-249k,41.9,20.5,35.1,21.7,16.2,28.8,68.5,65.9,61.5,11.8,17.7,18.7,2025
27139,Scott,MN,Midwest,Suburban,<25k,31.4,10.5,28.9,16.5,16.9,27.8,72.2,69.0,66.1,11.1,16.7,16.7,2025
27145,Stearns,MN,Midwest,Rural,<25k,36.0,17.0,34.2,17.4,11.9,25.7,65.0,67.4,64.7,15.7,16.3,18.4,2025
27163,Washington,MN,Midwest,Suburban,250k+,33.9,12.3,30.5,15.2,15.1,26.5,70.7,69.2,62.0,9.8,13.9,16.2,2025
27167,Wilkin,MN,Midwest,Rural,250k+,23.6,11.7,27.7,14.6,14.6,24.8,70.8,73.1,65.2,4.6,17.2,16.7,2025
27171,Wright,MN,Midwest,Urban core,25k-99k,21.8,7.3,24.8,12.5,13.7,15.7,74.2,73.7,63.8,6.6,14.6,16.0,2025
27173,Yellow Medicine,MN,Midwest,Small town,100k-249k,21.0,10.8,30.2,10.4,14.3,21.2,66.3,72.6,66.1,7.8,12.7,26.2,2025
27003,Anoka,MN,Midwest,Urban core,<25k,34.8,17.7,31.9,18.0,19.2,29.3,66.4,75.0,61.3,14.1,13.8,19.5,2025
27005,Becker,MN,Midwest,Rural,25k-99k,27.8,9.3,26.8,16.8,21.4,25.0,69.8,72.7,64.4,8.8,13.1,16.2,2025
27007,Beltrami,MN,Midwest,Suburban,25k-99k,35.8,13.7,34.1,14.7,18.2,25.7,69.5,73.3,65.0,9.2,22.0,20.7,2025
27009,Benton,MN,Midwest,Small town,250k+,32.9,13.7,31.3,13.0,16.1,24.2,69.8,68.8,64.4,9.1,12.9,20.2,2025
27011,Big Stone,MN,Midwest,Rural,25k-99k,21.3,6.3,23.2,15.1,14.9,23.8,70.3,70.6,74.8,11.3,13.5,16.8,2025
27017,Carlton,MN,Midwest,Urban core,25k-99k,27.2,11.0,31.1,16.2,14.6,24.3,72.5,69.8,63.5,5.5,11.1,18.3,2025
27019,Carver,MN,Midwest,Small town,250k+,19.7,9.4,26.8,10.6,16.2,21.9,71.7,76.0,69.5,2.7,13.7,13.8,2025
27025,Chisago,MN,Midwest,Suburban,250k+,38.0,19.1,36.5,19.4,17.0,25.1,71.8,70.5,57.1,12.9,19.5,20.2,2025
27029,Clearwater,MN,Midwest,Rural,250k+,21.0,5.3,25.4,13.5,14.6,12.6,75.7,76.9,64.8,5.7,6.0,12.0,2025
27035,Crow Wing,MN,Midwest,Rural,250k+,19.4,10.1,21.2,15.6,17.0,20.7,74.3,72.6,69.9,4.6,10.2,9.6,2025
27037,Dakota,MN,Midwest,Suburban,100k-249k,29.2,16.0,29.3,15.9,15.5,28.7,70.5,68.7,59.7,10.9,16.4,16.6,2025
27039,Dodge,MN,Midwest,Rural,25k-99k,32.1,11.7,26.5,18.1,16.8,22.7,68.9,69.4,63.8,10.7,14.4,15.7,2025
27041,Douglas,MN,Midwest,Urban core,<25k,39.4,21.8,38.9,19.7,16.1,27.4,65.4,66.3,57.0,17.8,17.7,24.9,2025
27043,Faribault,MN,Midwest,Suburban,25k-99k,32.3,16.2,34.7,22.9,17.2,28.6,68.3,65.6,59.2,13.4,17.5,19.8,2025
27045,Fillmore,MN,Midwest,Urban core,100k-249k,26.9,12.3,27.1,12.8,19.0,21.0,72.0,75.3,71.6,11.8,13.1,13.4,2025
27047,Freeborn,MN,Midwest,Small town,25k-99k,32.4,13.5,27.0,11.9,15.8,22.9,70.9,74.9,68.8,8.4,11.6,18.8,2025
27049,Goodhue,MN,Midwest,Suburban,<25k,27.9,12.9,27.5,19.1,15.3,20.6,68.1,75.2,69.1,7.9,10.5,14.4,2025
27147,Steele,MN,Midwest,Rural,100k-249k,48.3,17.6,40.6,21.8,10.8,34.7,64.6,57.6,55.2,14.1,14.3,25.3,2025
27149,Stevens,MN,Midwest,Urban core,<25k,31.0,14.1,33.2,19.4,14.7,16.3,74.4,72.3,65.2,10.3,17.3,19.0,2025
27151,Swift,MN,Midwest,Rural,250k+,23.1,9.0,30.1,15.8,13.3,23.1,71.7,69.9,70.8,4.8,16.0,16.5,2025
27153,Todd,MN,Midwest,Small town,<25k,28.6,9.8,29.6,13.3,14.2,22.8,72.8,72.8,59.7,8.2,14.3,17.3,2025
27155,Traverse,MN,Midwest,Rural,<25k,38.2,14.9,35.8,16.5,15.7,32.9,64.6,65.5,63.0,10.9,12.3,20.0,2025
27157,Wabasha,MN,Midwest,Suburban,25k-99k,17.6,8.5,22.2,12.5,21.8,12.5,78.0,73.2,76.9,2.4,12.5,11.9,2025
27159,Wadena,MN,Midwest,Urban core,250k+,32.9,13.1,33.4,16.1,16.4,22.4,69.8,75.2,63.8,8.4,16.9,20.6,2025
27165,Watonwan,MN,Midwest,Small town,25k-99k,38.0,16.7,36.2,21.4,11.4,26.1,71.4,72.4,65.0,13.1,18.7,17.2,2025
27079,Le Sueur,MN,Midwest,Urban core,100k-249k,28.7,13.0,31.0,11.0,15.3,23.1,71.1,69.4,66.6,11.6,15.4,18.4,2025
27081,Lincoln,MN,Midwest,Suburban,100k-249k,20.2,6.7,28.5,10.0,14.7,17.0,73.0,74.9,68.0,7.6,14.6,11.4,2025
27085,McLeod,MN,Midwest,Urban core,25k-99k,31.7,13.6,34.2,17.3,14.7,23.2,70.4,74.8,65.6,13.9,22.2,19.3,2025
27087,Mahnomen,MN,Midwest,Small town,100k-249k,37.6,18.7,36.2,23.4,15.5,32.1,68.4,68.2,64.6,16.8,20.9,19.6,2025
27091,Martin,MN,Midwest,Rural,25k-99k,31.9,14.8,31.0,18.5,13.1,27.8,72.6,73.5,61.6,9.0,15.0,18.6,2025
27093,Meeker,MN,Midwest,Urban core,<25k,24.2,11.1,30.4,18.6,17.1,21.6,76.4,70.8,71.5,12.2,15.2,17.1,2025
27095,Mille Lacs,MN,Midwest,Suburban,100k-249k,25.2,11.3,23.8,13.7,17.3,19.2,76.2,71.1,68.2,5.1,15.8,12.9,2025
27099,Mower,MN,Midwest,Small town,100k-249k,37.5,17.4,31.2,23.7,13.8,24.3,69.8,68.9,65.7,10.8,15.0,15.5,2025
27101,Murray,MN,Midwest,Rural,100k-249k,24.2,6.6,25.4,11.2,17.1,18.6,72.4,70.6,62.5,2.3,6.0,10.3,2025
27105,Nobles,MN,Midwest,Rural,<25k,38.3,18.5,36.8,18.0,13.4,29.0,67.4,69.2,60.3,14.7,18.1,16.4,2025
27109,Olmsted,MN,Midwest,Suburban,<25k,29.9,14.9,35.0,16.4,15.6,24.9,69.4,71.6,61.5,9.7,16.7,19.8,2025
27111,Otter Tail,MN,Midwest,Small town,250k+,38.6,14.8,31.2,15.7,17.3,25.0,71.6,72.1,64.0,11.6,14.8,19.7,2025
27115,Pine,MN,Midwest,Urban core,25k-99k,33.8,12.6,32.4,18.3,14.2,27.8,71.5,68.4,63.3,16.0,13.9,19.7,2025
27117,Pipestone,MN,Midwest,Small town,100k-249k,28.9,15.7,34.7,20.3,13.9,27.9,71.0,65.5,64.8,11.3,15.3,15.7,2025
27121,Pope,MN,Midwest,Rural,25k-99k,35.2,16.4,34.4,19.6,16.2,32.5,68.1,67.6,69.0,11.6,17.2,19.3,2025
27123,Ramsey,MN,Midwest,Rural,<25k,32.3,10.7,34.9,21.2,19.3,25.4,68.7,63.7,67.3,10.7,15.2,21.8,2025
27131,Rice,MN,Midwest,Small town,<25k,45.3,20.7,37.6,18.5,10.6,30.7,65.8,74.4,57.6,15.1,19.8,24.0,2025
27133,Rock,MN,Midwest,Rural,25k-99k,23.8,8.7,25.6,19.8,15.8,21.1,71.2,65.3,58.0,1.5,13.3,13.6,2025
27135,Roseau,MN,Midwest,Small town,25k-99k,25.1,7.8,29.1,13.8,19.0,19.4,74.2,74.0,70.5,5.5,13.5,14.3,2025
27141,Sherburne,MN,Midwest,Small town,250k+,29.5,12.5,34.5,17.8,18.0,20.6,72.4,74.8,65.2,7.7,14.2,20.3,2025
27143,Sibley,MN,Midwest,Small town,25k-99k,30.2,10.6,29.7,22.3,17.0,23.9,71.1,69.5,63.9,12.9,19.0,20.3,2025
27169,Winona,MN,Midwest,Small town,25k-99k,23.2,10.2,27.2,12.7,16.9,26.7,72.2,75.6,55.6,7.5,15.9,18.1,2025
27161,Waseca,MN,Midwest,Urban core,25k-99k,39.0,17.6,35.9,20.5,15.5,26.3,69.3,72.9,66.1,14.3,25.2,21.6,2025
28027,Coahoma,MS,South,Suburban,<25k,30.1,17.1,31.7,16.2,15.5,25.1,67.8,71.2,67.4,15.8,14.2,18.3,2025
28029,Copiah,MS,South,Rural,100k-249k,38.0,15.3,36.8,14.5,11.5,26.2,67.4,74.5,66.1,13.9,14.4,19.6,2025
28031,Covington,MS,South,Suburban,<25k,23.2,10.6,26.9,14.9,13.2,19.6,75.5,77.5,62.6,10.8,12.4,14.5,2025
28035,Forrest,MS,South,Urban core,25k-99k,25.8,17.7,29.4,12.9,19.8,20.5,74.3,74.1,60.4,12.9,16.7,17.6,2025
28037,Franklin,MS,South,Suburban,<25k,33.7,17.2,32.8,17.3,10.7,25.0,75.4,70.1,67.5,18.6,16.2,17.7,2025
28041,Greene,MS,South,Rural,100k-249k,34.3,14.6,32.0,14.4,9.1,26.0,72.6,64.5,67.2,8.7,13.3,19.6,2025
28043,Grenada,MS,South,Small town,250k+,31.1,14.1,35.4,16.2,15.1,23.9,70.7,73.2,63.5,13.7,15.6,18.8,2025
28045,Hancock,MS,South,Rural,<25k,34.8,15.6,31.2,19.0,14.5,24.0,66.3,64.8,66.4,12.3,12.6,18.0,2025
28047,Harrison,MS,South,Rural,25k-99k,34.5,13.6,28.9,20.9,15.1,27.3,69.9,65.5,67.2,10.7,12.3,18.6,2025
28057,Itawamba,MS,South,Rural,100k-249k,41.6,21.2,32.6,27.6,12.8,30.6,65.0,67.7,55.8,9.9,18.0,22.0,2025
28059,Jackson,MS,South,Rural,100k-249k,42.4,18.4,35.1,21.9,12.0,25.1,64.8,64.6,60.6,15.9,16.2,23.4,2025
28061,Jasper,MS,South,Small town,25k-99k,32.0,16.2,33.2,10.7,13.8,27.2,72.6,64.0,60.8,15.1,17.3,19.0,2025
28063,Jefferson,MS,South,Urban core,25k-99k,34.0,16.3,33.3,16.3,12.6,30.1,71.4,70.0,63.5,13.9,20.1,15.9,2025
28065,Jefferson Davis,MS,South,Rural,25k-99k,31.6,12.3,27.2,16.0,16.9,23.9,71.6,68.7,61.3,8.2,12.3,20.6,2025
28069,Kemper,MS,South,Rural,100k-249k,39.3,15.6,34.5,17.1,17.7,30.1,69.7,66.8,62.1,10.3,16.3,17.3,2025
28071,Lafayette,MS,South,Urban core,<25k,21.6,12.4,32.2,14.2,14.6,19.3,72.1,75.2,67.3,13.0,19.0,14.5,2025
28073,Lamar,MS,South,Urban core,<25k,25.2,11.5,25.9,7.3,18.1,15.3,76.1,71.6,61.4,7.6,14.1,11.1,2025
28075,Lauderdale,MS,South,Suburban,250k+,32.6,18.8,37.6,19.4,16.0,24.2,72.2,68.6,64.7,15.8,19.2,20.5,2025
28077,Lawrence,MS,South,Suburban,25k-99k,35.1,14.9,35.1,17.9,20.8,22.5,69.8,72.8,63.9,12.7,11.0,18.1,2025
28001,Adams,MS,South,Small town,100k-249k,30.3,12.3,28.0,14.6,17.8,20.6,71.3,73.6,65.1,9.4,19.5,16.7,2025
28003,Alcorn,MS,South,Suburban,<25k,42.1,13.5,35.3,14.1,12.8,28.7,71.3,68.1,64.2,13.4,19.5,14.8,2025
28007,Attala,MS,South,Small town,<25k,42.5,17.7,37.2,23.7,14.2,33.0,68.6,63.6,62.1,14.1,15.9,22.8,2025
28009,Benton,MS,South,Rural,<25k,30.0,10.5,28.6,19.1,18.8,26.8,67.0,64.4,61.5,11.1,10.9,18.1,2025
28011,Bolivar,MS,South,Urban core,25k-99k,29.6,13.9,35.0,13.3,17.3,24.3,68.6,74.4,67.7,11.5,15.1,19.3,2025
28017,Chickasaw,MS,South,Urban core,250k+,28.4,13.3,27.1,14.0,17.7,18.2,74.5,76.4,67.3,9.8,16.4,16.9,2025
28021,Claiborne,MS,South,Urban core,25k-99k,40.1,19.0,36.8,20.3,16.6,20.8,70.3,68.7,66.4,14.8,19.8,18.7,2025
28033,DeSoto,MS,South,Rural,100k-249k,28.3,8.2,30.1,18.7,12.3,19.2,70.9,67.3,74.0,12.7,13.5,12.6,2025
28039,George,MS,South,Rural,25k-99k,36.5,17.1,31.7,24.0,13.4,27.4,69.9,64.2,63.2,15.1,17.1,18.2,2025
28049,Hinds,MS,South,Suburban,25k-99k,33.4,12.3,28.5,12.5,18.1,23.2,72.1,70.0,65.2,10.4,13.6,14.5,2025
28051,Holmes,MS,South,Rural,100k-249k,33.6,14.8,28.0,15.1,14.5,23.5,67.9,72.2,64.6,6.1,10.3,19.6,2025
28053,Humphreys,MS,South,Rural,<25k,35.8,14.9,33.5,19.4,15.5,30.0,68.8,62.5,57.9,9.5,10.7,18.4,2025
28055,Issaquena,MS,South,Small town,25k-99k,29.6,11.0,24.3,8.9,15.0,20.1,72.3,76.4,72.0,7.3,14.8,16.9,2025
28067,Jones,MS,South,Rural,<25k,35.6,17.3,32.1,18.3,14.2,27.9,69.2,70.4,66.8,12.4,17.3,19.7,2025
28083,Leflore,MS,South,Rural,<25k,37.4,19.2,33.6,16.5,15.6,28.8,69.5,65.2,65.0,14.7,14.2,23.3,2025
28087,Lowndes,MS,South,Suburban,<25k,33.8,12.4,29.0,13.8,16.9,19.0,72.8,77.0,64.0,8.2,16.0,19.6,2025
28089,Madison,MS,South,Urban core,250k+,27.1,12.4,26.7,15.1,19.2,20.5,73.3,72.6,65.3,8.3,13.6,15.5,2025
28099,Neshoba,MS,South,Urban core,100k-249k,31.1,12.3,31.2,12.8,15.1,22.8,70.1,77.6,64.5,8.7,21.7,14.3,2025
28109,Pearl River,MS,South,Rural,<25k,32.2,10.4,29.3,11.4,14.1,25.5,71.8,68.8,67.9,9.2,14.9,14.8,2025
28121,Rankin,MS,South,Rural,25k-99k,40.3,21.1,35.7,19.4,8.5,33.6,71.8,68.5,53.1,17.9,23.8,19.5,2025
28137,Tate,MS,South,Urban core,100k-249k,27.0,14.1,32.6,9.3,14.6,20.0,70.0,71.8,72.8,10.2,20.0,16.5,2025
28143,Tunica,MS,South,Small town,25k-99k,37.7,16.7,35.2,20.8,11.7,32.6,67.8,65.8,67.3,12.0,16.6,18.5,2025
28149,Warren,MS,South,Urban core,25k-99k,30.5,8.6,34.7,13.2,16.8,15.1,73.4,74.4,65.1,8.5,15.2,14.5,2025
28151,Washington,MS,South,Urban core,25k-99k,35.4,18.4,37.2,20.0,16.9,27.4,73.5,69.4,61.6,16.5,24.8,20.5,2025
28157,Wilkinson,MS,South,Suburban,<25k,23.2,7.7,25.8,11.7,21.1,19.6,76.6,75.6,65.8,5.8,11.9,11.8,2025
28159,Winston,MS,South,Rural,<25k,46.5,22.3,36.5,23.9,13.6,30.1,65.3,65.5,60.6,16.5,19.4,21.6,2025
28163,Yazoo,MS,South,Suburban,<25k,32.7,19.4,38.3,21.8,19.1,27.1,68.4,66.2,66.2,14.7,24.4,21.4,2025
28005,Amite,MS,South,Small town,25k-99k,24.7,10.8,23.6,10.9,20.5,23.9,75.5,69.6,66.8,8.9,16.5,15.9,2025
28013,Calhoun,MS,South,Small town,<25k,30.8,13.2,34.8,17.7,10.1,25.3,68.4,75.1,61.5,11.8,17.7,18.2,2025
28015,Carroll,MS,South,Small town,<25k,20.9,8.0,24.2,11.5,16.6,19.1,76.8,79.8,67.2,5.4,8.1,12.5,2025
28019,Choctaw,MS,South,Rural,<25k,34.3,15.4,31.0,16.2,16.9,26.5,66.7,67.5,63.1,11.3,9.2,20.9,2025
28023,Clarke,MS,South,Rural,100k-249k,30.6,7.9,26.0,9.7,12.6,22.2,73.2,71.0,69.8,2.6,14.8,15.8,2025
28025,Clay,MS,South,Rural,<25k,42.0,18.4,39.4,25.3,13.1,29.6,64.5,70.7,58.1,15.8,14.8,23.8,2025
28097,Montgomery,MS,South,Small town,25k-99k,40.5,17.4,33.8,17.5,15.3,28.7,67.3,62.7,62.4,14.5,21.8,21.5,2025
28101,Newton,MS,South,Rural,100k-249k,29.1,13.9,29.1,15.3,19.3,22.5,70.1,73.8,73.0,9.7,16.0,13.7,2025
28103,Noxubee,MS,South,Urban core,<25k,36.6,15.9,31.4,15.1,20.1,23.1,70.5,73.7,65.3,15.6,16.9,19.0,2025
28105,Oktibbeha,MS,South,Rural,100k-249k,39.4,15.7,33.5,21.9,14.5,31.8,64.9,68.8,59.9,10.2,15.4,19.5,2025
28107,Panola,MS,South,Suburban,250k+,27.2,12.5,27.8,14.7,17.4,18.4,74.1,70.5,70.3,9.5,10.5,15.9,2025
28111,Perry,MS,South,Small town,<25k,33.0,14.1,29.9,16.3,13.5,26.6,69.7,67.9,64.8,14.5,13.6,18.7,2025
28113,Pike,MS,South,Small town,<25k,26.5,9.8,28.9,12.5,17.8,23.0,70.5,72.8,69.3,6.1,8.7,14.4,2025
28115,Pontotoc,MS,South,Suburban,25k-99k,28.1,12.6,27.9,17.2,15.6,19.5,79.1,64.1,66.8,10.2,14.2,15.4,2025
28117,Prentiss,MS,South,Small town,25k-99k,33.6,18.2,33.8,14.0,15.8,25.3,68.7,66.2,63.3,14.2,19.9,21.6,2025
28119,Quitman,MS,South,Urban core,250k+,30.6,13.7,30.7,9.5,19.3,17.6,69.8,76.8,68.3,8.8,15.7,17.7,2025
28123,Scott,MS,South,Small town,25k-99k,31.6,15.4,32.0,20.2,18.4,25.7,76.0,67.8,64.0,8.9,14.3,17.3,2025
28145,Union,MS,South,Suburban,<25k,35.6,15.4,32.4,13.8,15.9,26.1,73.4,72.5,65.7,8.8,13.4,15.4,2025
28147,Walthall,MS,South,Rural,100k-249k,44.4,22.1,39.3,24.8,14.5,33.2,68.6,65.5,64.2,17.1,23.7,25.9,2025
28153,Wayne,MS,South,Urban core,100k-249k,31.9,15.1,30.6,14.4,18.2,25.3,72.5,74.1,67.7,16.5,19.9,21.8,2025
28155,Webster,MS,South,Urban core,25k-99k,44.6,24.0,38.0,18.9,13.9,33.5,65.0,66.5,61.3,14.4,16.2,23.5,2025
28161,Yalobusha,MS,South,Suburban,<25k,27.6,14.2,27.5,14.5,15.5,25.5,76.0,71.2,69.5,5.5,16.7,19.3,2025
28129,Smith,MS,South,Urban core,<25k,35.9,18.6,32.1,21.1,18.4,24.1,72.8,69.4,63.2,13.8,14.4,18.8,2025
28125,Sharkey,MS,South,Urban core,25k-99k,31.7,18.2,33.1,18.5,16.8,24.5,69.4,68.1,67.5,14.8,23.3,21.8,2025
28127,Simpson,MS,South,Suburban,100k-249k,30.2,11.8,30.4,11.5,15.8,22.3,76.2,72.3,64.5,8.2,16.3,17.2,2025
28131,Stone,MS,South,Urban core,250k+,23.8,14.2,31.1,14.4,14.7,21.0,74.6,73.1,72.2,11.4,19.1,13.8,2025
28133,Sunflower,MS,South,Small town,100k-249k,33.7,14.5,35.9,16.7,15.8,26.8,73.9,71.4,68.3,12.8,21.8,21.2,2025
28135,Tallahatchie,MS,South,Rural,<25k,42.7,21.2,34.2,17.2,6.7,31.0,70.6,66.1,60.5,13.3,17.2,23.4,2025
28139,Tippah,MS,South,Urban core,<25k,26.7,11.2,24.8,12.2,21.3,21.3,73.9,75.1,64.4,7.5,12.9,11.4,2025
28141,Tishomingo,MS,South,Small town,25k-99k,36.5,18.6,35.0,19.2,13.2,29.5,71.8,71.1,65.6,13.3,17.8,22.6,2025
28079,Leake,MS,South,Rural,25k-99k,34.2,12.6,33.4,22.0,11.6,26.6,71.1,65.2,52.5,10.6,11.6,20.3,2025
28081,Lee,MS,South,Urban core,25k-99k,15.5,6.3,21.5,4.4,14.2,13.0,78.3,74.9,74.4,4.4,11.7,7.7,2025
28085,Lincoln,MS,South,Small town,25k-99k,48.0,21.0,37.7,14.6,13.8,32.1,69.7,63.2,60.7,20.4,22.6,25.3,2025
28091,Marion,MS,South,Rural,25k-99k,31.2,13.2,35.5,19.8,16.1,27.2,65.2,68.7,57.7,10.8,13.2,15.3,2025
28093,Marshall,MS,South,Suburban,<25k,29.7,14.6,28.4,15.6,15.6,21.7,71.3,76.9,66.4,9.4,13.2,15.4,2025
28095,Monroe,MS,South,Rural,<25k,38.6,15.0,34.0,15.3,17.2,26.1,69.1,66.6,60.4,9.8,18.1,21.8,2025
29053,Cooper,MO,Midwest,Urban core,<25k,24.8,8.9,27.7,11.8,17.7,21.0,69.5,72.4,64.9,8.9,17.3,20.4,2025
29055,Crawford,MO,Midwest,Suburban,250k+,22.5,10.7,29.8,15.9,11.0,23.1,74.0,69.7,66.7,6.1,15.9,14.8,2025
29059,Dallas,MO,Midwest,Rural,<25k,32.2,8.9,32.6,19.0,13.4,27.2,63.2,65.8,66.5,10.9,11.9,19.1,2025
29061,Daviess,MO,Midwest,Suburban,100k-249k,30.8,14.9,31.1,14.4,9.0,25.7,68.9,71.3,72.6,13.9,15.4,19.8,2025
29063,DeKalb,MO,Midwest,Small town,<25k,34.7,16.8,34.0,17.1,11.2,32.2,72.0,71.9,58.6,12.9,19.1,16.9,2025
29065,Dent,MO,Midwest,Suburban,25k-99k,29.8,11.0,30.6,16.9,17.3,23.3,73.1,66.6,63.2,9.3,21.2,15.8,2025
29067,Douglas,MO,Midwest,Small town,<25k,29.1,11.2,32.3,13.7,16.1,22.8,72.3,72.3,66.3,12.6,20.3,18.7,2025
29071,Franklin,MO,Midwest,Suburban,100k-249k,30.4,13.9,30.9,20.0,20.1,21.1,74.9,76.2,66.0,10.9,13.9,15.7,2025
29001,Adair,MO,Midwest,Urban core,25k-99k,15.0,7.8,21.4,8.7,19.2,15.3,77.5,71.9,71.9,8.0,15.0,11.9,2025
29013,Bates,MO,Midwest,Suburban,250k+,30.7,10.2,31.1,13.9,17.7,26.4,71.6,65.6,70.6,7.5,20.1,12.8,2025
29017,Bollinger,MO,Midwest,Small town,<25k,28.5,11.3,30.9,14.7,13.8,21.0,68.4,63.4,63.8,10.5,13.6,20.2,2025
29023,Butler,MO,Midwest,Suburban,250k+,28.5,15.8,31.2,16.7,14.9,23.6,72.6,73.7,60.1,8.2,16.3,16.8,2025
29027,Callaway,MO,Midwest,Rural,<25k,31.9,11.7,31.1,17.9,14.1,25.8,75.6,70.5,63.3,6.5,9.5,16.3,2025
29029,Camden,MO,Midwest,Rural,<25k,22.7,7.7,26.2,14.5,20.3,18.3,73.1,72.9,69.6,5.6,9.8,14.8,2025
29031,Cape Girardeau,MO,Midwest,Small town,100k-249k,27.1,7.4,26.9,14.2,13.0,14.8,74.7,69.3,69.9,5.2,12.5,13.9,2025
29033,Carroll,MO,Midwest,Suburban,100k-249k,36.2,14.4,38.4,18.6,17.6,25.4,72.2,69.4,66.1,5.9,19.1,19.8,2025
29041,Chariton,MO,Midwest,Rural,100k-249k,34.6,12.4,32.1,17.2,21.0,21.2,68.1,66.4,68.1,9.7,11.3,17.6,2025
29057,Dade,MO,Midwest,Urban core,25k-99k,30.1,15.5,34.1,14.4,16.0,21.2,76.2,75.4,68.3,10.8,17.2,15.1,2025
29069,Dunklin,MO,Midwest,Rural,25k-99k,31.0,12.7,32.9,19.3,14.0,27.6,68.6,70.1,63.7,12.6,13.4,17.2,2025
29075,Gentry,MO,Midwest,Urban core,<25k,18.0,9.7,28.5,16.5,17.9,22.5,73.4,75.0,73.4,6.7,13.6,12.3,2025
29087,Holt,MO,Midwest,Urban core,25k-99k,28.7,14.7,28.7,13.4,19.3,22.8,71.0,70.4,70.1,9.2,19.0,18.4,2025
29095,Jackson,MO,Midwest,Suburban,100k-249k,35.4,15.3,32.7,12.2,14.4,30.3,70.2,73.3,65.0,10.3,13.4,18.6,2025
29099,Jefferson,MO,Midwest,Small town,25k-99k,30.2,15.1,34.2,14.3,11.3,22.1,69.5,72.2,62.0,10.1,18.4,18.0,2025
29103,Knox,MO,Midwest,Rural,100k-249k,29.9,12.3,31.8,17.8,15.2,30.3,67.4,68.5,62.5,8.2,15.9,19.0,2025
29115,Linn,MO,Midwest,Suburban,<25k,25.4,11.6,31.1,17.2,15.2,23.0,69.5,66.3,66.0,6.4,15.3,20.0,2025
29137,Monroe,MO,Midwest,Suburban,100k-249k,37.2,14.7,38.9,20.6,17.9,24.5,67.2,70.2,66.5,11.2,21.1,17.4,2025
29143,New Madrid,MO,Midwest,Small town,100k-249k,26.2,10.0,33.1,18.6,14.8,24.6,72.7,72.6,73.4,11.3,17.3,18.3,2025
29157,Perry,MO,Midwest,Small town,250k+,29.7,10.0,32.2,14.3,15.1,23.0,73.0,68.0,64.6,8.6,16.0,18.3,2025
29167,Polk,MO,Midwest,Small town,<25k,29.5,13.6,26.7,15.3,15.9,23.2,70.2,68.1,67.7,7.4,14.9,21.3,2025
29171,Putnam,MO,Midwest,Rural,<25k,31.0,11.7,29.8,18.6,18.1,27.8,72.3,66.9,68.7,7.8,15.3,15.2,2025
29183,St. Charles,MO,Midwest,Rural,<25k,45.2,18.4,37.2,21.8,18.9,32.8,67.7,62.3,61.5,19.1,16.1,24.3,2025
29185,St. Clair,MO,Midwest,Small town,<25k,34.2,11.9,30.9,20.0,18.4,27.9,73.1,66.0,65.7,8.5,19.0,18.8,2025
29189,St. Louis,MO,Midwest,Suburban,<25k,35.5,18.0,37.2,20.4,16.4,28.6,69.0,64.3,63.7,13.6,13.6,18.7,2025
29195,Saline,MO,Midwest,Rural,<25k,22.4,8.3,23.2,12.3,16.7,17.4,73.3,70.3,69.9,5.3,6.5,12.6,2025
29199,Scotland,MO,Midwest,Rural,100k-249k,31.8,13.2,31.8,21.2,16.1,28.2,71.0,65.5,60.9,12.0,14.4,21.8,2025
29207,Stoddard,MO,Midwest,Urban core,100k-249k,36.2,22.3,41.4,26.5,15.4,27.4,68.8,68.0,56.2,18.5,20.0,21.0,2025
29225,Webster,MO,Midwest,Suburban,25k-99k,34.0,12.4,28.8,18.7,14.7,20.1,69.0,66.6,64.1,9.4,18.5,17.2,2025
29003,Andrew,MO,Midwest,Suburban,<25k,24.8,9.5,28.9,11.2,16.1,19.0,72.9,75.9,65.0,3.1,15.2,15.9,2025
29005,Atchison,MO,Midwest,Small town,<25k,35.3,12.1,31.8,17.0,17.4,23.6,64.9,67.8,70.3,9.9,15.4,20.9,2025
29007,Audrain,MO,Midwest,Suburban,25k-99k,32.3,12.7,32.3,17.1,14.9,21.5,70.4,72.2,66.9,12.5,20.7,19.1,2025
29009,Barry,MO,Midwest,Small town,<25k,36.5,14.3,33.0,16.9,15.3,22.9,74.7,69.2,63.7,8.5,17.0,19.7,2025
29011,Barton,MO,Midwest,Small town,100k-249k,22.3,8.7,29.8,16.9,18.8,18.4,74.5,65.6,67.8,4.8,10.6,13.1,2025
29015,Benton,MO,Midwest,Small town,100k-249k,33.2,13.5,31.9,14.9,20.8,24.4,76.3,70.9,56.2,9.9,15.8,18.5,2025
29019,Boone,MO,Midwest,Small town,<25k,25.8,11.1,29.7,14.1,16.9,21.4,72.4,69.1,63.3,8.8,13.9,11.8,2025
29021,Buchanan,MO,Midwest,Rural,25k-99k,31.1,10.3,28.6,17.8,10.8,25.0,70.0,64.0,60.4,12.9,12.3,18.2,2025
29025,Caldwell,MO,Midwest,Urban core,25k-99k,20.3,9.8,28.2,10.1,22.0,12.7,75.2,67.5,70.3,3.7,15.9,12.7,2025
29035,Carter,MO,Midwest,Small town,250k+,35.0,18.0,35.7,17.8,17.5,29.7,67.9,74.1,58.3,14.4,19.3,19.1,2025
29037,Cass,MO,Midwest,Rural,25k-99k,32.2,14.2,32.8,16.0,17.5,27.6,71.0,68.6,66.5,12.1,12.1,15.8,2025
29039,Cedar,MO,Midwest,Small town,100k-249k,24.8,6.2,19.0,11.4,20.3,15.9,76.1,70.7,70.3,6.5,8.9,14.7,2025
29043,Christian,MO,Midwest,Rural,<25k,44.3,19.6,35.7,22.5,12.4,31.4,67.4,62.5,64.5,12.9,20.3,23.4,2025
29045,Clark,MO,Midwest,Rural,<25k,24.1,7.9,23.1,14.3,15.2,20.6,74.7,67.9,66.0,2.6,8.7,12.3,2025
29047,Clay,MO,Midwest,Urban core,25k-99k,36.8,17.2,36.7,12.4,11.8,26.5,71.1,69.7,63.1,18.6,11.7,20.5,2025
29049,Clinton,MO,Midwest,Small town,<25k,32.6,13.2,29.6,17.5,13.9,25.0,69.0,70.6,66.4,13.5,8.5,16.6,2025
29051,Cole,MO,Midwest,Small town,100k-249k,30.8,16.9,29.6,17.6,16.0,26.5,71.6,67.6,62.8,10.7,12.9,18.1,2025
29127,Marion,MO,Midwest,Urban core,25k-99k,36.0,16.4,32.6,19.7,19.3,23.8,71.1,66.2,63.6,10.5,19.6,22.9,2025
29129,Mercer,MO,Midwest,Urban core,<25k,33.5,18.5,33.0,17.0,13.5,27.3,70.7,65.3,66.3,11.5,14.7,19.7,2025
29131,Miller,MO,Midwest,Rural,25k-99k,29.1,11.4,25.5,19.2,18.0,24.2,73.8,67.5,62.9,9.2,12.7,15.8,2025
29133,Mississippi,MO,Midwest,Rural,100k-249k,24.4,10.7,27.5,11.7,13.0,20.1,70.4,76.8,71.4,12.5,13.8,16.3,2025
29135,Moniteau,MO,Midwest,Small town,250k+,27.2,11.2,31.6,13.3,15.8,22.7,71.4,74.1,66.8,12.6,13.6,16.0,2025
29139,Montgomery,MO,Midwest,Urban core,<25k,24.4,14.4,30.9,16.7,16.8,25.5,65.8,70.9,67.3,13.2,17.1,14.6,2025
29073,Gasconade,MO,Midwest,Rural,<25k,30.9,14.4,31.3,15.8,15.4,23.4,71.2,70.3,64.8,7.1,14.6,18.2,2025
29077,Greene,MO,Midwest,Small town,100k-249k,36.9,16.3,34.8,16.7,18.3,26.0,71.0,74.7,58.3,12.0,17.7,20.4,2025
29079,Grundy,MO,Midwest,Suburban,250k+,34.8,19.6,38.6,22.7,16.3,27.7,73.5,65.5,59.7,16.3,18.4,21.1,2025
29081,Harrison,MO,Midwest,Rural,250k+,35.3,15.6,35.9,22.4,10.6,25.4,69.7,70.2,71.6,13.1,16.7,21.7,2025
29083,Henry,MO,Midwest,Suburban,250k+,22.6,5.5,26.9,10.3,16.3,16.6,76.9,71.9,65.1,8.2,9.1,13.9,2025
29085,Hickory,MO,Midwest,Rural,<25k,32.8,12.7,33.3,18.9,15.9,28.3,66.2,66.4,60.1,9.0,11.7,16.7,2025
29089,Howard,MO,Midwest,Urban core,<25k,35.0,15.6,33.3,15.5,19.3,25.6,72.5,65.7,61.7,9.8,21.0,21.2,2025
29091,Howell,MO,Midwest,Small town,<25k,31.4,12.3,30.2,19.8,13.3,22.3,73.7,75.4,67.3,5.1,14.8,15.1,2025
29093,Iron,MO,Midwest,Rural,100k-249k,38.9,17.5,33.0,19.9,10.5,29.6,68.0,70.6,59.3,8.7,16.0,19.3,2025
29097,Jasper,MO,Midwest,Rural,100k-249k,37.3,14.4,36.9,21.7,11.1,31.3,71.0,69.5,65.5,11.5,12.5,21.6,2025
29101,Johnson,MO,Midwest,Suburban,25k-99k,24.5,13.2,33.5,21.0,16.0,23.6,71.9,67.8,64.3,10.5,14.3,14.9,2025
29105,Laclede,MO,Midwest,Urban core,<25k,24.9,9.4,26.0,6.5,22.8,19.1,72.0,75.2,70.9,5.8,14.2,13.7,2025
29107,Lafayette,MO,Midwest,Suburban,100k-249k,25.3,12.9,31.2,11.8,9.6,18.6,73.6,73.3,66.7,9.1,13.1,16.8,2025
29109,Lawrence,MO,Midwest,Small town,100k-249k,32.4,15.7,27.0,14.3,15.9,22.0,72.1,65.8,66.6,5.4,14.0,17.4,2025
29111,Lewis,MO,Midwest,Suburban,<25k,22.5,10.6,26.8,13.9,21.7,19.6,72.6,73.3,72.7,12.6,12.5,15.2,2025
29113,Lincoln,MO,Midwest,Suburban,<25k,26.9,11.9,29.2,14.2,11.8,20.9,72.4,75.7,71.4,3.7,14.7,16.5,2025
29117,Livingston,MO,Midwest,Rural,100k-249k,23.7,4.7,26.1,9.8,17.7,22.8,74.5,69.4,72.9,1.9,12.2,12.3,2025
29119,McDonald,MO,Midwest,Urban core,250k+,27.3,13.3,34.7,17.0,12.0,21.0,68.9,69.7,64.9,7.8,16.2,15.7,2025
29121,Macon,MO,Midwest,Urban core,25k-99k,33.5,16.3,37.9,16.7,18.6,21.5,71.8,76.4,72.2,10.3,14.0,18.4,2025
29123,Madison,MO,Midwest,Rural,100k-249k,32.5,11.2,31.7,17.7,15.1,22.1,69.6,66.8,68.0,11.0,11.8,16.5,2025
29125,Maries,MO,Midwest,Small town,25k-99k,19.9,7.7,25.8,8.5,15.7,19.9,74.7,75.8,60.9,6.5,13.1,12.3,2025
29197,Schuyler,MO,Midwest,Small town,<25k,28.7,12.5,31.3,18.9,13.6,22.0,71.5,69.7,65.7,13.1,13.6,16.1,2025
29201,Scott,MO,Midwest,Urban core,100k-249k,32.1,14.6,36.1,18.2,17.0,20.4,70.6,68.2,60.6,13.7,15.0,15.5,2025
29203,Shannon,MO,Midwest,Small town,100k-249k,31.9,15.3,35.6,17.7,14.3,29.8,69.8,66.1,59.9,7.5,14.3,18.8,2025
29205,Shelby,MO,Midwest,Urban core,25k-99k,26.3,12.6,28.2,11.7,16.9,17.5,72.4,68.8,72.0,9.8,16.6,12.8,2025
29209,Stone,MO,Midwest,Urban core,100k-249k,35.8,15.2,30.2,17.1,15.1,25.9,70.1,68.6,62.7,13.5,16.7,16.2,2025
29211,Sullivan,MO,Midwest,Suburban,<25k,31.4,11.6,34.4,20.1,13.1,27.6,69.6,74.3,61.7,12.2,15.2,16.7,2025
29213,Taney,MO,Midwest,Rural,25k-99k,41.9,18.1,38.2,24.6,11.9,36.6,65.9,63.1,59.4,14.6,14.5,19.9,2025
29215,Texas,MO,Midwest,Small town,<25k,26.9,10.4,31.7,13.6,15.9,20.3,73.7,69.9,61.5,8.4,15.5,11.6,2025
29141,Morgan,MO,Midwest,Urban core,100k-249k,30.4,12.3,29.4,15.0,19.2,20.8,72.5,69.1,65.3,12.0,14.4,16.8,2025
29145,Newton,MO,Midwest,Small town,100k-249k,23.8,12.5,28.4,16.3,16.3,16.9,69.7,71.0,69.0,9.2,15.9,15.6,2025
29147,Nodaway,MO,Midwest,Rural,25k-99k,27.7,12.9,30.5,17.3,15.5,24.3,72.9,66.5,64.7,7.6,14.1,17.4,2025
29149,Oregon,MO,Midwest,Rural,<25k,21.4,11.4,23.4,8.1,12.7,19.0,72.8,70.4,61.2,7.2,13.1,14.7,2025
29151,Osage,MO,Midwest,Rural,<25k,20.8,6.6,22.0,13.6,16.6,24.0,76.1,77.1,65.8,5.4,11.3,15.9,2025
29153,Ozark,MO,Midwest,Rural,100k-249k,39.5,16.5,35.0,22.8,13.4,32.7,69.1,61.3,57.0,7.3,12.5,24.3,2025
29155,Pemiscot,MO,Midwest,Rural,25k-99k,30.6,13.6,33.8,19.3,14.3,24.8,67.8,64.6,61.2,11.1,11.8,19.8,2025
29159,Pettis,MO,Midwest,Rural,100k-249k,30.4,12.1,28.2,19.1,10.0,27.6,71.2,72.8,57.2,7.0,15.9,17.7,2025
29161,Phelps,MO,Midwest,Urban core,25k-99k,30.3,11.9,29.5,15.5,20.4,22.9,71.4,73.6,62.1,11.9,19.9,19.1,2025
29163,Pike,MO,Midwest,Urban core,100k-249k,29.9,12.5,31.2,16.9,17.7,25.3,72.3,74.0,61.9,12.9,12.9,14.8,2025
29165,Platte,MO,Midwest,Rural,<25k,35.8,15.8,33.9,20.3,10.8,27.9,69.5,62.6,66.1,12.1,18.0,22.1,2025
29169,Pulaski,MO,Midwest,Urban core,<25k,24.8,12.5,27.6,19.4,17.6,20.3,71.2,73.7,68.5,8.2,18.8,12.9,2025
29173,Ralls,MO,Midwest,Small town,25k-99k,20.8,6.6,25.9,12.1,19.0,19.5,77.9,75.7,67.9,3.1,13.6,9.4,2025
29175,Randolph,MO,Midwest,Urban core,25k-99k,29.2,13.8,30.9,14.9,20.3,16.3,74.5,74.0,66.1,6.9,18.1,17.6,2025
29177,Ray,MO,Midwest,Small town,25k-99k,21.8,8.1,26.0,11.6,14.6,22.0,74.2,74.6,64.1,3.5,12.3,11.1,2025
29179,Reynolds,MO,Midwest,Rural,<25k,39.2,14.0,35.0,20.2,10.3,25.7,65.7,70.4,68.0,12.6,11.8,23.7,2025
29181,Ripley,MO,Midwest,Urban core,100k-249k,20.7,7.4,24.5,11.9,17.9,19.2,72.2,73.4,70.7,10.0,8.4,10.9,2025
29186,Ste. Genevieve,MO,Midwest,Suburban,25k-99k,25.8,10.5,30.8,15.6,13.8,20.8,70.1,78.1,69.7,12.5,10.8,13.7,2025
29187,St. Francois,MO,Midwest,Suburban,25k-99k,33.1,13.8,32.2,17.1,15.6,22.1,66.2,71.4,61.3,10.2,15.8,15.2,2025
29510,St. Louis,MO,Midwest,Suburban,25k-99k,36.1,16.4,32.0,21.6,15.8,20.5,70.0,71.2,66.1,10.1,19.4,22.4,2025
29217,Vernon,MO,Midwest,Suburban,<25k,33.2,14.3,31.2,20.8,15.1,21.4,73.9,71.1,70.5,9.7,18.8,19.0,2025
29219,Warren,MO,Midwest,Rural,100k-249k,24.7,9.2,28.0,21.9,12.4,21.5,75.3,72.0,68.7,4.0,15.7,13.4,2025
29221,Washington,MO,Midwest,Small town,100k-249k,22.9,8.1,23.6,11.0,18.7,19.4,77.0,70.8,66.9,5.0,10.9,15.8,2025
29223,Wayne,MO,Midwest,Rural,100k-249k,25.4,10.2,27.9,10.6,14.0,23.3,72.4,71.2,60.3,7.9,17.9,15.9,2025
29227,Worth,MO,Midwest,Small town,<25k,29.8,12.4,31.4,13.1,17.0,23.4,73.4,70.6,67.3,7.2,12.1,19.8,2025
29229,Wright,MO,Midwest,Small town,250k+,35.7,16.0,33.3,19.0,13.9,26.5,69.9,69.4,60.4,9.7,15.2,19.4,2025
30001,Beaverhead,MT,West,Small town,250k+,27.0,13.1,31.0,12.8,12.8,18.6,70.4,70.6,66.9,8.2,15.2,15.2,2025
30003,Big Horn,MT,West,Rural,25k-99k,26.9,11.2,27.6,13.2,17.8,25.0,72.0,67.6,69.4,11.7,11.9,15.3,2025
30005,Blaine,MT,West,Rural,<25k,31.6,12.0,31.6,18.2,17.0,22.0,68.6,67.8,63.5,7.1,14.7,16.7,2025
30007,Broadwater,MT,West,Rural,25k-99k,29.3,10.9,29.7,15.2,16.1,22.2,75.8,64.6,64.6,9.1,14.1,20.5,2025
30009,Carbon,MT,West,Urban core,100k-249k,35.9,17.1,33.5,16.0,14.9,22.6,70.8,71.5,67.7,16.2,17.0,22.0,2025
30011,Carter,MT,West,Small town,25k-99k,22.5,11.4,24.3,12.8,10.4,15.8,75.0,70.0,69.3,10.8,10.0,16.4,2025
30013,Cascade,MT,West,Small town,<25k,36.8,13.0,32.6,21.1,9.4,27.2,69.5,64.6,64.4,15.0,14.0,21.3,2025
30015,Chouteau,MT,West,Suburban,<25k,31.5,14.2,30.6,14.0,16.1,25.7,71.4,69.6,69.1,12.0,15.4,17.6,2025
30017,Custer,MT,West,Small town,<25k,30.8,12.1,33.3,19.6,14.6,25.1,66.4,75.4,66.1,10.7,11.1,15.6,2025
30019,Daniels,MT,West,Small town,250k+,33.4,15.3,34.8,19.8,16.1,30.3,66.6,71.4,61.7,12.4,12.2,18.6,2025
30021,Dawson,MT,West,Urban core,<25k,34.0,18.8,37.2,13.2,14.2,25.9,71.1,69.2,62.7,15.1,17.0,19.4,2025
30023,Deer Lodge,MT,West,Suburban,100k-249k,25.9,9.1,24.4,11.0,16.8,20.2,77.7,70.9,70.8,10.1,17.6,13.7,2025
30027,Fergus,MT,West,Small town,100k-249k,28.3,9.3,28.0,17.7,17.0,22.9,75.9,75.0,72.6,11.0,14.7,15.7,2025
30029,Flathead,MT,West,Urban core,250k+,30.6,13.0,30.3,13.9,17.3,21.9,70.2,74.8,63.7,15.1,14.4,12.6,2025
30031,Gallatin,MT,West,Rural,25k-99k,40.5,16.1,37.5,22.2,8.8,33.4,69.7,59.2,59.1,11.9,15.2,22.8,2025
30033,Garfield,MT,West,Urban core,<25k,24.7,10.5,29.7,9.8,15.8,21.5,69.3,72.1,70.1,7.1,18.9,14.6,2025
30035,Glacier,MT,West,Small town,100k-249k,28.8,14.7,28.4,12.5,13.8,23.6,70.2,70.2,62.5,12.9,14.1,16.9,2025
30039,Granite,MT,West,Rural,<25k,26.7,9.8,23.7,14.7,17.9,19.3,70.0,70.0,65.3,6.3,15.9,17.1,2025
30043,Jefferson,MT,West,Urban core,<25k,33.2,11.6,29.3,13.5,16.1,19.8,70.7,69.5,70.1,13.5,15.2,16.2,2025
30045,Judith Basin,MT,West,Suburban,250k+,31.4,16.5,32.0,15.8,17.7,25.6,69.8,65.2,66.3,16.0,22.2,18.5,2025
30047,Lake,MT,West,Suburban,250k+,40.0,12.1,33.5,17.0,14.7,28.3,69.3,67.4,65.6,15.1,13.4,16.9,2025
30049,Lewis and Clark,MT,West,Small town,250k+,26.1,11.1,32.5,18.9,19.5,26.4,71.6,69.5,67.5,12.2,12.4,17.8,2025
30053,Lincoln,MT,West,Small town,<25k,26.6,12.4,30.3,17.7,15.6,24.0,71.7,72.5,59.0,15.2,11.2,20.6,2025
30055,McCone,MT,West,Rural,100k-249k,38.6,16.6,34.8,26.7,8.9,30.7,62.4,70.5,56.6,13.6,17.9,20.6,2025
30057,Madison,MT,West,Rural,100k-249k,24.3,9.0,29.2,17.5,19.4,25.0,70.6,68.6,64.1,10.9,12.0,18.2,2025
30059,Meagher,MT,West,Rural,25k-99k,33.4,12.5,31.0,17.2,15.3,24.7,71.7,73.1,61.7,10.2,20.3,17.1,2025
30061,Mineral,MT,West,Suburban,<25k,32.8,17.6,34.8,22.5,18.6,27.7,71.3,66.8,63.3,14.1,17.4,21.6,2025
30069,Petroleum,MT,West,Urban core,250k+,24.1,11.7,29.5,14.1,15.9,20.4,77.8,73.0,68.8,11.2,9.7,15.0,2025
30071,Phillips,MT,West,Urban core,100k-249k,18.6,11.8,24.9,13.2,13.9,22.6,75.9,72.5,69.8,11.0,16.0,11.2,2025
30073,Pondera,MT,West,Rural,<25k,38.2,11.6,27.2,14.7,18.4,25.7,69.0,73.6,64.8,7.9,13.3,19.1,2025
30077,Powell,MT,West,Rural,25k-99k,31.4,13.2,28.0,21.1,19.6,22.6,70.0,75.0,67.0,8.6,9.9,17.5,2025
30081,Ravalli,MT,West,Small town,<25k,39.6,18.2,37.4,18.6,15.3,29.2,66.8,67.4,59.4,14.9,16.2,27.2,2025
30083,Richland,MT,West,Small town,25k-99k,34.7,14.3,29.7,24.4,14.4,26.9,71.9,66.7,64.5,10.0,19.9,20.9,2025
30085,Roosevelt,MT,West,Small town,250k+,31.3,14.5,26.2,11.5,15.3,21.2,73.4,76.4,67.4,8.0,12.0,14.7,2025
30089,Sanders,MT,West,Small town,250k+,27.7,12.4,30.7,16.6,14.5,27.8,71.3,76.0,65.2,11.8,17.1,17.2,2025
30093,Silver Bow,MT,West,Small town,<25k,31.3,14.0,30.5,21.8,14.7,23.2,70.3,72.6,64.5,10.0,17.3,18.6,2025
30099,Teton,MT,West,Small town,25k-99k,33.6,11.2,27.8,17.0,19.5,21.4,70.7,66.5,65.9,9.6,14.0,16.9,2025
30105,Valley,MT,West,Small town,25k-99k,33.9,15.3,35.1,14.8,15.6,21.5,69.3,65.1,60.0,13.6,12.3,21.8,2025
30091,Sheridan,MT,West,Small town,<25k,31.7,10.7,27.4,13.6,18.3,23.6,72.7,72.5,66.5,9.1,16.6,18.0,2025
30095,Stillwater,MT,West,Rural,25k-99k,30.7,14.0,32.1,18.7,12.5,24.9,67.4,63.0,61.3,14.6,12.6,15.4,2025
30097,Sweet Grass,MT,West,Small town,100k-249k,26.8,10.3,28.7,12.1,15.3,21.2,71.8,68.4,70.8,11.1,12.5,13.5,2025
30101,Toole,MT,West,Suburban,250k+,27.4,12.6,30.2,12.9,15.6,20.8,73.7,68.4,73.9,14.1,17.8,19.8,2025
30103,Treasure,MT,West,Suburban,<25k,26.0,10.3,30.6,12.0,20.7,26.3,76.2,69.5,63.9,9.7,17.9,14.7,2025
30107,Wheatland,MT,West,Suburban,100k-249k,24.8,9.3,31.3,9.9,12.8,19.2,72.3,73.2,64.9,7.6,13.0,15.2,2025
30109,Wibaux,MT,West,Urban core,25k-99k,22.5,12.5,29.6,10.4,21.4,19.1,73.0,70.5,74.7,11.4,16.3,16.3,2025
30111,Yellowstone,MT,West,Urban core,250k+,21.2,9.5,31.6,10.4,20.0,17.9,74.5,72.2,73.4,9.7,19.9,10.5,2025
30025,Fallon,MT,West,Urban core,100k-249k,36.1,14.6,35.3,15.7,16.6,28.4,71.7,72.4,60.3,15.6,17.2,20.3,2025
30037,Golden Valley,MT,West,Small town,<25k,32.8,16.8,34.5,13.4,19.8,24.9,68.9,65.5,58.3,11.6,13.0,20.6,2025
30041,Hill,MT,West,Small town,<25k,32.2,16.7,35.2,17.9,15.5,23.7,72.5,70.6,62.3,11.9,17.9,20.1,2025
30051,Liberty,MT,West,Urban core,25k-99k,30.5,11.6,30.4,13.7,18.4,25.6,76.6,75.2,61.4,8.8,14.4,14.3,2025
30063,Missoula,MT,West,Small town,100k-249k,30.5,16.0,33.1,19.0,18.9,21.6,73.4,69.6,62.9,13.1,17.3,16.5,2025
30065,Musselshell,MT,West,Suburban,25k-99k,42.5,23.6,37.7,20.2,13.2,32.0,66.9,67.0,58.9,16.0,20.3,24.5,2025
30067,Park,MT,West,Urban core,100k-249k,26.1,13.9,30.6,15.3,17.9,24.5,72.8,69.8,68.8,12.4,16.6,16.4,2025
30075,Powder River,MT,West,Urban core,<25k,28.8,9.4,23.6,12.5,16.7,14.2,74.2,70.4,67.5,2.2,10.6,12.6,2025
30079,Prairie,MT,West,Small town,100k-249k,30.7,12.2,28.8,13.5,15.7,22.6,73.4,70.9,58.2,8.9,18.5,21.1,2025
30087,Rosebud,MT,West,Urban core,<25k,30.2,13.0,31.6,12.4,17.0,24.9,71.4,70.5,66.5,8.6,17.1,17.0,2025
31051,Dixon,NE,Midwest,Urban core,100k-249k,27.3,12.6,33.0,14.6,18.3,19.2,71.5,72.7,74.2,9.0,15.6,19.2,2025
31053,Dodge,NE,Midwest,Suburban,25k-99k,39.2,19.7,38.5,24.3,15.2,27.3,69.7,67.6,56.1,13.6,16.3,17.9,2025
31055,Douglas,NE,Midwest,Rural,<25k,29.2,9.4,27.7,16.0,13.9,24.4,71.0,70.4,68.4,2.9,11.5,15.1,2025
31057,Dundy,NE,Midwest,Urban core,25k-99k,33.5,13.1,36.5,17.5,18.4,24.5,74.3,67.9,62.0,11.4,19.1,17.8,2025
31059,Fillmore,NE,Midwest,Small town,<25k,41.3,16.6,38.1,20.0,15.2,23.8,67.0,65.9,60.9,17.0,16.2,21.4,2025
31063,Frontier,NE,Midwest,Urban core,100k-249k,22.8,8.8,26.8,14.9,16.7,20.2,73.3,75.1,71.1,3.6,15.4,8.3,2025
31065,Furnas,NE,Midwest,Suburban,100k-249k,28.7,14.6,30.7,16.0,17.8,21.8,73.8,71.5,68.3,12.0,14.4,16.9,2025
31001,Adams,NE,Midwest,Suburban,<25k,15.3,7.4,21.7,9.7,17.9,19.3,76.4,74.2,65.0,4.4,13.4,13.0,2025
31029,Chase,NE,Midwest,Small town,100k-249k,34.7,13.4,30.8,20.4,15.6,27.4,69.4,65.6,70.7,10.4,14.9,15.6,2025
31033,Cheyenne,NE,Midwest,Rural,<25k,32.2,15.4,35.3,16.7,13.5,27.5,70.1,63.7,63.7,8.3,20.7,19.5,2025
31049,Deuel,NE,Midwest,Rural,100k-249k,38.5,18.1,34.6,24.0,15.3,27.8,66.1,66.5,63.5,13.8,15.2,22.4,2025
31061,Franklin,NE,Midwest,Rural,25k-99k,32.2,15.0,33.6,14.9,13.3,30.2,72.7,69.0,63.9,10.0,15.3,18.3,2025
31075,Grant,NE,Midwest,Small town,25k-99k,32.2,11.3,32.7,21.1,15.4,24.1,72.1,68.0,65.8,10.9,14.5,16.3,2025
31091,Hooker,NE,Midwest,Urban core,100k-249k,28.9,12.4,32.5,20.8,21.5,22.5,71.7,73.3,66.4,12.2,16.5,18.2,2025
31101,Keith,NE,Midwest,Urban core,100k-249k,36.9,17.7,39.0,16.8,17.8,25.3,68.5,64.7,59.5,13.6,21.3,22.7,2025
31113,Logan,NE,Midwest,Urban core,100k-249k,33.8,16.2,37.5,16.3,14.1,24.7,71.8,63.8,65.7,9.9,16.3,18.5,2025
31125,Nance,NE,Midwest,Rural,100k-249k,28.2,12.2,31.1,11.1,13.0,27.7,74.3,68.4,66.0,9.1,17.4,16.7,2025
31151,Saline,NE,Midwest,Small town,<25k,35.2,16.9,35.3,21.7,11.1,23.1,67.9,69.8,61.1,11.3,15.6,23.1,2025
31163,Sherman,NE,Midwest,Suburban,100k-249k,20.8,7.7,28.2,15.1,15.1,25.4,74.5,74.0,72.8,1.5,14.1,11.9,2025
31171,Thomas,NE,Midwest,Suburban,25k-99k,25.3,12.9,27.7,17.4,17.9,23.4,74.2,66.8,61.3,9.9,12.6,16.0,2025
31003,Antelope,NE,Midwest,Suburban,25k-99k,31.0,16.5,33.9,16.6,15.4,28.5,70.3,68.9,66.3,13.2,13.3,16.4,2025
31005,Arthur,NE,Midwest,Small town,250k+,27.3,9.8,30.4,19.5,16.8,22.7,68.5,66.4,64.7,6.0,8.5,15.0,2025
31007,Banner,NE,Midwest,Small town,250k+,35.5,16.2,29.8,17.1,15.1,23.8,71.8,70.5,63.9,11.7,14.6,15.7,2025
31009,Blaine,NE,Midwest,Rural,100k-249k,24.7,4.9,30.1,14.0,17.0,23.3,73.3,72.9,70.8,2.6,17.4,13.2,2025
31011,Boone,NE,Midwest,Urban core,100k-249k,33.6,18.6,37.8,13.9,16.0,26.2,71.8,63.8,69.0,9.1,20.9,14.7,2025
31013,Box Butte,NE,Midwest,Small town,25k-99k,26.6,11.5,31.4,13.8,19.9,17.5,69.5,74.4,73.2,10.5,13.3,17.1,2025
31015,Boyd,NE,Midwest,Rural,25k-99k,44.4,13.7,35.9,23.9,10.8,31.2,63.8,65.2,60.7,13.7,15.8,22.9,2025
31017,Brown,NE,Midwest,Urban core,100k-249k,25.4,12.6,28.9,19.2,19.1,17.1,71.7,77.1,70.5,6.5,12.1,15.3,2025
31019,Buffalo,NE,Midwest,Rural,<25k,34.7,14.6,35.7,22.9,11.4,22.4,64.0,70.4,60.5,7.2,11.4,18.7,2025
31021,Burt,NE,Midwest,Rural,<25k,37.9,17.3,35.3,18.5,13.7,31.1,66.3,63.5,59.3,9.1,18.5,21.4,2025
31023,Butler,NE,Midwest,Urban core,100k-249k,28.7,13.4,30.2,13.7,17.1,24.7,72.1,66.0,65.5,9.5,17.7,17.0,2025
31025,Cass,NE,Midwest,Small town,25k-99k,35.9,14.3,33.5,14.7,16.0,25.3,70.5,71.9,61.2,8.4,13.0,17.6,2025
31027,Cedar,NE,Midwest,Small town,25k-99k,36.6,15.0,30.9,17.8,12.1,28.1,71.5,62.0,61.3,9.0,18.3,17.0,2025
31031,Cherry,NE,Midwest,Rural,<25k,36.8,15.5,35.1,13.7,17.6,27.8,72.5,62.0,61.4,7.0,14.8,22.3,2025
31035,Clay,NE,Midwest,Urban core,100k-249k,24.8,10.7,26.9,10.8,16.8,21.3,75.0,76.7,69.2,11.6,15.2,14.4,2025
31037,Colfax,NE,Midwest,Rural,<25k,35.2,12.9,30.6,13.5,19.1,25.1,71.3,67.0,66.8,9.0,19.9,18.3,2025
31039,Cuming,NE,Midwest,Small town,25k-99k,37.4,15.8,33.0,16.3,11.0,27.8,71.9,64.3,63.7,15.2,11.8,22.2,2025
31041,Custer,NE,Midwest,Small town,<25k,31.6,10.2,26.5,13.2,19.1,23.4,70.5,70.2,63.9,9.6,9.6,15.7,2025
31043,Dakota,NE,Midwest,Urban core,100k-249k,24.3,10.2,31.6,8.5,21.7,18.7,77.9,70.7,63.9,5.6,15.9,17.6,2025
31045,Dawes,NE,Midwest,Rural,<25k,41.0,17.9,33.7,22.9,12.6,30.8,62.6,66.7,64.6,9.0,13.6,20.2,2025
31047,Dawson,NE,Midwest,Small town,25k-99k,30.8,15.4,32.9,14.2,15.7,16.5,71.4,71.5,64.8,8.6,15.3,14.9,2025
31103,Keya Paha,NE,Midwest,Small town,250k+,27.3,10.7,24.9,13.0,17.7,22.0,71.0,71.8,65.0,6.7,13.5,18.4,2025
31105,Kimball,NE,Midwest,Suburban,25k-99k,23.5,12.0,32.5,14.5,19.8,27.2,74.0,70.8,69.6,9.3,16.6,11.3,2025
31107,Knox,NE,Midwest,Small town,100k-249k,31.8,10.0,27.3,15.5,20.3,26.8,76.0,70.2,72.5,4.9,12.1,18.7,2025
31109,Lancaster,NE,Midwest,Suburban,100k-249k,32.1,15.3,34.4,19.8,19.4,24.5,69.5,66.1,69.2,14.3,15.8,21.1,2025
31111,Lincoln,NE,Midwest,Small town,<25k,30.1,13.8,30.5,17.5,15.2,26.6,71.9,70.9,66.5,11.2,14.8,17.3,2025
31115,Loup,NE,Midwest,Suburban,25k-99k,32.1,14.3,36.3,16.8,13.3,23.5,71.2,73.4,59.5,11.8,19.9,16.7,2025
31117,McPherson,NE,Midwest,Rural,25k-99k,35.4,18.0,29.1,19.6,12.0,25.7,67.9,67.7,57.6,12.3,14.7,15.7,2025
31119,Madison,NE,Midwest,Urban core,250k+,20.5,10.8,28.5,13.2,22.0,23.0,75.8,73.2,69.3,6.5,20.2,14.1,2025
31121,Merrick,NE,Midwest,Small town,100k-249k,25.0,13.8,30.9,13.2,12.5,20.7,75.0,68.6,71.2,6.6,13.3,13.8,2025
31123,Morrill,NE,Midwest,Rural,<25k,40.0,19.1,38.8,23.2,10.7,33.2,62.4,68.3,61.8,17.2,20.5,26.1,2025
31127,Nemaha,NE,Midwest,Rural,250k+,32.6,15.2,34.3,22.3,16.1,28.5,68.3,67.4,60.2,11.1,16.6,21.3,2025
31129,Nuckolls,NE,Midwest,Rural,100k-249k,43.7,21.4,38.5,23.3,18.9,28.7,66.6,60.5,54.7,15.5,14.8,23.2,2025
31131,Otoe,NE,Midwest,Small town,100k-249k,33.6,16.2,32.9,20.5,15.9,22.5,71.8,70.1,65.1,15.0,14.0,20.7,2025
31133,Pawnee,NE,Midwest,Rural,<25k,23.0,11.3,28.4,21.2,14.5,25.8,71.1,72.4,64.3,11.1,16.9,17.2,2025
31067,Gage,NE,Midwest,Small town,25k-99k,24.5,5.7,25.8,14.1,16.7,14.7,75.5,75.7,63.2,4.0,13.0,11.6,2025
31069,Garden,NE,Midwest,Rural,100k-249k,24.6,4.0,23.1,12.1,12.2,22.4,78.8,73.0,67.7,6.0,12.2,12.1,2025
31071,Garfield,NE,Midwest,Rural,25k-99k,35.5,15.2,35.9,21.5,16.1,30.7,70.9,70.2,71.6,12.9,16.0,18.9,2025
31073,Gosper,NE,Midwest,Suburban,25k-99k,30.6,8.2,24.9,10.7,16.4,16.5,76.8,73.3,58.7,7.3,11.5,15.1,2025
31077,Greeley,NE,Midwest,Rural,25k-99k,23.8,8.8,27.3,17.1,18.3,27.8,70.2,70.1,65.8,9.7,10.8,15.2,2025
31079,Hall,NE,Midwest,Urban core,25k-99k,23.8,12.9,27.8,8.6,18.1,17.0,76.5,75.8,74.5,2.9,16.9,15.5,2025
31081,Hamilton,NE,Midwest,Rural,25k-99k,34.9,9.3,29.5,18.9,17.4,20.7,70.8,66.3,64.0,6.2,12.0,14.5,2025
31083,Harlan,NE,Midwest,Small town,250k+,28.8,15.3,30.6,13.5,11.9,25.8,70.8,71.2,70.1,14.4,16.1,20.8,2025
31085,Hayes,NE,Midwest,Small town,25k-99k,30.4,10.7,26.6,15.8,15.8,19.2,76.6,66.1,64.7,7.8,14.5,17.0,2025
31087,Hitchcock,NE,Midwest,Small town,<25k,18.9,5.3,26.2,9.5,21.6,17.8,74.8,73.4,74.8,2.2,14.1,13.5,2025
31089,Holt,NE,Midwest,Small town,<25k,31.4,16.2,31.0,22.9,20.3,24.6,67.3,66.3,66.9,7.3,16.1,19.2,2025
31093,Howard,NE,Midwest,Suburban,<25k,26.0,10.5,33.1,15.4,15.0,23.3,70.1,69.9,60.3,10.7,11.7,15.0,2025
31095,Jefferson,NE,Midwest,Small town,100k-249k,39.1,20.4,39.3,23.9,16.8,28.6,67.7,65.6,59.4,16.9,18.0,20.6,2025
31097,Johnson,NE,Midwest,Suburban,<25k,20.5,13.5,32.4,16.2,17.4,28.0,72.5,74.6,62.7,9.8,14.8,15.8,2025
31099,Kearney,NE,Midwest,Rural,25k-99k,28.7,10.9,29.4,23.8,14.3,22.5,70.0,76.7,61.9,9.2,15.2,20.0,2025
31165,Sioux,NE,Midwest,Rural,<25k,32.9,12.4,32.4,16.1,16.7,27.1,73.4,66.2,63.8,7.4,13.3,16.9,2025
31167,Stanton,NE,Midwest,Urban core,<25k,26.2,13.5,29.1,18.2,16.0,22.7,70.2,74.2,65.2,11.1,15.6,14.8,2025
31169,Thayer,NE,Midwest,Suburban,25k-99k,29.3,14.0,28.8,13.7,17.1,22.2,69.6,69.8,57.9,13.5,17.0,15.6,2025
31173,Thurston,NE,Midwest,Rural,<25k,33.0,14.4,33.9,18.6,13.9,24.4,72.6,64.0,68.3,8.0,17.5,16.1,2025
31175,Valley,NE,Midwest,Small town,250k+,26.3,10.9,28.4,11.8,14.3,17.1,73.9,75.5,62.6,10.6,13.7,12.4,2025
31177,Washington,NE,Midwest,Urban core,250k+,31.1,10.6,31.8,18.0,15.4,20.7,73.4,68.3,66.5,11.5,18.0,19.5,2025
31179,Wayne,NE,Midwest,Small town,250k+,21.9,5.6,26.2,14.5,17.8,24.0,71.8,70.7,68.3,4.8,15.7,15.0,2025
31181,Webster,NE,Midwest,Small town,25k-99k,34.1,17.7,33.4,24.0,19.6,30.2,67.2,71.1,60.3,14.7,21.8,17.2,2025
31183,Wheeler,NE,Midwest,Rural,<25k,33.1,14.4,29.6,18.8,11.7,27.1,69.0,60.2,66.0,9.4,17.0,17.7,2025
31185,York,NE,Midwest,Rural,<25k,23.4,9.4,26.6,12.6,16.7,21.0,72.1,76.9,69.6,1.5,16.4,11.0,2025
31135,Perkins,NE,Midwest,Small town,100k-249k,30.5,12.4,32.1,18.9,17.5,21.7,73.9,69.3,64.3,9.6,15.0,15.9,2025
31137,Phelps,NE,Midwest,Small town,<25k,32.3,16.1,31.2,18.1,15.5,29.7,68.6,67.2,61.3,13.2,21.2,19.0,2025
31139,Pierce,NE,Midwest,Rural,100k-249k,33.8,10.8,34.0,16.6,13.8,29.0,66.0,69.8,64.4,9.1,14.5,18.6,2025
31141,Platte,NE,Midwest,Urban core,25k-99k,29.2,9.8,30.4,13.0,19.3,17.6,74.5,73.8,65.0,10.3,12.1,11.8,2025
31143,Polk,NE,Midwest,Small town,25k-99k,33.0,13.3,29.4,19.1,15.9,21.3,69.7,68.4,61.9,10.6,17.4,17.4,2025
31145,Red Willow,NE,Midwest,Urban core,<25k,22.0,10.0,29.2,16.2,19.2,19.2,73.6,75.1,72.8,7.8,17.9,16.3,2025
31147,Richardson,NE,Midwest,Small town,25k-99k,21.2,4.9,27.1,14.4,15.5,17.2,76.3,69.6,62.3,7.8,12.0,13.7,2025
31149,Rock,NE,Midwest,Suburban,<25k,26.0,11.0,28.6,15.8,14.5,19.0,73.4,71.6,71.8,8.1,12.9,20.2,2025
31153,Sarpy,NE,Midwest,Rural,25k-99k,32.8,14.8,31.3,16.6,10.6,28.1,70.2,65.5,64.8,6.2,12.6,17.4,2025
31155,Saunders,NE,Midwest,Rural,100k-249k,35.6,10.7,35.4,13.9,15.4,29.7,72.5,64.8,65.8,9.3,16.5,17.9,2025
31157,Scotts Bluff,NE,Midwest,Small town,25k-99k,30.0,13.9,23.4,13.5,16.7,22.2,72.2,65.1,67.2,9.3,15.0,16.0,2025
31159,Seward,NE,Midwest,Rural,25k-99k,29.8,14.3,30.1,17.9,19.6,26.2,73.1,72.2,68.0,9.0,14.3,19.6,2025
31161,Sheridan,NE,Midwest,Rural,100k-249k,26.5,10.8,28.3,15.5,14.2,23.5,75.2,72.0,61.9,4.3,12.6,13.5,2025
32001,Churchill,NV,West,Rural,<25k,29.1,8.7,29.5,17.2,18.5,16.5,72.6,72.1,62.6,2.7,6.4,13.9,2025
32003,Clark,NV,West,Urban core,<25k,23.6,10.5,27.9,13.0,21.3,21.9,76.7,76.4,69.6,6.2,18.0,15.8,2025
32005,Douglas,NV,West,Rural,100k-249k,26.1,10.9,28.3,14.6,18.8,20.8,75.3,70.0,67.3,7.6,15.1,14.8,2025
32007,Elko,NV,West,Urban core,<25k,36.1,18.1,40.1,18.5,16.0,30.3,68.2,63.4,64.3,17.3,19.7,23.6,2025
32009,Esmeralda,NV,West,Small town,100k-249k,32.5,16.6,34.4,12.9,13.6,26.6,68.6,68.8,68.8,13.3,19.9,17.5,2025
32011,Eureka,NV,West,Small town,250k+,37.6,20.4,33.7,15.2,15.0,35.5,71.3,66.9,69.2,15.3,15.5,21.6,2025
32013,Humboldt,NV,West,Suburban,250k+,28.1,13.0,35.7,14.9,14.6,18.8,71.3,73.8,69.7,10.7,14.8,17.9,2025
32015,Lander,NV,West,Small town,100k-249k,33.0,11.1,29.7,14.0,15.9,24.6,73.3,71.0,64.4,14.8,13.8,12.5,2025
32017,Lincoln,NV,West,Urban core,100k-249k,18.2,7.1,26.4,7.4,17.1,15.4,78.6,81.0,72.0,8.1,15.5,10.4,2025
32019,Lyon,NV,West,Small town,25k-99k,23.8,10.8,24.1,14.3,19.6,26.9,74.2,70.6,70.8,4.2,15.5,12.5,2025
32031,Washoe,NV,West,Rural,25k-99k,32.3,13.3,30.9,14.9,14.3,21.8,69.8,71.5,64.3,9.6,16.0,18.6,2025
32033,White Pine,NV,West,Rural,100k-249k,26.9,14.3,31.2,14.1,18.3,23.3,74.9,73.2,67.7,9.6,19.9,15.7,2025
32021,Mineral,NV,West,Suburban,100k-249k,39.9,19.4,37.0,15.9,14.8,24.6,67.2,73.6,60.0,15.6,17.7,21.6,2025
32023,Nye,NV,West,Rural,<25k,29.1,10.4,25.7,9.3,12.3,22.2,73.1,67.1,66.6,6.6,15.2,18.6,2025
32027,Pershing,NV,West,Urban core,250k+,19.4,9.8,23.2,11.7,21.9,18.5,78.1,69.8,74.8,2.3,11.8,10.1,2025
32029,Storey,NV,West,Urban core,100k-249k,29.2,9.8,28.3,8.5,19.0,24.7,72.1,75.1,61.6,9.6,13.8,13.7,2025
32510,Carson City,NV,West,Urban core,25k-99k,19.6,9.1,26.3,8.4,15.8,22.3,75.0,72.5,73.5,9.3,11.5,11.5,2025
33001,Belknap,NH,Northeast,Rural,<25k,41.8,20.5,38.1,19.5,9.1,31.6,68.6,64.3,63.4,13.9,19.5,21.9,2025
33003,Carroll,NH,Northeast,Suburban,<25k,21.7,11.0,28.1,14.4,22.1,21.3,74.5,73.6,72.3,4.9,14.9,12.9,2025
33005,Cheshire,NH,Northeast,Small town,<25k,22.9,9.1,29.6,11.1,15.5,24.4,73.7,72.9,66.3,3.7,14.4,14.9,2025
33007,Coos,NH,Northeast,Suburban,25k-99k,15.0,8.2,22.5,8.2,16.0,13.4,81.3,75.0,70.2,1.5,6.0,9.3,2025
33009,Grafton,NH,Northeast,Rural,250k+,27.8,8.6,24.1,10.9,15.7,19.9,71.9,74.0,67.2,6.8,12.2,16.5,2025
33011,Hillsborough,NH,Northeast,Urban core,250k+,35.3,18.6,33.5,16.2,18.3,24.1,71.6,76.6,66.7,12.4,20.1,17.9,2025
33013,Merrimack,NH,Northeast,Small town,25k-99k,29.8,12.5,32.0,16.1,18.6,24.8,71.3,70.6,72.6,7.8,14.4,19.1,2025
33019,Sullivan,NH,Northeast,Small town,<25k,28.1,12.4,27.3,17.2,13.1,25.1,73.5,68.3,66.5,4.5,17.5,13.1,2025
33017,Strafford,NH,Northeast,Urban core,<25k,26.3,9.4,28.5,12.8,15.4,16.3,80.2,74.2,68.6,5.5,14.3,15.6,2025
33015,Rockingham,NH,Northeast,Urban core,100k-249k,18.3,6.6,26.5,10.3,17.8,20.4,79.5,72.4,75.5,5.2,19.4,12.3,2025
34001,Atlantic,NJ,Northeast,Suburban,<25k,25.6,14.1,33.1,15.0,13.6,25.6,71.9,67.8,68.8,12.4,10.8,16.0,2025
34003,Bergen,NJ,Northeast,Urban core,25k-99k,35.2,19.8,35.8,22.6,13.6,29.0,70.6,74.0,56.1,12.7,19.9,23.8,2025
34005,Burlington,NJ,Northeast,Suburban,25k-99k,29.8,13.7,30.9,12.4,13.2,20.7,73.1,74.7,67.8,2.0,9.5,18.1,2025
34007,Camden,NJ,Northeast,Small town,<25k,27.3,11.1,29.6,11.7,15.5,26.6,74.5,69.5,68.2,7.6,12.4,13.1,2025
34009,Cape May,NJ,Northeast,Rural,<25k,33.0,10.4,30.1,18.1,11.7,24.2,74.7,71.4,67.1,6.0,17.0,15.9,2025
34011,Cumberland,NJ,Northeast,Urban core,100k-249k,24.0,9.4,31.8,13.2,15.6,15.2,76.8,77.2,68.9,3.0,11.3,12.2,2025
34013,Essex,NJ,Northeast,Suburban,<25k,34.9,19.9,37.5,21.3,19.6,29.7,67.8,67.5,59.5,12.1,22.0,19.2,2025
34015,Gloucester,NJ,Northeast,Urban core,250k+,29.0,14.3,34.6,15.4,16.6,21.6,76.7,68.0,67.0,14.7,16.4,15.2,2025
34017,Hudson,NJ,Northeast,Small town,25k-99k,21.8,8.1,24.5,12.0,18.1,17.1,78.6,78.4,68.7,5.2,11.6,10.0,2025
34019,Hunterdon,NJ,Northeast,Urban core,250k+,20.5,12.6,26.2,15.4,16.0,17.5,78.3,72.9,76.5,1.9,17.4,12.5,2025
34021,Mercer,NJ,Northeast,Suburban,100k-249k,24.7,11.2,28.9,15.7,16.1,19.4,71.8,73.7,66.3,8.5,11.9,16.2,2025
34023,Middlesex,NJ,Northeast,Small town,100k-249k,31.2,11.3,29.2,17.7,12.5,22.8,73.9,63.8,66.3,10.8,11.8,19.0,2025
34025,Monmouth,NJ,Northeast,Small town,<25k,15.0,4.0,24.7,9.0,15.3,14.8,79.0,76.6,73.0,1.5,11.1,8.6,2025
34027,Morris,NJ,Northeast,Small town,250k+,32.8,13.4,29.5,17.3,18.7,25.8,71.8,72.3,68.1,8.0,15.4,19.3,2025
34029,Ocean,NJ,Northeast,Rural,<25k,36.0,10.7,30.6,14.7,14.2,23.7,69.4,70.6,62.8,3.7,14.7,16.1,2025
34031,Passaic,NJ,Northeast,Small town,<25k,26.6,12.9,29.3,12.6,13.5,23.3,73.8,76.5,66.1,8.5,12.6,17.4,2025
34033,Salem,NJ,Northeast,Rural,25k-99k,37.6,12.5,30.9,23.2,14.3,29.1,69.8,68.9,59.1,7.2,10.0,20.4,2025
34035,Somerset,NJ,Northeast,Urban core,<25k,34.2,15.4,38.4,16.5,16.9,23.8,70.9,76.5,64.7,14.2,17.8,19.5,2025
34037,Sussex,NJ,Northeast,Small town,25k-99k,33.3,16.0,34.6,18.5,18.1,29.4,69.7,64.8,64.7,11.7,15.7,20.4,2025
34039,Union,NJ,Northeast,Urban core,<25k,20.1,11.9,24.9,12.3,13.8,24.1,74.6,71.8,69.8,6.7,14.1,18.1,2025
34041,Warren,NJ,Northeast,Small town,250k+,28.3,13.8,29.4,17.1,16.0,23.9,69.3,66.5,61.7,6.5,14.6,18.6,2025
35013,Doña Ana,NM,West,Small town,<25k,37.7,15.6,34.2,19.4,17.2,30.6,68.3,66.9,63.5,11.2,20.0,23.7,2025
35019,Guadalupe,NM,West,Small town,<25k,35.7,11.8,31.8,9.5,15.4,26.5,73.3,69.7,62.5,8.7,15.0,17.8,2025
35023,Hidalgo,NM,West,Urban core,25k-99k,36.5,18.0,33.2,17.0,20.6,28.4,71.8,65.2,66.3,18.5,16.6,20.4,2025
35025,Lea,NM,West,Suburban,100k-249k,23.8,8.9,24.8,10.2,20.6,17.3,74.8,74.4,71.8,7.6,13.2,14.9,2025
35027,Lincoln,NM,West,Small town,250k+,23.7,8.4,23.4,11.8,17.9,21.4,73.6,75.4,62.4,5.1,10.1,14.6,2025
35028,Los Alamos,NM,West,Urban core,<25k,27.4,11.1,27.1,16.4,15.5,27.2,74.8,71.0,62.4,10.1,17.9,17.4,2025
35031,McKinley,NM,West,Urban core,<25k,25.7,9.6,30.6,12.0,19.9,22.8,72.1,75.6,71.5,12.3,13.7,18.0,2025
35035,Otero,NM,West,Urban core,250k+,24.3,8.6,29.3,11.8,20.1,16.5,75.7,79.9,72.1,6.4,15.6,13.5,2025
35037,Quay,NM,West,Rural,<25k,37.6,17.2,32.1,23.2,17.7,26.8,68.1,72.6,65.7,8.6,14.4,18.1,2025
35041,Roosevelt,NM,West,Suburban,250k+,20.8,8.9,27.4,10.3,16.6,23.4,71.4,72.1,71.4,8.0,10.5,16.7,2025
35047,San Miguel,NM,West,Suburban,100k-249k,38.8,17.5,35.1,21.1,17.7,25.8,71.8,70.5,59.0,19.7,22.9,18.3,2025
35049,Santa Fe,NM,West,Urban core,100k-249k,31.0,17.0,35.3,13.3,20.4,25.5,69.3,70.9,72.4,16.6,16.5,16.9,2025
35053,Socorro,NM,West,Small town,25k-99k,34.4,14.8,32.1,18.1,12.6,24.6,72.7,68.1,69.4,14.1,15.8,22.2,2025
35057,Torrance,NM,West,Urban core,<25k,18.5,8.0,24.2,10.6,21.3,19.0,75.5,75.2,68.9,4.5,16.4,10.8,2025
35059,Union,NM,West,Urban core,25k-99k,22.2,12.3,29.3,9.4,21.6,22.6,74.0,72.3,71.3,9.5,13.8,16.6,2025
35061,Valencia,NM,West,Urban core,100k-249k,20.3,7.8,26.5,9.4,17.9,17.5,77.9,70.3,68.3,5.0,14.4,17.2,2025
35001,Bernalillo,NM,West,Small town,250k+,28.9,8.4,29.0,14.7,16.6,23.4,76.0,75.4,71.0,9.6,11.9,16.8,2025
35003,Catron,NM,West,Rural,<25k,22.7,9.3,27.0,14.5,20.6,20.9,70.3,72.0,69.1,8.7,14.2,12.0,2025
35005,Chaves,NM,West,Rural,<25k,36.1,11.2,28.2,16.4,15.2,25.9,69.6,72.9,63.7,9.3,15.5,18.4,2025
35006,Cibola,NM,West,Urban core,<25k,21.0,6.1,26.4,10.1,18.5,23.8,78.5,70.1,69.4,5.6,14.0,11.8,2025
35007,Colfax,NM,West,Urban core,25k-99k,29.3,15.3,33.0,18.4,13.5,23.9,73.2,76.1,67.3,12.5,14.7,20.4,2025
35009,Curry,NM,West,Small town,100k-249k,23.5,8.1,27.1,11.7,9.2,17.3,73.4,76.2,69.4,6.5,14.0,12.1,2025
35011,De Baca,NM,West,Suburban,25k-99k,19.7,9.7,26.4,11.1,17.7,14.1,76.2,76.0,64.8,10.5,10.1,11.1,2025
35015,Eddy,NM,West,Rural,<25k,33.4,15.8,28.8,17.7,13.0,28.9,70.0,64.3,62.1,11.1,12.3,20.7,2025
35017,Grant,NM,West,Suburban,25k-99k,31.1,16.3,34.3,13.8,13.2,21.2,71.3,74.5,63.3,15.0,17.5,17.6,2025
35021,Harding,NM,West,Small town,250k+,27.3,14.0,32.0,18.5,16.2,27.8,69.8,72.0,62.9,11.2,15.8,18.6,2025
35029,Luna,NM,West,Urban core,100k-249k,37.7,14.8,35.1,18.7,24.1,30.1,67.6,74.7,62.6,15.7,22.4,18.4,2025
35033,Mora,NM,West,Urban core,250k+,28.1,14.6,34.4,11.5,21.3,20.1,76.1,73.7,65.5,7.4,21.3,20.6,2025
35039,Rio Arriba,NM,West,Suburban,250k+,27.0,11.3,28.4,12.3,16.3,18.5,69.2,69.0,67.3,6.6,17.2,13.4,2025
35043,Sandoval,NM,West,Urban core,100k-249k,23.6,10.3,32.8,14.3,18.9,21.6,71.0,76.3,67.3,8.2,16.5,15.8,2025
35045,San Juan,NM,West,Rural,<25k,27.0,9.1,26.2,9.1,17.0,19.5,72.3,66.8,64.4,8.0,10.2,16.7,2025
35051,Sierra,NM,West,Suburban,25k-99k,25.0,12.6,31.9,14.9,14.6,23.8,67.1,70.3,66.3,10.9,15.1,23.1,2025
35055,Taos,NM,West,Rural,100k-249k,32.7,10.6,24.6,17.2,18.4,22.4,73.9,71.4,64.4,7.4,10.8,13.4,2025
36001,Albany,NY,Northeast,Urban core,25k-99k,29.6,11.2,30.5,11.1,16.6,17.9,73.3,76.2,68.4,7.3,15.0,13.5,2025
36003,Allegany,NY,Northeast,Urban core,250k+,16.1,6.2,24.0,9.2,17.6,19.7,79.0,74.4,78.6,1.5,12.5,8.0,2025
36005,Bronx,NY,Northeast,Small town,100k-249k,35.8,17.8,33.2,18.8,15.4,26.0,71.0,72.6,65.9,14.3,15.9,21.4,2025
36009,Cattaraugus,NY,Northeast,Urban core,<25k,30.8,13.7,33.4,16.6,14.0,24.3,77.9,67.7,68.6,6.0,18.5,18.1,2025
36011,Cayuga,NY,Northeast,Urban core,100k-249k,29.5,12.7,32.7,14.6,19.5,17.3,71.8,72.9,69.5,6.5,17.7,17.6,2025
36013,Chautauqua,NY,Northeast,Suburban,<25k,32.8,15.5,34.5,14.3,16.7,27.1,73.4,72.3,68.3,8.6,18.1,18.7,2025
36017,Chenango,NY,Northeast,Small town,<25k,33.7,12.2,32.7,18.7,17.8,24.4,69.5,69.0,72.2,12.6,15.4,19.8,2025
36025,Delaware,NY,Northeast,Urban core,250k+,17.5,7.2,22.2,8.5,17.5,15.1,76.0,77.7,70.6,1.5,12.0,8.7,2025
36031,Essex,NY,Northeast,Small town,<25k,36.0,15.8,35.7,22.3,11.6,30.1,69.0,66.0,64.1,12.1,18.2,20.5,2025
36041,Hamilton,NY,Northeast,Urban core,250k+,27.5,15.5,33.2,14.4,16.8,18.7,74.2,69.0,69.8,6.6,18.7,16.6,2025
36045,Jefferson,NY,Northeast,Urban core,250k+,27.4,9.5,26.7,8.1,22.8,27.0,76.0,77.4,70.5,6.4,14.0,11.9,2025
36051,Livingston,NY,Northeast,Urban core,100k-249k,24.1,12.3,25.2,14.9,14.7,14.6,80.4,75.7,74.3,5.4,13.9,15.0,2025
36053,Madison,NY,Northeast,Small town,25k-99k,30.3,14.4,32.8,12.4,14.9,24.3,72.3,74.6,63.8,7.3,12.6,13.6,2025
36059,Nassau,NY,Northeast,Urban core,100k-249k,28.6,11.4,30.3,7.2,21.0,19.0,73.7,78.1,64.7,5.6,15.4,20.0,2025
36063,Niagara,NY,Northeast,Small town,<25k,32.9,14.5,31.7,13.7,12.7,18.6,71.4,74.6,64.8,3.5,7.2,16.6,2025
36065,Oneida,NY,Northeast,Suburban,100k-249k,29.2,13.2,30.1,15.0,12.3,20.1,77.7,74.6,71.1,4.0,15.0,13.0,2025
36067,Onondaga,NY,Northeast,Suburban,25k-99k,20.4,5.9,24.0,8.9,18.6,15.0,77.4,73.1,69.1,2.5,11.2,11.7,2025
36071,Orange,NY,Northeast,Rural,25k-99k,19.4,7.9,23.9,10.8,14.9,16.8,74.9,65.2,73.2,5.2,12.6,12.0,2025
36075,Oswego,NY,Northeast,Rural,25k-99k,34.8,12.1,32.0,20.2,15.8,30.4,73.1,67.5,64.8,10.8,12.6,17.5,2025
36077,Otsego,NY,Northeast,Rural,<25k,28.8,14.1,28.9,15.7,16.0,24.2,71.7,69.4,63.3,5.9,16.9,16.2,2025
36081,Queens,NY,Northeast,Small town,100k-249k,28.6,11.7,29.1,13.9,16.5,24.4,72.5,70.4,69.4,4.4,13.4,14.6,2025
36091,Saratoga,NY,Northeast,Rural,<25k,24.4,7.4,22.9,11.0,10.6,23.2,77.8,79.9,69.3,5.5,9.5,12.1,2025
36103,Suffolk,NY,Northeast,Small town,<25k,30.3,11.3,29.2,14.7,15.7,22.0,77.1,73.6,71.0,7.4,13.3,14.1,2025
36105,Sullivan,NY,Northeast,Small town,100k-249k,23.8,7.7,28.8,11.5,15.7,22.8,73.8,76.4,70.0,8.7,13.1,16.2,2025
36113,Warren,NY,Northeast,Rural,100k-249k,29.0,12.1,27.7,12.9,15.6,19.5,73.3,69.4,67.4,4.4,10.6,14.5,2025
36115,Washington,NY,Northeast,Urban core,250k+,23.6,7.3,28.7,14.5,17.9,16.7,80.3,78.3,70.7,8.6,19.1,8.8,2025
36119,Westchester,NY,Northeast,Small town,25k-99k,41.3,16.7,35.3,16.0,14.4,30.7,69.7,67.5,61.3,12.6,17.3,20.9,2025
36123,Yates,NY,Northeast,Rural,25k-99k,28.9,12.5,27.4,16.6,18.1,22.3,73.3,69.7,67.0,8.5,12.6,16.7,2025
36069,Ontario,NY,Northeast,Urban core,25k-99k,24.9,11.6,28.6,7.7,21.2,17.6,73.9,74.9,69.2,9.5,12.3,15.9,2025
36073,Orleans,NY,Northeast,Urban core,<25k,20.7,7.4,28.8,9.8,14.3,23.2,77.1,72.5,76.4,1.5,14.6,10.1,2025
36079,Putnam,NY,Northeast,Rural,<25k,35.8,18.6,31.0,16.5,15.2,31.0,68.0,72.4,59.4,12.8,11.7,16.8,2025
36083,Rensselaer,NY,Northeast,Suburban,25k-99k,29.9,10.9,27.8,12.3,14.8,23.4,75.1,73.4,69.4,4.8,19.2,14.4,2025
36007,Broome,NY,Northeast,Urban core,250k+,30.7,18.8,33.1,14.8,18.2,21.5,75.9,74.7,67.4,13.2,21.3,19.8,2025
36015,Chemung,NY,Northeast,Suburban,100k-249k,33.5,17.6,31.5,20.5,17.6,24.7,76.1,68.2,65.4,12.3,15.4,19.3,2025
36019,Clinton,NY,Northeast,Small town,100k-249k,24.7,13.0,25.7,17.6,14.7,22.0,72.4,71.4,70.5,7.1,16.8,17.9,2025
36021,Columbia,NY,Northeast,Rural,250k+,35.3,16.4,32.2,24.0,12.6,30.0,70.2,67.9,65.7,8.9,13.0,22.4,2025
36023,Cortland,NY,Northeast,Suburban,250k+,27.8,14.1,34.8,17.1,17.3,21.6,76.4,72.3,65.3,6.5,16.7,15.3,2025
36027,Dutchess,NY,Northeast,Suburban,<25k,22.8,10.9,26.8,8.4,21.3,22.1,74.3,75.8,71.7,6.9,10.0,13.4,2025
36033,Franklin,NY,Northeast,Urban core,100k-249k,24.1,11.1,28.4,9.7,18.6,23.1,71.0,71.1,66.9,11.7,14.2,18.8,2025
36035,Fulton,NY,Northeast,Suburban,<25k,34.0,13.8,27.8,13.5,12.6,23.0,75.0,74.9,66.8,10.4,18.1,17.3,2025
36037,Genesee,NY,Northeast,Small town,<25k,22.2,7.7,26.8,12.7,18.3,21.4,75.6,75.8,66.8,2.8,14.7,13.6,2025
36039,Greene,NY,Northeast,Suburban,25k-99k,29.7,14.3,28.9,22.1,14.5,26.8,73.8,75.6,71.7,13.7,18.7,18.5,2025
36043,Herkimer,NY,Northeast,Rural,<25k,23.6,6.4,25.8,16.2,13.0,21.4,76.8,71.6,65.3,5.5,7.1,14.2,2025
36047,Kings,NY,Northeast,Small town,<25k,34.9,16.9,30.5,18.8,20.5,25.1,72.4,72.9,69.4,10.6,20.4,21.5,2025
36049,Lewis,NY,Northeast,Rural,<25k,39.2,14.9,36.4,21.6,13.0,34.7,68.4,69.8,53.4,13.4,19.7,23.6,2025
36055,Monroe,NY,Northeast,Urban core,100k-249k,28.3,14.4,30.9,21.8,16.3,21.9,74.6,67.2,66.6,6.0,20.8,16.3,2025
36057,Montgomery,NY,Northeast,Small town,25k-99k,32.2,12.1,30.4,16.4,12.9,27.8,71.9,68.2,61.5,9.9,18.2,19.4,2025
36061,New York,NY,Northeast,Urban core,100k-249k,21.5,11.3,31.7,14.2,17.3,18.8,80.0,76.5,71.0,4.4,12.1,16.1,2025
36085,Richmond,NY,Northeast,Urban core,100k-249k,23.4,11.1,31.2,5.3,13.4,22.6,76.4,71.5,73.0,6.2,17.4,15.4,2025
36087,Rockland,NY,Northeast,Urban core,<25k,33.1,12.4,36.6,14.3,19.1,20.7,70.7,68.9,64.4,15.2,19.4,17.4,2025
36089,St. Lawrence,NY,Northeast,Urban core,250k+,33.0,15.6,27.6,12.3,16.2,23.4,75.5,76.8,68.7,8.2,18.9,18.0,2025
36093,Schenectady,NY,Northeast,Rural,25k-99k,37.2,16.0,29.8,17.4,12.2,28.2,68.7,67.0,61.7,11.1,11.7,21.8,2025
36095,Schoharie,NY,Northeast,Rural,<25k,23.4,7.8,25.1,12.0,11.1,19.1,75.1,74.7,64.7,1.5,15.3,14.6,2025
36097,Schuyler,NY,Northeast,Urban core,250k+,25.7,9.7,23.1,8.4,22.9,17.7,78.8,73.4,67.3,4.6,20.3,11.9,2025
36099,Seneca,NY,Northeast,Urban core,250k+,27.4,10.5,30.3,13.1,21.2,16.7,77.3,76.5,69.4,5.3,16.1,14.8,2025
36101,Steuben,NY,Northeast,Small town,25k-99k,22.8,11.6,28.4,14.3,18.2,18.6,76.4,73.5,71.2,4.2,13.4,16.9,2025
36107,Tioga,NY,Northeast,Rural,100k-249k,29.6,11.7,26.8,15.4,16.2,22.9,71.8,69.9,68.1,4.1,10.5,17.5,2025
36109,Tompkins,NY,Northeast,Suburban,25k-99k,21.6,9.8,22.5,10.2,12.6,22.4,76.6,73.8,66.2,5.0,15.1,12.8,2025
36117,Wayne,NY,Northeast,Urban core,100k-249k,22.7,11.4,30.7,11.0,16.7,22.4,74.7,78.2,69.0,10.4,18.4,12.9,2025
36121,Wyoming,NY,Northeast,Small town,<25k,24.5,15.8,37.3,13.3,18.5,30.0,72.7,75.3,65.1,8.6,18.1,18.3,2025
36029,Erie,NY,Northeast,Urban core,250k+,28.7,12.9,30.7,15.5,14.0,22.0,73.3,79.4,75.6,10.2,12.0,17.7,2025
36111,Ulster,NY,Northeast,Small town,<25k,27.3,14.2,31.5,14.5,15.5,23.0,72.7,68.2,64.6,6.4,13.4,19.9,2025
37041,Chowan,NC,South,Suburban,250k+,30.0,12.3,28.7,14.5,18.0,21.8,76.3,74.1,65.8,8.1,15.3,18.1,2025
37043,Clay,NC,South,Urban core,250k+,38.5,18.9,35.3,17.5,11.1,26.0,67.2,66.2,63.2,15.0,21.3,19.9,2025
37045,Cleveland,NC,South,Small town,<25k,34.0,12.4,31.1,17.3,11.2,22.3,71.7,70.7,62.1,13.4,18.2,20.6,2025
37059,Davie,NC,South,Small town,250k+,25.7,13.6,33.9,13.5,10.8,26.7,71.8,74.9,67.2,10.7,12.1,14.4,2025
37063,Durham,NC,South,Small town,100k-249k,32.6,17.1,32.4,17.8,18.8,24.4,67.9,69.3,65.1,12.1,21.4,19.5,2025
37067,Forsyth,NC,South,Urban core,25k-99k,33.4,11.8,30.5,12.2,14.0,24.9,76.5,69.0,66.5,12.3,14.3,14.9,2025
37069,Franklin,NC,South,Rural,100k-249k,49.8,23.0,38.0,29.6,7.2,34.8,66.3,57.7,57.9,18.8,16.0,28.0,2025
37071,Gaston,NC,South,Rural,25k-99k,42.8,22.4,37.5,22.6,17.8,33.9,67.0,62.9,55.5,14.4,19.6,25.5,2025
37001,Alamance,NC,South,Small town,25k-99k,39.3,17.5,36.7,19.8,15.5,27.7,68.7,75.5,67.0,9.9,17.7,20.9,2025
37009,Ashe,NC,South,Rural,25k-99k,45.7,19.9,41.9,26.0,10.7,40.3,65.3,64.1,56.7,16.2,17.5,24.5,2025
37013,Beaufort,NC,South,Rural,<25k,32.0,13.2,31.1,19.3,11.9,25.3,68.2,60.5,70.1,14.2,12.5,17.0,2025
37015,Bertie,NC,South,Rural,25k-99k,44.8,17.3,35.3,13.0,15.5,25.9,69.9,71.7,67.7,12.7,15.4,19.0,2025
37017,Bladen,NC,South,Rural,25k-99k,26.8,10.8,28.3,11.9,12.8,27.4,71.2,73.1,63.5,10.7,13.4,14.3,2025
37019,Brunswick,NC,South,Small town,250k+,33.6,16.4,30.2,17.5,10.3,27.3,71.0,66.9,66.3,11.7,22.6,18.0,2025
37021,Buncombe,NC,South,Rural,25k-99k,34.3,16.3,33.7,19.1,17.1,24.4,67.2,69.2,67.1,11.9,16.9,23.0,2025
37031,Carteret,NC,South,Suburban,25k-99k,30.0,13.1,27.8,17.8,20.0,19.1,71.1,67.1,68.2,10.5,16.8,13.9,2025
37039,Cherokee,NC,South,Suburban,100k-249k,25.3,12.5,30.9,14.3,16.2,21.4,72.3,72.5,69.3,12.1,17.3,17.0,2025
37047,Columbus,NC,South,Small town,100k-249k,38.9,18.0,34.4,22.2,12.5,26.2,71.0,65.7,59.9,16.1,17.5,17.4,2025
37049,Craven,NC,South,Small town,100k-249k,24.0,9.6,24.5,14.3,17.4,24.6,73.8,74.3,76.7,7.5,12.6,15.1,2025
37051,Cumberland,NC,South,Urban core,25k-99k,36.3,18.2,34.5,19.3,16.7,28.9,69.1,71.2,63.0,16.2,20.2,21.6,2025
37053,Currituck,NC,South,Small town,25k-99k,33.2,11.9,32.6,17.4,14.6,26.5,66.7,70.9,60.7,13.5,16.7,19.2,2025
37055,Dare,NC,South,Urban core,<25k,29.0,15.3,36.8,13.4,19.0,19.0,72.5,80.5,63.2,12.1,20.0,18.5,2025
37057,Davidson,NC,South,Rural,<25k,34.6,15.3,29.2,20.0,15.3,24.5,66.6,71.5,64.6,10.7,14.3,14.0,2025
37061,Duplin,NC,South,Rural,<25k,35.6,16.7,36.4,15.5,14.2,27.5,70.6,65.4,62.4,9.1,10.8,21.3,2025
37065,Edgecombe,NC,South,Rural,250k+,32.0,12.6,26.3,19.1,16.5,25.1,69.8,68.1,62.9,10.7,12.5,18.1,2025
37075,Graham,NC,South,Suburban,250k+,41.8,19.5,32.8,17.2,12.6,26.4,70.5,69.1,63.7,13.0,19.6,20.9,2025
37083,Halifax,NC,South,Urban core,100k-249k,30.3,11.8,28.3,11.7,16.7,21.3,71.2,77.7,67.1,10.0,14.3,15.9,2025
37085,Harnett,NC,South,Small town,100k-249k,34.4,13.7,29.7,12.0,8.5,23.9,69.6,66.8,71.1,10.9,14.4,16.3,2025
37087,Haywood,NC,South,Urban core,25k-99k,40.6,19.9,33.4,21.0,16.5,25.2,69.9,66.4,66.3,16.2,21.2,18.8,2025
37089,Henderson,NC,South,Suburban,100k-249k,40.5,19.0,35.2,19.3,15.5,26.9,71.9,68.2,62.0,14.0,22.8,22.6,2025
37093,Hoke,NC,South,Suburban,100k-249k,35.7,14.0,35.3,17.2,9.9,29.7,72.1,74.4,71.9,12.7,15.9,20.6,2025
37095,Hyde,NC,South,Suburban,25k-99k,34.2,16.6,38.0,24.7,14.1,32.3,71.3,67.7,62.8,15.4,19.8,18.2,2025
37099,Jackson,NC,South,Rural,25k-99k,32.2,10.3,29.1,15.3,22.2,23.9,67.2,71.3,65.8,8.7,15.0,18.9,2025
37101,Johnston,NC,South,Rural,100k-249k,24.5,7.4,21.9,15.8,15.9,17.5,71.7,75.0,69.2,5.1,9.7,13.9,2025
37103,Jones,NC,South,Suburban,<25k,24.7,12.2,27.9,12.1,14.9,23.4,73.4,72.4,65.2,6.6,12.5,16.3,2025
37111,McDowell,NC,South,Small town,<25k,38.5,21.6,36.9,22.8,15.8,30.2,67.5,63.3,66.3,18.6,20.7,23.5,2025
37113,Macon,NC,South,Suburban,25k-99k,30.0,12.3,31.5,16.4,18.3,21.3,70.5,71.8,61.0,14.4,15.6,17.0,2025
37115,Madison,NC,South,Small town,<25k,21.6,7.7,23.1,15.7,18.1,20.5,75.8,74.3,70.6,9.4,11.1,7.5,2025
37117,Martin,NC,South,Rural,100k-249k,43.0,20.8,38.0,29.0,15.3,32.8,62.9,64.6,56.1,17.3,14.9,24.9,2025
37119,Mecklenburg,NC,South,Small town,<25k,34.5,16.9,33.5,18.8,13.4,22.9,69.3,61.6,61.4,15.4,17.2,19.8,2025
37121,Mitchell,NC,South,Rural,25k-99k,42.1,20.0,36.3,20.1,14.6,31.4,66.1,64.4,61.7,12.4,18.9,21.9,2025
37125,Moore,NC,South,Rural,25k-99k,32.1,12.2,31.9,15.2,13.5,27.5,69.6,72.0,65.2,9.8,15.2,17.3,2025
37127,Nash,NC,South,Small town,25k-99k,35.9,19.0,29.7,16.5,15.5,26.6,72.0,72.4,62.5,13.1,16.3,17.9,2025
37129,New Hanover,NC,South,Rural,<25k,36.6,13.5,27.4,16.6,19.2,21.9,70.3,69.3,64.6,8.3,13.9,16.6,2025
37131,Northampton,NC,South,Small town,100k-249k,32.9,17.8,34.1,15.4,15.4,25.8,68.3,68.2,61.0,12.3,18.3,20.1,2025
37133,Onslow,NC,South,Small town,<25k,28.3,9.8,25.6,16.0,18.5,22.3,73.3,71.1,67.4,11.5,16.7,17.5,2025
37141,Pender,NC,South,Urban core,25k-99k,29.8,17.7,34.6,13.7,13.2,21.3,70.0,66.5,66.8,12.5,18.6,15.5,2025
37145,Person,NC,South,Suburban,<25k,33.0,16.0,33.8,19.8,17.1,27.8,69.8,74.0,64.1,14.0,16.9,19.2,2025
37147,Pitt,NC,South,Rural,<25k,36.9,16.9,28.5,13.3,14.4,20.9,68.6,72.0,58.4,12.5,16.9,17.7,2025
37153,Richmond,NC,South,Small town,25k-99k,35.0,16.0,31.6,21.7,16.5,27.6,68.6,74.5,65.3,11.8,12.6,21.6,2025
37155,Robeson,NC,South,Urban core,25k-99k,23.4,12.7,28.5,13.4,20.7,19.5,78.4,71.3,74.1,8.4,15.8,11.3,2025
37161,Rutherford,NC,South,Small town,25k-99k,32.3,16.4,33.0,22.8,18.5,28.7,65.4,76.8,63.3,14.8,21.9,16.3,2025
37167,Stanly,NC,South,Small town,100k-249k,41.7,19.4,34.2,19.2,16.8,32.5,68.4,64.8,62.8,12.1,20.2,23.1,2025
37173,Swain,NC,South,Small town,100k-249k,34.7,12.9,36.7,18.6,17.5,26.5,72.3,68.2,57.1,9.8,14.8,18.7,2025
37175,Transylvania,NC,South,Small town,250k+,33.4,14.3,29.9,16.0,16.8,24.4,70.6,74.4,66.2,7.6,20.6,18.5,2025
37181,Vance,NC,South,Small town,25k-99k,35.5,16.5,31.5,15.5,17.2,29.6,65.9,66.2,70.9,12.9,12.9,18.0,2025
37193,Wilkes,NC,South,Small town,100k-249k,34.1,14.4,32.3,21.6,17.1,24.7,73.4,68.7,64.6,14.3,18.1,17.9,2025
37199,Yancey,NC,South,Small town,<25k,36.2,14.4,35.0,12.6,17.1,28.2,72.4,68.3,62.2,12.6,12.2,16.9,2025
37003,Alexander,NC,South,Small town,100k-249k,39.2,18.6,34.4,20.4,11.7,26.6,71.7,70.4,64.5,14.5,16.7,20.9,2025
37005,Alleghany,NC,South,Small town,100k-249k,33.0,16.4,29.2,18.3,16.4,25.1,67.1,71.6,61.8,13.9,12.8,20.4,2025
37007,Anson,NC,South,Urban core,100k-249k,24.3,14.4,26.7,14.1,16.7,25.2,79.0,67.0,70.3,6.5,12.7,11.5,2025
37011,Avery,NC,South,Rural,<25k,35.9,16.6,36.3,20.5,15.8,29.1,67.1,71.0,61.3,11.5,13.1,20.1,2025
37023,Burke,NC,South,Suburban,100k-249k,37.0,15.1,31.7,17.4,17.3,22.6,71.8,69.6,63.2,13.9,15.8,17.4,2025
37025,Cabarrus,NC,South,Small town,25k-99k,28.7,12.0,28.8,13.6,18.6,22.5,73.2,68.5,62.2,5.1,16.2,16.8,2025
37027,Caldwell,NC,South,Rural,<25k,46.8,22.3,40.0,22.9,9.0,36.7,67.8,67.4,60.4,20.4,20.7,26.4,2025
37033,Caswell,NC,South,Rural,25k-99k,40.2,17.8,37.1,20.9,19.2,27.5,68.4,70.7,62.4,9.3,14.4,17.9,2025
37035,Catawba,NC,South,Rural,25k-99k,29.7,14.5,30.1,16.7,13.0,27.9,73.2,69.8,68.5,11.8,18.3,18.8,2025
37037,Chatham,NC,South,Small town,25k-99k,29.0,13.8,31.1,15.5,17.1,22.8,70.5,72.4,67.0,6.2,16.0,16.1,2025
37143,Perquimans,NC,South,Small town,<25k,49.8,22.1,41.9,19.5,11.8,31.7,67.1,62.0,58.0,15.9,21.3,24.3,2025
37149,Polk,NC,South,Urban core,25k-99k,29.1,15.8,30.4,16.4,13.3,17.9,70.8,76.2,62.4,11.5,16.3,19.4,2025
37151,Randolph,NC,South,Small town,25k-99k,36.7,19.1,39.1,17.8,14.5,26.4,70.7,70.0,61.1,14.7,17.7,25.1,2025
37157,Rockingham,NC,South,Urban core,25k-99k,25.5,14.7,29.9,16.5,17.4,22.6,72.8,72.7,71.2,11.2,18.7,12.1,2025
37159,Rowan,NC,South,Small town,100k-249k,34.5,16.1,28.5,14.8,16.0,24.3,71.9,67.6,68.1,9.5,17.9,15.1,2025
37073,Gates,NC,South,Small town,25k-99k,35.3,15.9,33.8,18.4,13.8,23.5,69.4,69.7,72.8,13.6,20.7,18.6,2025
37077,Granville,NC,South,Rural,<25k,25.3,10.2,26.7,19.2,15.5,20.1,74.7,73.0,63.3,5.1,15.8,14.8,2025
37079,Greene,NC,South,Urban core,<25k,34.2,13.5,32.1,10.2,18.0,23.1,74.6,71.6,68.9,12.8,15.3,17.6,2025
37081,Guilford,NC,South,Small town,25k-99k,33.5,11.3,29.6,12.4,19.6,22.2,72.6,64.3,64.5,13.2,15.3,21.2,2025
37091,Hertford,NC,South,Rural,<25k,37.3,16.1,30.7,16.0,13.9,32.5,70.5,68.7,58.0,15.9,15.6,23.4,2025
37097,Iredell,NC,South,Rural,<25k,50.7,24.0,38.3,26.1,14.9,36.7,65.5,62.5,56.5,14.7,19.7,28.0,2025
37105,Lee,NC,South,Rural,100k-249k,33.5,12.3,30.6,19.3,14.7,25.1,68.9,69.7,60.0,8.3,15.7,19.2,2025
37107,Lenoir,NC,South,Urban core,250k+,28.1,14.6,35.7,15.1,18.2,24.7,72.8,69.6,73.5,13.9,14.7,17.6,2025
37109,Lincoln,NC,South,Suburban,<25k,35.3,20.6,37.6,19.8,11.2,30.7,68.0,70.5,62.4,14.9,20.4,20.4,2025
37123,Montgomery,NC,South,Rural,100k-249k,39.7,15.1,34.5,17.7,12.7,30.0,67.2,61.4,57.0,10.1,15.2,24.1,2025
37135,Orange,NC,South,Rural,<25k,40.4,18.3,36.3,26.5,13.7,31.5,63.9,66.2,59.4,19.5,14.1,21.1,2025
37137,Pamlico,NC,South,Rural,<25k,36.7,14.8,29.5,16.3,10.6,23.7,72.8,68.1,63.7,13.9,15.1,18.7,2025
37139,Pasquotank,NC,South,Small town,100k-249k,28.8,18.2,31.4,20.0,14.6,27.0,69.0,69.3,63.6,15.4,16.9,22.2,2025
37165,Scotland,NC,South,Small town,250k+,20.2,9.5,22.7,10.0,15.0,20.4,73.9,72.0,65.9,8.3,12.2,12.9,2025
37169,Stokes,NC,South,Small town,100k-249k,24.2,10.9,25.7,14.2,22.3,18.9,72.1,67.4,66.9,7.0,14.8,11.8,2025
37171,Surry,NC,South,Rural,25k-99k,39.6,14.5,29.3,21.0,11.4,26.0,71.9,62.2,59.7,12.9,16.6,20.6,2025
37177,Tyrrell,NC,South,Small town,250k+,37.6,19.6,35.1,15.9,14.4,31.1,70.7,71.9,63.2,10.5,15.2,17.9,2025
37179,Union,NC,South,Suburban,25k-99k,39.3,20.1,36.9,27.9,16.7,32.5,68.9,65.7,59.3,15.6,21.9,22.9,2025
37183,Wake,NC,South,Urban core,<25k,35.4,17.4,30.0,10.2,15.8,23.2,73.3,76.3,63.4,14.5,17.3,14.4,2025
37185,Warren,NC,South,Rural,<25k,42.7,22.1,40.0,20.9,11.3,35.0,65.0,63.6,56.2,21.2,21.2,22.0,2025
37187,Washington,NC,South,Urban core,250k+,35.1,18.7,36.8,16.7,16.6,30.4,68.5,69.1,58.3,15.8,21.7,22.3,2025
37189,Watauga,NC,South,Urban core,25k-99k,29.9,13.4,35.1,15.7,18.8,27.3,70.4,66.2,62.6,11.4,16.1,19.5,2025
37191,Wayne,NC,South,Rural,<25k,35.6,13.4,28.4,13.0,15.3,32.1,64.8,64.9,63.2,11.2,15.6,17.2,2025
37195,Wilson,NC,South,Rural,<25k,45.2,19.5,31.1,20.1,17.3,30.4,65.8,67.2,62.2,12.8,14.2,20.5,2025
37197,Yadkin,NC,South,Rural,250k+,33.6,16.4,30.3,12.3,14.5,23.8,68.6,65.7,67.0,7.6,14.0,15.0,2025
37163,Sampson,NC,South,Small town,<25k,45.3,21.9,38.6,19.7,13.8,34.7,66.6,71.8,57.8,16.2,23.3,25.7,2025
37029,Camden,NC,South,Small town,25k-99k,30.0,16.3,31.0,16.5,13.4,26.3,71.0,68.8,66.6,8.9,17.9,17.0,2025
38073,Ransom,ND,Midwest,Small town,25k-99k,31.0,16.3,32.1,19.0,16.8,27.9,68.2,68.5,64.3,8.3,18.0,19.6,2025
38075,Renville,ND,Midwest,Urban core,250k+,32.3,16.3,36.4,18.5,17.4,26.5,69.5,70.2,65.0,16.0,21.6,20.0,2025
38079,Rolette,ND,Midwest,Small town,25k-99k,49.4,21.5,43.8,29.7,15.2,33.5,65.9,60.7,58.2,19.1,18.1,22.9,2025
38081,Sargent,ND,Midwest,Small town,<25k,33.4,10.8,30.6,14.6,17.0,23.8,75.4,73.5,68.8,7.9,9.6,16.7,2025
38083,Sheridan,ND,Midwest,Suburban,25k-99k,22.3,9.1,28.9,11.1,14.5,22.9,68.9,73.2,62.6,12.7,11.4,17.5,2025
38087,Slope,ND,Midwest,Suburban,25k-99k,28.6,9.6,30.9,15.4,14.3,17.7,72.6,72.0,60.9,12.6,14.3,14.0,2025
38089,Stark,ND,Midwest,Rural,<25k,38.2,13.9,33.6,20.4,13.3,24.7,69.5,69.7,62.7,12.4,12.5,19.3,2025
38093,Stutsman,ND,Midwest,Small town,250k+,15.0,4.0,19.7,10.7,17.5,17.2,75.1,82.1,71.1,3.4,9.6,6.2,2025
38095,Towner,ND,Midwest,Rural,25k-99k,33.0,9.6,26.0,14.8,13.4,25.9,69.4,67.7,64.0,9.7,14.4,15.7,2025
38001,Adams,ND,Midwest,Rural,<25k,31.1,12.1,33.1,19.4,16.7,27.9,70.9,73.7,66.4,9.9,16.0,19.2,2025
38003,Barnes,ND,Midwest,Urban core,<25k,22.6,10.0,25.7,11.3,19.6,15.6,77.2,71.9,74.5,10.0,18.4,11.8,2025
38005,Benson,ND,Midwest,Rural,25k-99k,39.0,17.1,37.3,22.0,13.2,31.7,69.4,63.2,55.9,16.8,17.4,22.4,2025
38007,Billings,ND,Midwest,Urban core,250k+,27.2,9.9,30.8,17.2,15.7,25.8,74.1,77.7,67.2,8.6,17.6,18.0,2025
38009,Bottineau,ND,Midwest,Urban core,25k-99k,26.4,14.1,36.5,15.0,16.9,20.0,72.0,74.5,66.5,10.7,15.2,16.3,2025
38011,Bowman,ND,Midwest,Small town,<25k,34.7,17.2,34.3,21.1,11.9,29.3,70.2,68.6,57.4,13.5,19.8,22.0,2025
38017,Cass,ND,Midwest,Small town,100k-249k,24.7,10.9,28.6,14.0,19.4,18.2,75.1,73.8,65.4,2.0,12.8,15.2,2025
38027,Eddy,ND,Midwest,Rural,25k-99k,27.4,12.5,28.1,21.1,17.9,25.2,67.7,64.9,66.9,8.4,11.4,18.1,2025
38035,Grand Forks,ND,Midwest,Rural,<25k,29.1,11.3,26.9,10.5,16.9,25.9,72.5,74.7,68.2,7.5,12.2,15.4,2025
38037,Grant,ND,Midwest,Rural,25k-99k,31.6,11.0,32.7,17.6,13.9,26.6,66.4,64.3,57.1,8.7,12.2,15.7,2025
38051,McIntosh,ND,Midwest,Suburban,100k-249k,28.7,9.1,30.2,17.6,18.6,19.2,72.8,73.1,70.4,7.4,12.5,11.9,2025
38053,McKenzie,ND,Midwest,Suburban,25k-99k,27.8,11.2,29.6,11.1,16.5,17.8,73.5,73.7,67.3,6.5,11.3,18.1,2025
38059,Morton,ND,Midwest,Urban core,100k-249k,24.7,10.6,26.9,12.6,15.5,21.1,70.5,71.5,73.5,7.5,13.7,15.6,2025
38067,Pembina,ND,Midwest,Small town,<25k,39.5,14.2,30.4,21.0,12.4,25.0,67.1,76.2,68.5,13.0,19.4,19.1,2025
38071,Ramsey,ND,Midwest,Rural,25k-99k,22.6,9.7,24.5,9.4,16.1,19.8,76.0,71.3,66.1,7.7,9.8,17.2,2025
38077,Richland,ND,Midwest,Rural,<25k,30.8,12.1,31.0,16.8,17.5,25.0,70.0,67.7,63.4,5.3,9.7,19.8,2025
38085,Sioux,ND,Midwest,Small town,250k+,28.1,11.4,28.8,15.4,14.7,29.8,72.0,71.6,66.1,6.8,17.2,15.7,2025
38091,Steele,ND,Midwest,Small town,<25k,38.1,13.0,32.9,17.2,12.6,25.5,74.2,72.8,64.4,11.8,13.8,18.2,2025
38097,Traill,ND,Midwest,Urban core,100k-249k,27.9,15.1,32.3,18.5,16.6,23.0,71.8,69.2,62.9,11.5,17.2,19.6,2025
38099,Walsh,ND,Midwest,Rural,250k+,32.3,11.6,28.9,18.2,14.9,26.9,70.5,65.6,67.7,9.0,16.8,18.4,2025
38105,Williams,ND,Midwest,Urban core,100k-249k,36.5,17.5,42.4,14.8,15.5,24.1,70.2,67.5,61.4,15.9,19.2,21.1,2025
38013,Burke,ND,Midwest,Urban core,100k-249k,34.0,18.8,33.0,13.0,19.9,26.8,71.0,69.8,65.9,12.8,18.4,15.4,2025
38015,Burleigh,ND,Midwest,Rural,25k-99k,30.7,12.1,29.8,20.6,13.2,20.6,69.5,67.7,67.8,12.2,11.8,12.6,2025
38019,Cavalier,ND,Midwest,Suburban,100k-249k,21.5,10.6,28.6,15.7,18.2,22.5,73.7,72.8,63.1,4.9,14.7,11.2,2025
38021,Dickey,ND,Midwest,Small town,<25k,34.9,14.8,35.8,19.4,14.8,24.1,73.2,65.4,68.3,12.5,20.1,20.3,2025
38023,Divide,ND,Midwest,Small town,25k-99k,32.0,15.0,30.7,16.0,19.6,24.4,72.8,73.0,68.1,7.1,19.9,18.1,2025
38025,Dunn,ND,Midwest,Small town,<25k,31.5,11.0,27.4,15.5,14.5,24.3,71.1,67.6,67.6,10.3,13.7,18.2,2025
38029,Emmons,ND,Midwest,Rural,<25k,23.0,9.4,25.7,14.9,15.0,23.8,70.9,71.0,67.1,7.7,11.8,15.2,2025
38031,Foster,ND,Midwest,Urban core,250k+,32.0,16.3,31.0,13.1,19.9,20.5,72.0,72.3,68.3,13.0,15.9,18.3,2025
38033,Golden Valley,ND,Midwest,Small town,25k-99k,34.6,15.3,36.2,19.7,17.4,30.1,73.0,68.0,66.5,13.2,19.3,24.0,2025
38039,Griggs,ND,Midwest,Suburban,25k-99k,27.3,10.7,32.6,18.9,13.0,22.1,74.4,67.9,64.4,5.7,12.9,14.5,2025
38041,Hettinger,ND,Midwest,Small town,100k-249k,35.4,11.6,28.7,16.1,15.1,24.9,69.8,68.1,64.6,10.9,17.3,18.6,2025
38043,Kidder,ND,Midwest,Suburban,<25k,23.0,11.5,25.0,15.2,17.1,22.2,74.2,70.7,69.1,7.1,12.7,14.9,2025
38045,LaMoure,ND,Midwest,Rural,100k-249k,45.7,20.9,38.2,23.3,13.9,33.8,64.8,67.1,61.1,18.0,21.0,21.0,2025
38047,Logan,ND,Midwest,Suburban,25k-99k,34.2,16.5,34.2,21.3,18.1,27.2,69.0,66.6,62.5,13.3,16.2,19.6,2025
38049,McHenry,ND,Midwest,Small town,250k+,38.1,20.0,33.5,22.2,15.9,34.1,66.4,64.6,60.2,17.9,19.6,24.5,2025
38057,Mercer,ND,Midwest,Small town,100k-249k,24.9,6.1,27.8,12.3,19.9,21.7,75.7,78.7,65.6,2.8,13.7,12.9,2025
38061,Mountrail,ND,Midwest,Small town,100k-249k,29.3,12.9,30.0,16.0,11.9,21.9,71.9,66.3,65.0,6.3,18.2,15.4,2025
38063,Nelson,ND,Midwest,Rural,25k-99k,35.6,11.9,31.4,16.5,13.7,27.2,74.5,72.4,63.6,4.0,11.1,17.4,2025
38065,Oliver,ND,Midwest,Rural,25k-99k,42.7,18.1,36.0,21.8,12.8,28.4,64.6,66.5,63.6,13.5,17.2,22.4,2025
38069,Pierce,ND,Midwest,Rural,<25k,22.7,8.6,25.9,15.8,16.9,22.0,70.8,67.8,65.8,4.6,16.5,16.6,2025
38101,Ward,ND,Midwest,Rural,25k-99k,26.3,4.8,24.0,13.6,14.8,19.6,73.9,68.3,62.0,6.0,6.9,13.3,2025
38103,Wells,ND,Midwest,Small town,100k-249k,17.9,8.5,24.9,15.1,16.2,21.0,76.5,76.2,64.7,5.1,10.1,10.4,2025
38055,McLean,ND,Midwest,Suburban,250k+,26.3,14.6,30.1,12.9,18.0,27.1,74.5,73.7,71.4,7.7,15.2,18.4,2025
39029,Columbiana,OH,Midwest,Urban core,<25k,28.6,12.0,32.7,15.1,17.7,24.6,75.3,72.2,71.1,10.0,13.8,19.3,2025
39031,Coshocton,OH,Midwest,Urban core,25k-99k,26.5,13.3,27.5,18.3,18.7,25.2,73.2,74.4,63.9,7.8,16.7,16.5,2025
39033,Crawford,OH,Midwest,Urban core,100k-249k,35.6,14.9,35.9,16.5,16.1,23.7,69.5,67.7,61.8,14.2,16.2,20.8,2025
39037,Darke,OH,Midwest,Suburban,250k+,26.8,11.3,27.1,10.9,19.3,17.5,80.2,71.6,73.4,4.2,15.4,14.3,2025
39041,Delaware,OH,Midwest,Suburban,250k+,26.9,10.3,30.5,17.8,17.5,20.1,72.9,71.1,68.3,11.3,15.4,16.2,2025
39043,Erie,OH,Midwest,Rural,250k+,36.2,14.0,35.3,16.2,14.5,29.2,65.5,67.2,61.4,13.6,13.6,18.4,2025
39045,Fairfield,OH,Midwest,Suburban,100k-249k,29.2,12.5,29.6,12.4,14.3,26.8,72.2,71.9,70.1,11.2,19.5,18.5,2025
39047,Fayette,OH,Midwest,Suburban,25k-99k,33.1,14.7,28.8,15.9,12.9,17.6,74.0,74.0,72.5,11.5,14.2,16.8,2025
39051,Fulton,OH,Midwest,Small town,250k+,39.6,19.1,36.3,17.9,15.5,30.4,67.3,62.9,63.9,13.5,18.0,20.3,2025
39053,Gallia,OH,Midwest,Small town,<25k,23.6,6.6,21.8,10.3,18.5,16.1,74.4,76.3,70.7,7.1,10.7,13.3,2025
39055,Geauga,OH,Midwest,Suburban,25k-99k,21.2,6.4,27.9,19.0,17.4,18.9,71.9,72.4,68.2,12.5,16.7,11.8,2025
39057,Greene,OH,Midwest,Rural,25k-99k,29.2,12.3,26.1,19.8,14.4,25.4,73.0,66.9,60.0,6.3,14.2,19.8,2025
39063,Hancock,OH,Midwest,Urban core,25k-99k,23.3,8.7,28.5,14.3,17.1,23.9,74.0,70.0,63.4,7.9,11.7,13.2,2025
39065,Hardin,OH,Midwest,Small town,25k-99k,28.4,10.1,29.5,16.0,13.0,25.4,70.3,70.1,64.8,8.5,13.5,13.6,2025
39003,Allen,OH,Midwest,Small town,<25k,31.1,13.3,31.8,18.0,15.9,25.3,73.9,65.5,68.0,8.9,17.2,14.7,2025
39019,Carroll,OH,Midwest,Urban core,<25k,21.5,13.5,30.7,15.7,18.6,18.9,72.3,72.5,63.6,11.0,14.8,13.6,2025
39035,Cuyahoga,OH,Midwest,Suburban,<25k,30.4,14.0,27.6,19.5,19.7,20.8,68.5,68.3,64.9,9.6,15.1,16.7,2025
39039,Defiance,OH,Midwest,Urban core,<25k,32.1,14.8,35.1,18.8,16.7,25.4,68.6,68.4,62.3,11.0,14.2,21.6,2025
39049,Franklin,OH,Midwest,Suburban,25k-99k,22.8,7.9,23.2,13.6,16.2,19.9,79.7,72.2,70.3,4.5,14.7,11.7,2025
39059,Guernsey,OH,Midwest,Small town,25k-99k,22.0,4.0,25.6,15.2,17.3,15.4,78.5,73.5,69.8,1.7,13.7,10.2,2025
39061,Hamilton,OH,Midwest,Small town,250k+,21.7,6.9,27.1,12.8,17.5,22.7,71.5,76.9,68.9,5.9,9.3,13.1,2025
39079,Jackson,OH,Midwest,Suburban,<25k,25.1,11.5,27.7,19.0,19.8,16.8,72.7,69.8,69.2,10.4,13.4,18.8,2025
39093,Lorain,OH,Midwest,Small town,100k-249k,44.7,20.6,39.2,25.2,14.7,27.4,70.7,61.4,61.0,13.9,17.2,21.6,2025
39095,Lucas,OH,Midwest,Small town,<25k,41.1,17.0,34.5,18.1,15.8,30.3,70.9,65.2,55.5,13.2,15.5,18.7,2025
39101,Marion,OH,Midwest,Urban core,100k-249k,22.7,11.5,26.4,14.9,19.9,24.1,76.1,75.4,69.9,5.6,13.6,16.2,2025
39137,Putnam,OH,Midwest,Suburban,25k-99k,32.1,14.3,33.2,10.1,16.5,21.6,72.1,72.9,62.5,9.1,15.3,19.5,2025
39159,Union,OH,Midwest,Rural,<25k,30.2,9.8,32.5,15.5,16.6,23.7,70.7,67.2,60.9,9.4,7.5,20.0,2025
39175,Wyandot,OH,Midwest,Small town,25k-99k,23.2,13.6,28.3,12.0,14.5,22.5,76.6,71.3,69.2,7.5,14.9,13.4,2025
39001,Adams,OH,Midwest,Suburban,100k-249k,24.6,12.3,27.9,12.5,18.9,21.0,72.3,72.6,72.3,2.8,15.0,16.6,2025
39005,Ashland,OH,Midwest,Small town,25k-99k,29.9,12.7,32.9,23.0,16.6,24.8,73.1,69.4,58.4,10.3,14.8,16.8,2025
39007,Ashtabula,OH,Midwest,Suburban,<25k,38.0,18.1,35.0,22.5,10.4,28.7,69.1,70.5,65.1,17.0,19.0,24.2,2025
39009,Athens,OH,Midwest,Small town,<25k,19.2,9.5,26.2,13.0,17.0,18.0,71.3,71.7,64.5,5.0,10.0,13.3,2025
39011,Auglaize,OH,Midwest,Suburban,25k-99k,25.7,12.7,34.8,17.0,17.6,24.8,74.9,69.1,58.8,10.0,18.0,17.9,2025
39013,Belmont,OH,Midwest,Suburban,<25k,25.8,12.8,30.6,15.4,11.5,20.0,74.1,72.3,67.2,2.9,13.4,14.4,2025
39015,Brown,OH,Midwest,Suburban,250k+,30.4,10.9,32.4,11.9,13.5,22.7,71.8,76.0,70.4,9.5,13.5,14.9,2025
39017,Butler,OH,Midwest,Rural,<25k,36.5,15.9,33.9,22.9,12.7,28.2,68.3,69.2,62.3,7.5,16.0,22.4,2025
39021,Champaign,OH,Midwest,Small town,<25k,29.9,10.3,24.8,16.5,19.5,20.7,72.0,70.2,63.3,2.8,12.9,11.3,2025
39023,Clark,OH,Midwest,Urban core,250k+,29.5,15.7,32.2,15.7,19.9,23.8,73.2,68.1,68.5,11.5,19.5,14.7,2025
39025,Clermont,OH,Midwest,Small town,25k-99k,25.9,7.8,29.1,12.6,14.5,18.3,74.4,72.1,66.4,4.3,15.2,16.1,2025
39027,Clinton,OH,Midwest,Rural,<25k,35.4,17.4,31.1,16.1,12.7,27.6,68.3,68.2,63.2,11.3,13.1,21.2,2025
39113,Montgomery,OH,Midwest,Urban core,100k-249k,28.5,10.9,28.0,14.6,14.1,23.9,74.8,71.4,72.1,3.3,16.8,17.2,2025
39115,Morgan,OH,Midwest,Rural,100k-249k,26.8,11.9,26.4,13.7,15.4,24.0,69.0,71.0,60.9,9.6,12.0,16.8,2025
39117,Morrow,OH,Midwest,Small town,<25k,31.4,14.2,32.4,13.5,14.1,25.3,72.1,72.1,68.9,11.5,18.7,18.6,2025
39119,Muskingum,OH,Midwest,Small town,25k-99k,36.0,15.4,34.3,16.8,11.7,19.4,73.2,69.9,62.9,8.8,16.8,18.9,2025
39123,Ottawa,OH,Midwest,Rural,<25k,30.0,16.0,30.4,21.1,14.9,26.4,70.6,69.7,69.3,15.2,15.5,21.7,2025
39125,Paulding,OH,Midwest,Suburban,<25k,42.6,16.5,40.8,20.3,16.2,27.4,68.5,70.7,58.5,13.4,17.5,23.2,2025
39127,Perry,OH,Midwest,Urban core,25k-99k,25.9,14.6,35.3,14.3,19.4,22.0,69.8,70.6,64.4,8.7,21.4,19.3,2025
39129,Pickaway,OH,Midwest,Small town,100k-249k,23.6,6.1,27.1,16.9,14.9,17.2,72.3,76.5,63.8,7.2,13.8,13.2,2025
39131,Pike,OH,Midwest,Small town,<25k,26.4,13.6,29.3,14.8,14.1,25.0,70.7,71.2,67.3,7.5,14.5,17.0,2025
39067,Harrison,OH,Midwest,Urban core,100k-249k,32.0,15.4,33.5,16.6,17.0,19.7,72.7,72.7,64.9,11.5,15.1,14.5,2025
39069,Henry,OH,Midwest,Small town,100k-249k,31.4,13.5,32.5,15.2,14.9,24.9,68.3,71.4,68.6,7.8,17.6,21.2,2025
39071,Highland,OH,Midwest,Rural,250k+,35.6,13.5,38.5,12.0,17.1,26.8,72.2,67.8,61.2,5.7,20.6,20.0,2025
39073,Hocking,OH,Midwest,Small town,100k-249k,29.2,12.9,31.4,19.9,19.5,25.3,72.1,67.8,70.3,9.9,17.0,15.3,2025
39075,Holmes,OH,Midwest,Small town,<25k,27.3,8.0,24.3,9.3,18.4,22.0,76.2,72.8,76.3,7.2,14.2,10.8,2025
39077,Huron,OH,Midwest,Small town,100k-249k,32.9,10.9,32.2,17.0,11.8,24.1,70.6,69.9,66.1,13.4,19.4,20.1,2025
39081,Jefferson,OH,Midwest,Rural,250k+,30.2,10.3,30.7,14.6,17.6,21.5,70.8,68.6,69.7,6.9,12.2,14.1,2025
39083,Knox,OH,Midwest,Urban core,<25k,33.2,20.5,39.3,16.9,19.6,24.9,65.4,70.6,68.6,14.8,24.3,20.4,2025
39085,Lake,OH,Midwest,Urban core,250k+,28.5,12.7,33.3,10.0,17.0,21.1,75.3,76.7,64.8,8.1,15.9,14.9,2025
39087,Lawrence,OH,Midwest,Urban core,100k-249k,34.4,15.6,32.8,15.5,14.3,21.4,74.1,67.4,67.2,11.0,15.8,20.8,2025
39089,Licking,OH,Midwest,Suburban,<25k,31.7,14.6,34.0,12.1,15.1,27.2,71.4,72.8,69.1,6.0,13.3,15.6,2025
39091,Logan,OH,Midwest,Urban core,25k-99k,33.4,11.6,34.5,17.9,13.9,21.7,72.5,69.1,60.8,11.1,12.7,16.7,2025
39097,Madison,OH,Midwest,Rural,25k-99k,30.0,14.4,31.7,19.9,15.8,21.7,71.5,70.9,66.2,6.3,12.2,16.9,2025
39099,Mahoning,OH,Midwest,Rural,<25k,38.5,17.7,31.4,20.3,11.2,29.8,66.5,69.9,57.1,11.1,20.7,18.9,2025
39103,Medina,OH,Midwest,Small town,100k-249k,35.9,12.1,32.8,19.9,18.0,24.4,68.8,67.0,64.3,14.6,15.2,21.7,2025
39105,Meigs,OH,Midwest,Urban core,25k-99k,27.2,9.9,30.7,12.2,18.3,25.7,71.5,69.1,63.8,14.1,17.0,20.1,2025
39107,Mercer,OH,Midwest,Rural,25k-99k,27.4,12.1,30.2,18.1,12.9,24.5,69.8,75.0,64.6,10.9,17.2,18.5,2025
39109,Miami,OH,Midwest,Suburban,250k+,23.8,12.6,26.5,16.4,14.4,23.2,74.3,67.9,65.5,8.2,18.7,14.6,2025
39111,Monroe,OH,Midwest,Urban core,100k-249k,31.4,15.4,33.2,19.5,16.6,21.6,72.2,68.3,62.4,14.4,17.7,16.8,2025
39121,Noble,OH,Midwest,Small town,250k+,32.6,13.7,33.7,13.0,10.8,21.6,72.0,69.5,62.5,8.1,13.5,16.6,2025
39133,Portage,OH,Midwest,Urban core,100k-249k,29.0,12.8,29.5,15.5,16.0,20.1,76.2,73.0,65.0,12.0,15.2,15.3,2025
39135,Preble,OH,Midwest,Small town,100k-249k,26.8,9.4,28.7,10.8,20.6,20.9,75.5,76.2,66.4,1.5,7.4,13.8,2025
39139,Richland,OH,Midwest,Suburban,100k-249k,31.8,14.3,32.3,19.2,10.4,27.2,71.2,71.6,65.5,10.2,18.4,17.6,2025
39141,Ross,OH,Midwest,Small town,<25k,33.7,16.0,30.0,21.6,15.7,24.1,70.3,65.8,64.3,13.9,12.3,18.9,2025
39143,Sandusky,OH,Midwest,Rural,100k-249k,37.7,12.7,33.1,20.5,12.9,23.4,66.2,67.0,58.0,12.9,14.4,19.6,2025
39145,Scioto,OH,Midwest,Suburban,100k-249k,22.7,4.0,23.0,10.2,15.6,11.9,75.4,76.7,70.5,4.0,11.5,14.6,2025
39147,Seneca,OH,Midwest,Rural,<25k,31.1,11.4,30.9,18.0,14.7,24.0,70.5,72.2,64.7,10.0,17.7,19.1,2025
39149,Shelby,OH,Midwest,Rural,100k-249k,30.8,18.3,34.2,16.8,14.7,26.0,68.2,67.6,65.6,15.7,14.1,23.3,2025
39151,Stark,OH,Midwest,Urban core,25k-99k,32.6,11.3,29.0,9.4,13.9,21.2,69.9,69.8,64.0,11.5,13.1,18.2,2025
39153,Summit,OH,Midwest,Urban core,25k-99k,24.4,13.1,29.7,13.2,18.2,21.1,77.0,74.9,63.6,8.1,19.8,12.6,2025
39155,Trumbull,OH,Midwest,Small town,25k-99k,33.8,16.3,35.0,19.1,13.4,29.9,68.1,67.2,59.5,14.4,19.9,21.4,2025
39157,Tuscarawas,OH,Midwest,Suburban,25k-99k,36.7,15.3,37.9,18.3,14.4,28.1,68.8,69.7,58.2,14.5,24.5,20.4,2025
39161,Van Wert,OH,Midwest,Rural,25k-99k,30.9,13.1,32.8,15.9,14.2,29.1,64.9,67.3,66.9,10.1,13.3,14.0,2025
39163,Vinton,OH,Midwest,Suburban,25k-99k,32.4,14.3,31.6,23.0,15.7,22.3,73.0,68.5,69.3,10.7,18.8,19.2,2025
39165,Warren,OH,Midwest,Urban core,250k+,21.8,9.4,30.5,10.9,18.9,17.1,74.0,69.1,73.0,8.9,13.5,15.2,2025
39167,Washington,OH,Midwest,Rural,<25k,16.5,4.0,20.9,15.0,16.1,17.4,72.4,73.8,67.3,2.7,12.0,12.8,2025
39169,Wayne,OH,Midwest,Small town,<25k,30.3,12.8,33.5,17.3,17.3,26.2,70.5,66.4,66.7,10.9,17.0,18.9,2025
39171,Williams,OH,Midwest,Small town,250k+,22.4,8.1,20.2,10.6,13.7,18.5,75.6,70.9,66.3,5.0,11.6,12.0,2025
39173,Wood,OH,Midwest,Suburban,100k-249k,31.2,13.5,29.9,13.2,16.5,23.5,74.8,73.0,70.2,10.6,17.2,21.1,2025
40051,Grady,OK,South,Small town,<25k,32.9,13.3,31.0,20.1,13.7,23.3,69.4,64.2,64.8,11.3,14.8,16.7,2025
40053,Grant,OK,South,Rural,100k-249k,42.1,19.9,32.9,19.0,10.5,29.7,63.9,64.9,57.4,18.5,10.8,24.5,2025
40055,Greer,OK,South,Small town,100k-249k,39.6,18.1,39.6,17.1,14.9,26.6,70.0,62.7,62.5,13.5,15.7,21.9,2025
40059,Harper,OK,South,Suburban,25k-99k,22.8,5.0,22.9,9.7,19.2,17.2,77.2,79.3,70.0,6.2,13.4,13.4,2025
40061,Haskell,OK,South,Small town,<25k,30.9,13.4,29.7,15.0,13.2,24.7,76.0,68.4,66.7,10.9,12.1,16.7,2025
40001,Adair,OK,South,Suburban,100k-249k,29.5,12.1,30.0,14.3,18.5,14.3,73.8,71.1,72.3,3.4,16.4,16.2,2025
40003,Alfalfa,OK,South,Rural,25k-99k,39.1,14.0,34.4,15.2,18.0,32.9,64.3,67.9,58.7,12.4,17.8,19.0,2025
40009,Beckham,OK,South,Small town,25k-99k,32.6,17.6,36.5,21.5,13.8,31.5,69.4,65.6,54.9,9.8,19.1,19.5,2025
40013,Bryan,OK,South,Urban core,25k-99k,37.4,18.2,36.0,13.9,16.5,28.4,70.2,66.7,65.8,16.6,18.4,19.0,2025
40023,Choctaw,OK,South,Urban core,25k-99k,35.1,15.6,34.9,19.6,20.0,27.3,70.1,69.2,57.8,18.7,19.1,22.2,2025
40027,Cleveland,OK,South,Small town,<25k,29.4,11.5,33.5,11.9,14.9,24.3,72.2,68.9,61.0,6.7,9.4,16.6,2025
40039,Custer,OK,South,Small town,<25k,27.4,10.3,27.3,12.3,19.0,15.7,71.9,74.3,71.0,2.2,8.3,14.9,2025
40057,Harmon,OK,South,Suburban,<25k,41.5,19.1,35.1,21.5,16.0,29.5,73.2,64.9,62.8,15.4,19.6,22.4,2025
40065,Jackson,OK,South,Rural,<25k,31.0,14.2,33.3,18.2,12.4,31.7,70.4,64.2,64.6,13.0,12.4,18.5,2025
40075,Kiowa,OK,South,Small town,100k-249k,30.2,11.4,29.4,15.0,14.8,20.6,71.3,70.8,68.0,13.3,14.6,17.5,2025
40087,McClain,OK,South,Suburban,<25k,30.1,12.7,30.9,15.9,16.5,24.2,72.1,72.3,65.7,9.8,15.6,16.4,2025
40089,McCurtain,OK,South,Small town,25k-99k,45.5,21.6,39.7,20.4,16.8,32.9,66.2,63.3,57.6,18.0,19.6,24.6,2025
40095,Marshall,OK,South,Small town,<25k,36.0,20.6,32.2,17.4,9.1,30.8,68.7,64.2,57.4,15.5,16.2,23.2,2025
40097,Mayes,OK,South,Small town,<25k,35.4,16.0,31.6,20.5,17.0,30.1,68.1,68.5,64.8,12.4,19.4,17.8,2025
40101,Muskogee,OK,South,Small town,100k-249k,42.3,16.2,34.9,27.6,17.0,32.1,67.7,69.1,61.6,19.0,20.1,22.8,2025
40113,Osage,OK,South,Rural,100k-249k,26.1,6.2,26.7,13.1,20.8,17.7,74.3,75.1,74.9,1.5,11.6,14.6,2025
40117,Pawnee,OK,South,Rural,<25k,43.1,19.8,36.8,23.6,11.0,27.2,65.5,68.1,58.1,19.7,16.0,25.6,2025
40125,Pottawatomie,OK,South,Urban core,<25k,23.9,12.4,28.7,8.8,15.4,15.6,78.7,72.5,70.4,12.0,15.5,14.7,2025
40133,Seminole,OK,South,Suburban,<25k,26.9,15.2,32.1,14.9,20.0,22.3,70.3,71.0,63.3,13.9,21.8,15.8,2025
40135,Sequoyah,OK,South,Rural,<25k,30.6,13.3,26.8,13.7,13.3,17.5,69.5,69.3,70.2,7.5,10.2,11.8,2025
40137,Stephens,OK,South,Rural,25k-99k,32.8,11.9,30.3,16.5,10.1,25.3,68.4,66.6,68.4,9.0,13.1,19.4,2025
40141,Tillman,OK,South,Small town,25k-99k,34.3,14.2,33.8,18.7,14.6,25.3,69.7,64.9,63.2,14.1,19.0,19.0,2025
40005,Atoka,OK,South,Urban core,250k+,30.0,14.1,31.2,11.5,16.3,22.2,72.9,75.5,68.0,8.6,19.6,20.7,2025
40007,Beaver,OK,South,Urban core,250k+,37.5,16.9,31.7,18.7,12.8,20.6,72.4,68.1,64.0,14.8,16.7,19.8,2025
40011,Blaine,OK,South,Rural,<25k,35.1,14.6,31.9,19.0,19.4,24.2,70.6,67.3,61.8,12.7,13.4,22.5,2025
40015,Caddo,OK,South,Small town,25k-99k,24.6,7.7,25.8,12.5,18.4,23.6,74.4,72.9,66.3,8.4,14.6,15.7,2025
40017,Canadian,OK,South,Rural,25k-99k,25.5,10.0,32.0,12.4,17.0,21.6,69.8,61.8,66.4,12.7,14.5,15.5,2025
40019,Carter,OK,South,Rural,<25k,35.6,16.6,34.3,24.9,10.6,29.3,71.9,63.4,59.1,18.4,16.4,22.7,2025
40021,Cherokee,OK,South,Rural,<25k,29.3,8.3,23.0,21.2,16.7,23.2,73.3,68.9,68.2,8.7,12.3,16.1,2025
40025,Cimarron,OK,South,Rural,<25k,33.0,15.0,32.3,17.9,13.3,25.7,70.7,69.4,66.3,11.7,13.9,21.3,2025
40029,Coal,OK,South,Rural,<25k,35.1,14.0,29.6,13.8,15.2,31.8,70.0,65.5,65.3,10.1,14.7,16.4,2025
40031,Comanche,OK,South,Rural,100k-249k,31.1,8.6,25.8,13.7,16.3,21.3,70.7,75.9,65.8,9.5,11.6,12.5,2025
40033,Cotton,OK,South,Suburban,25k-99k,39.6,20.3,34.2,19.6,18.4,26.6,73.8,69.8,63.5,11.7,17.1,19.8,2025
40035,Craig,OK,South,Rural,25k-99k,31.5,14.8,29.1,13.7,13.9,22.5,75.4,72.4,64.9,4.3,16.5,15.6,2025
40037,Creek,OK,South,Small town,25k-99k,36.3,17.8,33.9,22.8,13.2,26.6,69.2,69.4,63.4,15.6,14.2,21.5,2025
40041,Delaware,OK,South,Suburban,100k-249k,33.8,18.0,32.0,18.9,14.5,24.8,70.4,68.4,67.0,11.1,17.8,19.7,2025
40043,Dewey,OK,South,Rural,25k-99k,33.4,14.4,31.6,14.3,16.5,25.7,67.8,74.5,65.0,11.7,15.1,20.3,2025
40045,Ellis,OK,South,Rural,25k-99k,35.7,11.4,29.8,15.2,12.6,22.6,70.4,66.5,64.3,11.3,16.0,16.7,2025
40047,Garfield,OK,South,Suburban,250k+,33.8,15.6,30.7,14.5,15.7,20.7,71.7,69.0,68.6,10.9,17.1,17.0,2025
40049,Garvin,OK,South,Urban core,<25k,38.2,17.2,35.5,14.6,12.7,27.4,71.5,68.2,63.0,12.7,19.0,22.0,2025
40093,Major,OK,South,Rural,<25k,30.9,8.0,27.7,18.9,15.7,24.0,77.4,70.5,67.5,7.4,13.4,17.9,2025
40099,Murray,OK,South,Rural,100k-249k,35.6,16.1,32.5,16.5,11.0,26.0,70.3,71.2,69.0,15.4,16.5,16.6,2025
40103,Noble,OK,South,Urban core,100k-249k,37.2,24.0,38.7,20.1,11.4,29.1,74.1,65.9,59.6,21.7,23.3,20.6,2025
40105,Nowata,OK,South,Small town,25k-99k,35.4,15.4,31.8,17.6,12.8,26.9,71.0,65.5,55.8,16.8,14.1,23.6,2025
40107,Okfuskee,OK,South,Rural,100k-249k,24.5,8.0,27.4,13.2,12.3,22.2,74.7,77.3,61.0,4.3,14.0,17.2,2025
40109,Oklahoma,OK,South,Rural,25k-99k,29.9,14.7,30.8,18.9,16.3,25.1,66.1,68.4,62.8,11.6,21.1,21.0,2025
40111,Okmulgee,OK,South,Rural,<25k,37.4,13.0,33.3,14.9,14.5,28.0,67.0,69.9,60.1,14.0,16.6,19.7,2025
40115,Ottawa,OK,South,Rural,250k+,36.1,14.0,33.9,16.4,14.9,33.2,71.6,64.3,59.5,10.5,13.8,24.7,2025
40119,Payne,OK,South,Urban core,100k-249k,28.5,11.8,32.8,13.3,17.8,27.2,69.9,69.9,68.6,11.4,18.7,16.6,2025
40121,Pittsburg,OK,South,Urban core,100k-249k,38.8,22.1,42.4,15.3,17.4,33.0,65.6,60.6,61.9,20.2,19.1,24.6,2025
40123,Pontotoc,OK,South,Small town,25k-99k,23.4,10.0,26.3,12.9,15.5,23.5,69.1,73.9,69.7,10.9,15.5,14.1,2025
40127,Pushmataha,OK,South,Urban core,250k+,28.3,11.6,29.3,8.9,19.5,19.7,71.6,68.4,66.8,11.2,14.1,18.8,2025
40063,Hughes,OK,South,Rural,<25k,40.7,21.2,36.7,25.0,13.1,27.3,69.3,67.0,64.0,15.9,12.4,21.2,2025
40067,Jefferson,OK,South,Suburban,100k-249k,40.4,17.0,34.5,16.8,13.2,26.5,69.8,62.3,66.9,15.5,20.7,20.5,2025
40069,Johnston,OK,South,Urban core,100k-249k,24.0,11.1,33.7,10.7,14.9,17.9,76.3,72.0,69.7,12.4,11.9,14.2,2025
40071,Kay,OK,South,Suburban,250k+,27.1,7.5,28.6,10.0,13.2,18.9,77.4,71.4,71.0,10.0,16.8,15.6,2025
40073,Kingfisher,OK,South,Small town,100k-249k,27.7,13.3,29.8,17.0,13.9,23.7,72.6,72.8,64.6,14.5,14.8,15.9,2025
40077,Latimer,OK,South,Small town,25k-99k,35.4,16.7,31.6,15.5,17.4,23.2,70.3,69.9,62.3,14.9,21.9,19.8,2025
40079,Le Flore,OK,South,Suburban,100k-249k,30.4,13.7,33.7,13.4,17.8,23.4,72.0,72.9,60.7,10.6,14.1,18.7,2025
40081,Lincoln,OK,South,Suburban,250k+,39.5,19.8,37.6,21.6,17.6,26.5,70.7,73.5,58.5,15.2,19.9,22.5,2025
40083,Logan,OK,South,Urban core,<25k,38.7,21.2,38.2,18.0,17.1,34.4,68.8,62.2,61.9,16.5,19.6,21.7,2025
40085,Love,OK,South,Rural,<25k,33.0,15.9,34.4,19.7,10.3,27.8,66.8,65.9,64.8,16.5,17.6,19.3,2025
40091,McIntosh,OK,South,Rural,25k-99k,46.1,18.1,36.6,21.2,14.2,32.8,65.2,66.8,61.9,13.5,12.1,22.6,2025
40129,Roger Mills,OK,South,Rural,250k+,40.4,14.9,29.3,16.9,16.0,29.2,71.1,71.2,58.7,13.6,18.4,22.0,2025
40131,Rogers,OK,South,Small town,<25k,32.8,16.6,31.5,18.7,16.0,22.7,69.9,70.4,65.9,10.0,19.1,18.9,2025
40139,Texas,OK,South,Suburban,25k-99k,29.6,15.2,29.0,13.5,17.7,23.7,72.9,72.1,65.6,8.4,12.2,18.0,2025
40143,Tulsa,OK,South,Rural,250k+,32.4,11.7,31.0,17.8,9.5,28.3,71.5,69.3,63.8,6.5,11.4,15.7,2025
40145,Wagoner,OK,South,Urban core,25k-99k,31.8,17.3,32.2,15.3,18.5,27.1,69.2,70.6,63.8,13.2,16.2,22.5,2025
40147,Washington,OK,South,Urban core,<25k,24.4,8.2,26.5,9.7,14.7,21.2,76.3,72.8,70.3,5.1,9.7,10.8,2025
40149,Washita,OK,South,Small town,250k+,29.7,11.5,25.1,15.0,22.0,18.4,78.0,73.5,66.2,6.4,9.8,16.4,2025
40151,Woods,OK,South,Suburban,<25k,37.3,12.8,33.0,16.3,13.0,26.5,71.3,71.0,58.6,9.6,16.7,18.3,2025
40153,Woodward,OK,South,Rural,<25k,29.2,15.1,31.9,17.0,11.9,22.4,73.4,76.9,62.4,10.5,15.6,20.7,2025
41059,Umatilla,OR,West,Urban core,100k-249k,26.2,15.2,28.7,15.9,21.6,20.2,76.4,73.0,68.9,12.9,16.6,15.1,2025
41063,Wallowa,OR,West,Urban core,<25k,32.2,14.4,34.2,17.6,18.5,25.3,72.5,70.3,65.1,10.5,18.6,16.8,2025
41067,Washington,OR,West,Suburban,100k-249k,30.1,13.1,30.6,15.8,15.3,28.0,72.0,70.8,64.7,12.8,18.6,19.0,2025
41069,Wheeler,OR,West,Urban core,100k-249k,22.5,9.1,27.4,7.1,16.8,20.0,75.9,76.4,65.6,9.0,14.7,13.7,2025
41071,Yamhill,OR,West,Urban core,25k-99k,24.7,13.2,29.6,11.7,17.1,21.6,71.1,72.4,69.1,10.1,17.6,14.7,2025
41001,Baker,OR,West,Rural,25k-99k,45.1,22.0,39.4,23.3,12.1,31.9,68.2,70.0,63.2,15.9,13.5,22.6,2025
41003,Benton,OR,West,Rural,<25k,34.9,15.8,33.8,23.1,12.4,23.9,68.9,59.7,63.4,11.8,21.7,18.4,2025
41005,Clackamas,OR,West,Urban core,100k-249k,26.0,10.2,32.8,13.6,16.9,20.8,76.0,80.4,74.0,11.7,15.9,15.1,2025
41007,Clatsop,OR,West,Small town,<25k,28.1,12.2,25.0,14.0,19.3,20.9,73.7,69.5,66.2,10.3,13.4,17.2,2025
41009,Columbia,OR,West,Rural,<25k,28.1,11.2,28.8,21.6,14.6,27.7,70.1,65.4,67.2,5.4,14.9,16.2,2025
41011,Coos,OR,West,Small town,<25k,23.0,10.0,30.7,14.2,17.7,21.9,70.6,73.6,70.4,9.8,13.4,18.0,2025
41013,Crook,OR,West,Rural,25k-99k,35.2,15.6,35.9,16.6,14.0,32.1,68.2,70.7,69.3,7.2,14.8,21.3,2025
41015,Curry,OR,West,Rural,25k-99k,30.6,11.1,26.4,17.1,13.7,22.6,72.4,70.6,66.3,2.0,8.4,13.9,2025
41017,Deschutes,OR,West,Rural,250k+,22.8,8.4,25.9,11.5,22.2,20.2,73.0,70.0,67.3,2.6,13.4,11.6,2025
41019,Douglas,OR,West,Rural,250k+,33.8,14.5,33.6,16.2,16.0,29.5,69.5,66.7,59.3,13.4,17.1,16.7,2025
41021,Gilliam,OR,West,Small town,100k-249k,27.1,12.7,31.5,15.7,17.5,26.2,72.0,73.3,63.0,8.1,16.6,15.1,2025
41023,Grant,OR,West,Urban core,25k-99k,18.0,11.5,22.0,13.9,19.3,20.5,72.9,74.9,71.5,8.6,12.2,12.3,2025
41025,Harney,OR,West,Rural,250k+,25.6,9.9,24.2,12.4,11.8,21.8,70.6,74.2,64.8,7.1,13.7,16.1,2025
41033,Josephine,OR,West,Urban core,25k-99k,32.8,13.4,34.7,18.9,18.7,21.1,71.2,77.4,62.1,16.9,11.6,19.0,2025
41035,Klamath,OR,West,Rural,100k-249k,23.9,8.7,27.5,14.9,17.3,24.5,74.0,75.6,67.1,4.6,12.9,21.2,2025
41039,Lane,OR,West,Rural,250k+,27.8,14.0,33.4,17.4,14.1,21.9,71.2,63.9,60.9,5.7,13.3,19.8,2025
41041,Lincoln,OR,West,Suburban,<25k,25.6,9.5,26.6,9.5,18.9,20.5,74.1,71.5,71.6,9.7,10.2,13.5,2025
41043,Linn,OR,West,Small town,25k-99k,26.1,11.6,31.2,14.3,20.1,26.6,67.8,64.4,70.0,9.4,16.4,20.4,2025
41047,Marion,OR,West,Urban core,25k-99k,15.0,6.1,23.9,12.4,18.2,17.6,73.9,78.8,65.8,5.4,11.4,9.4,2025
41051,Multnomah,OR,West,Suburban,25k-99k,35.6,16.4,29.1,15.8,15.9,22.5,67.8,68.3,62.4,14.6,22.2,20.6,2025
41055,Sherman,OR,West,Urban core,250k+,25.3,11.9,33.6,10.3,18.1,20.2,74.5,74.0,60.3,11.0,13.2,15.8,2025
41061,Union,OR,West,Urban core,250k+,19.5,4.6,21.5,11.8,20.3,12.4,77.1,81.0,74.2,1.5,8.3,9.3,2025
41065,Wasco,OR,West,Small town,100k-249k,23.0,9.7,25.4,16.5,18.7,22.9,78.0,73.3,67.6,5.6,13.2,13.4,2025
41027,Hood River,OR,West,Small town,<25k,31.9,12.5,30.8,16.1,17.8,27.6,69.5,61.5,64.1,11.6,16.2,17.0,2025
41029,Jackson,OR,West,Small town,<25k,22.8,7.6,29.7,11.4,16.9,22.3,75.7,73.4,73.8,7.7,14.8,15.2,2025
41031,Jefferson,OR,West,Rural,25k-99k,33.9,12.9,30.3,22.5,10.8,27.1,68.7,63.3,64.8,14.1,15.7,16.4,2025
41037,Lake,OR,West,Urban core,25k-99k,22.3,7.7,30.9,17.0,16.7,21.4,77.0,71.6,69.6,9.3,19.1,14.0,2025
41045,Malheur,OR,West,Urban core,<25k,26.1,10.0,31.0,10.9,18.5,14.8,74.1,70.7,71.3,7.8,18.1,16.5,2025
41049,Morrow,OR,West,Suburban,<25k,20.9,8.1,26.1,12.3,17.8,18.2,75.6,74.9,66.4,7.6,19.1,15.0,2025
41053,Polk,OR,West,Suburban,100k-249k,20.8,7.8,25.5,7.6,17.7,19.7,74.0,76.9,66.9,5.7,16.5,13.1,2025
41057,Tillamook,OR,West,Small town,<25k,25.2,10.3,24.3,14.7,17.2,21.3,73.5,68.1,59.8,9.6,11.3,21.0,2025
42009,Bedford,PA,Northeast,Suburban,<25k,26.2,10.0,27.4,8.9,20.0,21.3,76.6,78.0,71.9,4.5,14.0,12.9,2025
42011,Berks,PA,Northeast,Urban core,<25k,25.8,10.6,28.6,16.5,18.9,21.6,72.4,72.7,69.4,8.4,15.1,12.9,2025
42013,Blair,PA,Northeast,Small town,<25k,30.1,15.1,33.7,15.5,14.1,22.2,67.8,69.9,65.7,9.2,14.4,16.2,2025
42019,Butler,PA,Northeast,Suburban,<25k,36.3,14.5,30.6,15.2,11.8,23.2,78.8,69.3,69.6,9.0,15.5,16.7,2025
42021,Cambria,PA,Northeast,Rural,<25k,38.5,20.8,41.9,17.3,7.7,36.0,67.9,59.1,56.7,14.7,19.2,19.3,2025
42025,Carbon,PA,Northeast,Urban core,100k-249k,27.6,12.1,30.3,17.2,12.8,19.9,78.7,78.5,76.0,6.8,15.9,14.6,2025
42035,Clinton,PA,Northeast,Small town,100k-249k,31.3,17.8,34.8,19.2,15.3,24.8,70.4,69.4,64.3,10.9,17.7,18.0,2025
42037,Columbia,PA,Northeast,Small town,250k+,33.6,17.7,31.8,17.3,15.4,27.0,68.2,65.4,66.6,12.4,18.6,19.0,2025
42039,Crawford,PA,Northeast,Urban core,25k-99k,28.8,11.4,30.5,13.9,14.8,25.5,74.4,80.6,72.5,7.1,20.7,15.4,2025
42047,Elk,PA,Northeast,Rural,25k-99k,35.9,15.2,33.5,18.0,20.1,27.8,74.4,70.7,66.9,11.6,17.3,18.3,2025
42053,Forest,PA,Northeast,Rural,25k-99k,36.4,12.4,29.0,17.0,14.0,20.5,69.5,70.1,65.6,6.6,13.7,16.4,2025
42057,Fulton,PA,Northeast,Small town,<25k,29.1,9.1,27.6,14.0,14.3,20.5,76.0,74.4,68.4,4.3,14.3,15.8,2025
42063,Indiana,PA,Northeast,Urban core,250k+,46.1,19.9,41.4,23.0,16.5,27.0,67.7,68.7,63.4,19.7,23.4,24.7,2025
42065,Jefferson,PA,Northeast,Urban core,25k-99k,29.6,11.4,29.6,9.5,14.7,20.7,74.4,72.0,70.4,6.0,16.4,17.4,2025
42067,Juniata,PA,Northeast,Rural,<25k,29.9,11.9,29.1,15.0,18.4,26.3,76.2,72.5,72.6,3.5,7.8,14.5,2025
42069,Lackawanna,PA,Northeast,Urban core,250k+,26.8,12.5,31.9,14.0,17.9,23.8,73.5,75.3,66.4,7.6,19.3,14.6,2025
42073,Lawrence,PA,Northeast,Rural,25k-99k,27.5,13.7,32.2,15.4,17.5,28.4,67.8,66.0,62.3,10.9,16.4,17.9,2025
42075,Lebanon,PA,Northeast,Small town,25k-99k,27.2,11.9,29.8,14.0,16.2,26.9,74.5,69.3,65.1,4.0,11.6,18.2,2025
42077,Lehigh,PA,Northeast,Small town,25k-99k,27.7,10.6,24.8,15.5,14.6,24.8,71.2,69.1,73.0,7.7,13.2,19.9,2025
42079,Luzerne,PA,Northeast,Rural,<25k,33.5,12.2,32.0,22.5,7.2,24.5,67.4,69.5,62.1,9.6,18.3,19.3,2025
42001,Adams,PA,Northeast,Small town,100k-249k,25.1,13.7,30.5,16.1,15.8,21.4,74.3,66.8,70.0,5.1,13.4,17.3,2025
42003,Allegheny,PA,Northeast,Small town,250k+,26.4,12.4,27.0,12.2,19.1,22.1,72.3,69.3,64.0,9.2,12.2,17.4,2025
42005,Armstrong,PA,Northeast,Suburban,25k-99k,26.3,9.6,27.5,16.4,18.8,23.1,72.9,78.1,61.3,6.2,14.6,18.1,2025
42007,Beaver,PA,Northeast,Small town,100k-249k,29.5,12.4,31.4,15.5,17.2,24.4,73.9,71.1,65.6,8.8,13.6,16.2,2025
42015,Bradford,PA,Northeast,Urban core,<25k,27.1,18.9,33.2,16.2,16.8,24.2,74.6,71.5,65.7,13.7,20.3,22.7,2025
42017,Bucks,PA,Northeast,Urban core,250k+,18.5,8.0,22.4,11.8,18.5,14.5,76.9,73.3,75.4,6.9,13.8,12.7,2025
42027,Centre,PA,Northeast,Small town,<25k,35.8,14.3,31.9,17.1,15.8,27.0,69.9,70.6,65.4,11.6,20.8,16.8,2025
42029,Chester,PA,Northeast,Urban core,250k+,22.0,15.0,27.7,13.0,16.7,20.4,76.9,71.5,74.6,8.1,14.8,16.4,2025
42031,Clarion,PA,Northeast,Urban core,<25k,29.7,12.7,31.4,16.0,15.2,20.7,73.0,67.7,63.3,9.1,18.1,15.6,2025
42033,Clearfield,PA,Northeast,Small town,25k-99k,19.0,6.4,29.5,9.3,14.3,17.5,75.3,70.8,66.5,5.4,9.7,15.4,2025
42041,Cumberland,PA,Northeast,Rural,<25k,33.1,9.8,28.0,19.4,18.2,21.3,73.5,71.9,68.0,3.6,13.6,15.4,2025
42043,Dauphin,PA,Northeast,Rural,100k-249k,33.5,14.5,33.0,18.1,19.2,26.4,71.2,66.6,65.7,8.0,12.8,17.9,2025
42045,Delaware,PA,Northeast,Rural,100k-249k,33.7,12.8,32.8,19.4,18.1,27.0,69.6,70.1,61.2,4.7,13.5,20.7,2025
42049,Erie,PA,Northeast,Small town,<25k,23.6,13.1,29.2,10.0,18.7,21.6,72.4,78.1,66.6,7.2,18.3,17.0,2025
42051,Fayette,PA,Northeast,Urban core,25k-99k,26.2,10.9,29.0,16.1,18.3,24.5,73.1,77.8,72.4,9.0,11.5,17.5,2025
42055,Franklin,PA,Northeast,Rural,<25k,32.6,12.3,34.1,12.4,16.8,21.8,69.7,69.9,68.1,7.7,15.4,14.9,2025
42059,Greene,PA,Northeast,Urban core,25k-99k,15.0,4.0,20.4,6.1,23.2,11.1,80.5,80.9,77.0,1.6,11.9,8.1,2025
42061,Huntingdon,PA,Northeast,Urban core,100k-249k,27.3,14.3,33.3,14.1,15.5,17.3,73.8,76.4,71.2,8.8,16.6,14.5,2025
42071,Lancaster,PA,Northeast,Rural,25k-99k,32.1,14.1,25.0,12.5,16.5,26.1,71.6,68.9,69.1,7.8,15.8,16.2,2025
42083,McKean,PA,Northeast,Rural,100k-249k,16.7,8.9,23.3,11.9,15.0,19.9,75.4,75.4,68.7,2.7,13.9,12.2,2025
42089,Monroe,PA,Northeast,Urban core,100k-249k,21.5,6.6,23.8,12.4,15.7,15.2,78.4,75.5,73.4,2.5,17.8,10.6,2025
42091,Montgomery,PA,Northeast,Urban core,100k-249k,25.9,12.5,30.6,10.1,16.9,23.2,76.4,68.8,74.4,8.2,13.4,19.2,2025
42095,Northampton,PA,Northeast,Small town,25k-99k,30.4,14.9,30.8,16.1,14.4,23.9,72.6,69.3,68.2,10.1,19.7,15.4,2025
42097,Northumberland,PA,Northeast,Rural,25k-99k,32.5,11.1,27.3,21.6,16.1,19.6,73.6,71.9,68.1,3.9,13.3,18.1,2025
42099,Perry,PA,Northeast,Suburban,<25k,23.8,10.6,32.9,11.2,16.1,20.5,76.2,73.2,70.4,9.3,12.2,15.4,2025
42101,Philadelphia,PA,Northeast,Urban core,250k+,28.7,14.4,31.8,12.3,17.1,20.1,76.3,69.9,65.8,9.6,19.9,15.9,2025
42103,Pike,PA,Northeast,Small town,<25k,27.5,12.9,32.4,12.0,15.7,23.2,78.4,68.5,68.2,7.8,14.4,14.8,2025
42111,Somerset,PA,Northeast,Urban core,25k-99k,22.3,13.3,30.1,16.3,14.2,19.8,79.2,71.8,75.2,5.7,13.1,14.0,2025
42123,Warren,PA,Northeast,Urban core,<25k,24.8,9.1,22.5,8.2,20.4,22.6,79.1,78.3,67.9,1.9,11.9,13.8,2025
42125,Washington,PA,Northeast,Small town,<25k,31.4,10.8,30.5,11.2,15.3,27.4,72.9,76.0,67.8,2.4,17.5,16.6,2025
42127,Wayne,PA,Northeast,Rural,<25k,29.9,10.6,29.5,14.2,13.5,25.5,71.9,68.4,62.7,9.6,11.7,17.1,2025
42129,Westmoreland,PA,Northeast,Rural,100k-249k,18.8,7.4,25.9,13.3,14.1,20.7,73.7,73.0,67.5,5.6,12.5,12.8,2025
42133,York,PA,Northeast,Urban core,100k-249k,19.8,6.2,27.2,7.1,18.0,16.2,81.6,83.5,69.3,6.3,11.2,8.5,2025
42081,Lycoming,PA,Northeast,Suburban,<25k,23.9,10.7,27.4,9.6,15.6,18.6,77.4,74.1,71.7,4.2,18.2,12.8,2025
42085,Mercer,PA,Northeast,Suburban,100k-249k,37.4,19.8,36.8,19.1,11.1,30.7,69.2,71.1,62.4,9.4,19.9,22.1,2025
42087,Mifflin,PA,Northeast,Urban core,25k-99k,15.0,6.4,25.8,11.2,19.1,16.9,77.9,78.2,75.3,1.5,13.8,11.1,2025
42093,Montour,PA,Northeast,Small town,250k+,29.2,12.1,32.0,20.2,14.9,25.3,71.1,74.7,65.1,7.6,18.2,18.4,2025
42105,Potter,PA,Northeast,Rural,<25k,33.3,11.0,34.8,20.3,23.2,26.1,74.9,67.1,66.1,11.7,16.8,19.7,2025
42107,Schuylkill,PA,Northeast,Suburban,25k-99k,28.3,12.8,32.5,12.7,16.1,22.7,72.0,70.3,67.9,4.6,14.6,18.1,2025
42109,Snyder,PA,Northeast,Urban core,<25k,28.4,12.6,29.9,13.6,18.6,18.8,78.8,72.3,70.2,6.0,17.3,10.6,2025
42023,Cameron,PA,Northeast,Urban core,250k+,25.4,12.2,32.8,10.0,17.3,24.9,76.7,69.5,70.2,9.0,15.0,14.0,2025
42113,Sullivan,PA,Northeast,Small town,25k-99k,28.5,13.5,32.1,14.5,16.4,28.4,73.5,70.3,69.1,11.7,17.6,17.8,2025
42115,Susquehanna,PA,Northeast,Small town,<25k,31.1,13.4,27.5,16.2,12.5,22.4,73.6,73.0,63.2,2.6,13.8,19.0,2025
42117,Tioga,PA,Northeast,Suburban,<25k,16.2,6.7,25.1,12.7,16.7,18.2,72.9,77.2,69.8,4.9,11.5,11.3,2025
42119,Union,PA,Northeast,Rural,<25k,26.4,6.6,29.4,14.3,15.6,22.8,75.9,71.9,65.3,3.8,13.7,13.3,2025
42121,Venango,PA,Northeast,Urban core,100k-249k,27.3,11.1,31.6,16.4,17.3,20.5,77.4,74.3,67.9,9.6,14.5,15.1,2025
42131,Wyoming,PA,Northeast,Rural,<25k,23.1,8.5,25.2,16.7,18.9,20.5,72.8,67.6,67.9,5.1,11.4,16.7,2025
44001,Bristol,RI,Northeast,Small town,<25k,29.5,10.8,29.8,9.7,14.8,21.9,74.2,70.9,73.4,8.1,13.1,20.0,2025
44003,Kent,RI,Northeast,Small town,250k+,29.1,12.6,30.8,15.7,14.3,23.2,67.7,67.3,68.2,6.6,15.7,18.0,2025
44005,Newport,RI,Northeast,Urban core,250k+,30.4,11.5,32.6,15.9,18.7,20.8,71.4,72.1,67.9,9.1,16.5,15.2,2025
44007,Providence,RI,Northeast,Rural,<25k,29.9,11.3,29.8,14.3,14.3,28.1,70.3,71.1,68.0,9.0,12.3,21.2,2025
44009,Washington,RI,Northeast,Urban core,250k+,15.0,6.9,23.5,9.9,16.6,15.4,79.9,78.2,74.5,6.6,17.9,11.8,2025
45021,Cherokee,SC,South,Rural,<25k,31.7,8.8,28.9,19.4,14.5,28.1,69.5,70.0,64.5,4.3,13.5,16.2,2025
45033,Dillon,SC,South,Urban core,100k-249k,32.1,16.4,33.5,18.4,12.7,26.1,72.2,70.6,63.6,11.3,19.2,18.5,2025
45037,Edgefield,SC,South,Rural,25k-99k,31.7,12.4,32.6,16.2,14.7,22.2,70.0,70.4,62.5,13.1,12.7,17.0,2025
45039,Fairfield,SC,South,Small town,25k-99k,32.8,12.3,34.5,18.8,14.5,26.4,69.0,66.1,62.9,8.0,14.8,22.1,2025
45047,Greenwood,SC,South,Rural,25k-99k,37.5,15.9,30.7,19.2,10.6,26.8,70.0,70.0,58.6,13.5,12.8,17.2,2025
45055,Kershaw,SC,South,Suburban,250k+,45.0,21.9,38.7,21.9,13.1,32.0,67.9,69.1,59.3,15.9,19.6,21.8,2025
45059,Laurens,SC,South,Rural,<25k,41.0,16.6,34.1,21.4,15.3,29.6,64.9,67.8,64.4,16.3,18.2,22.6,2025
45065,McCormick,SC,South,Small town,250k+,35.7,14.2,33.8,16.4,19.6,30.1,71.6,69.0,61.1,16.1,15.9,17.9,2025
45069,Marlboro,SC,South,Rural,<25k,30.7,11.7,29.4,17.2,14.5,26.8,65.6,71.3,61.6,8.4,12.8,15.9,2025
45075,Orangeburg,SC,South,Small town,100k-249k,42.6,19.1,37.5,24.8,9.5,29.5,67.4,72.9,59.8,17.0,16.9,22.1,2025
45079,Richland,SC,South,Suburban,250k+,33.6,12.8,26.6,13.8,18.5,27.2,73.0,66.5,61.6,10.7,18.5,12.1,2025
45081,Saluda,SC,South,Urban core,<25k,33.4,15.3,32.6,15.4,9.9,27.6,77.1,74.3,67.3,7.9,21.4,16.6,2025
45091,York,SC,South,Urban core,250k+,26.8,13.3,30.9,16.8,12.9,25.7,72.3,73.5,63.6,12.6,18.4,16.3,2025
45023,Chester,SC,South,Small town,25k-99k,24.9,15.2,30.7,17.1,16.0,21.3,73.1,68.0,67.7,7.8,12.2,14.2,2025
45001,Abbeville,SC,South,Small town,<25k,42.1,20.3,37.1,19.9,13.5,27.7,70.9,63.5,59.9,19.0,14.7,21.4,2025
45003,Aiken,SC,South,Small town,250k+,35.5,12.6,32.8,19.5,16.8,22.4,68.5,71.0,67.1,13.9,17.0,15.9,2025
45005,Allendale,SC,South,Small town,<25k,38.0,15.1,32.8,17.6,15.1,23.8,70.9,66.4,61.7,13.8,15.9,22.8,2025
45007,Anderson,SC,South,Rural,100k-249k,37.2,15.6,33.4,21.1,15.2,31.2,69.1,66.9,58.0,12.6,13.2,22.0,2025
45009,Bamberg,SC,South,Rural,100k-249k,30.6,8.6,24.8,11.2,17.5,22.3,72.2,67.4,59.2,6.2,14.1,14.7,2025
45011,Barnwell,SC,South,Rural,<25k,38.4,15.2,31.7,18.2,14.6,28.0,72.8,67.9,64.7,10.3,18.7,19.9,2025
45013,Beaufort,SC,South,Rural,25k-99k,37.9,16.6,31.1,16.9,16.7,29.5,67.3,60.3,61.2,14.8,13.0,19.3,2025
45015,Berkeley,SC,South,Rural,25k-99k,32.0,10.6,29.5,20.2,16.2,25.7,68.0,70.4,70.8,5.0,13.0,19.9,2025
45017,Calhoun,SC,South,Suburban,100k-249k,36.7,19.8,43.2,23.3,12.9,30.9,68.8,65.6,61.1,18.0,16.6,20.5,2025
45019,Charleston,SC,South,Urban core,100k-249k,37.4,18.7,34.3,19.9,12.2,26.0,69.4,69.3,65.2,15.2,17.4,23.5,2025
45025,Chesterfield,SC,South,Suburban,250k+,36.8,15.5,36.2,16.1,17.7,23.9,73.9,72.2,62.1,13.3,19.7,19.3,2025
45027,Clarendon,SC,South,Rural,<25k,35.9,15.4,34.5,21.7,13.7,27.2,69.4,66.7,60.3,19.2,17.1,24.0,2025
45029,Colleton,SC,South,Small town,100k-249k,36.5,14.9,31.2,12.4,15.9,25.8,69.4,75.4,64.5,9.3,20.1,20.2,2025
45031,Darlington,SC,South,Urban core,250k+,32.7,15.8,36.1,15.8,13.2,23.5,72.4,69.4,62.2,13.1,14.0,18.3,2025
45035,Dorchester,SC,South,Suburban,100k-249k,25.4,14.0,27.8,17.8,12.8,23.3,72.0,71.3,69.3,9.4,17.5,15.4,2025
45041,Florence,SC,South,Small town,100k-249k,41.9,20.7,41.2,23.6,13.9,33.3,67.1,68.2,62.7,21.2,21.2,24.8,2025
45043,Georgetown,SC,South,Rural,25k-99k,33.2,17.0,33.6,17.2,13.3,27.4,72.2,69.8,62.2,14.4,14.5,22.6,2025
45045,Greenville,SC,South,Rural,<25k,26.3,9.2,25.6,16.7,15.3,21.7,72.6,72.6,60.6,10.7,12.7,10.8,2025
45049,Hampton,SC,South,Rural,250k+,35.6,19.2,32.3,19.6,12.7,33.0,67.7,69.3,67.6,10.6,17.7,17.0,2025
45051,Horry,SC,South,Suburban,25k-99k,35.7,13.1,33.9,18.0,17.4,25.1,72.0,73.2,65.0,11.2,19.0,21.6,2025
45053,Jasper,SC,South,Urban core,<25k,31.1,13.8,34.2,12.9,11.0,18.8,71.7,71.1,68.4,8.5,16.7,12.5,2025
45057,Lancaster,SC,South,Urban core,25k-99k,25.0,15.9,27.5,11.0,16.7,19.8,74.4,71.0,69.2,8.1,9.6,18.6,2025
45061,Lee,SC,South,Small town,<25k,39.7,15.1,32.4,19.9,12.6,23.1,71.8,65.9,58.6,14.4,16.9,19.2,2025
45063,Lexington,SC,South,Suburban,100k-249k,36.7,16.3,39.6,19.0,14.3,26.7,68.0,67.0,63.1,15.2,18.1,18.0,2025
45067,Marion,SC,South,Suburban,25k-99k,35.6,14.8,29.0,19.6,19.8,22.9,74.4,74.9,66.4,12.2,15.5,14.8,2025
45071,Newberry,SC,South,Suburban,100k-249k,16.7,13.9,25.0,9.7,15.1,24.3,75.4,71.5,69.6,8.9,20.2,14.7,2025
45073,Oconee,SC,South,Suburban,250k+,29.3,13.3,31.3,15.2,19.4,21.3,75.6,73.9,72.0,10.4,11.1,17.2,2025
45077,Pickens,SC,South,Suburban,<25k,37.5,17.1,33.6,16.8,15.2,27.6,70.3,66.5,61.8,16.2,20.1,18.6,2025
45083,Spartanburg,SC,South,Suburban,250k+,44.9,18.8,36.8,21.7,14.6,30.3,69.2,66.3,64.3,15.3,19.7,20.0,2025
45085,Sumter,SC,South,Small town,<25k,27.4,10.6,24.5,14.3,14.6,22.5,71.3,70.6,65.2,9.6,13.3,17.6,2025
45087,Union,SC,South,Urban core,100k-249k,36.5,15.1,32.3,21.2,15.3,24.0,69.5,73.3,65.2,13.9,20.2,19.7,2025
45089,Williamsburg,SC,South,Small town,<25k,45.2,20.4,37.3,23.6,10.0,32.0,62.6,67.8,55.8,17.4,20.6,21.8,2025
46013,Brown,SD,Midwest,Suburban,250k+,30.7,17.9,35.0,12.8,19.3,27.9,72.0,73.3,65.0,9.4,17.8,15.7,2025
46015,Brule,SD,Midwest,Urban core,25k-99k,29.6,12.3,28.5,15.0,17.5,17.5,69.5,73.3,62.3,11.3,15.6,17.7,2025
46019,Butte,SD,Midwest,Urban core,250k+,26.6,10.1,30.3,12.3,20.4,20.2,75.1,77.5,71.4,5.9,16.0,13.5,2025
46021,Campbell,SD,Midwest,Urban core,100k-249k,34.7,13.8,35.0,13.7,17.5,22.8,71.9,71.6,67.5,11.7,14.8,18.8,2025
46025,Clark,SD,Midwest,Urban core,25k-99k,35.1,13.2,32.9,10.7,16.6,22.8,71.0,70.2,70.3,8.8,16.7,15.8,2025
46027,Clay,SD,Midwest,Suburban,100k-249k,30.6,9.5,31.4,9.7,12.0,20.9,71.1,72.3,64.2,4.9,11.5,14.8,2025
46029,Codington,SD,Midwest,Rural,<25k,37.1,11.3,28.8,12.2,17.1,25.4,70.2,67.9,65.7,7.5,14.8,19.5,2025
46031,Corson,SD,Midwest,Urban core,25k-99k,38.6,19.1,37.9,19.3,17.8,27.2,68.4,60.1,62.0,12.2,19.9,22.1,2025
46033,Custer,SD,Midwest,Small town,<25k,40.6,17.9,36.4,17.0,15.4,25.5,69.7,63.2,65.3,15.1,18.4,20.3,2025
46037,Day,SD,Midwest,Rural,<25k,31.7,11.9,34.2,19.0,11.5,25.9,68.7,63.0,60.6,11.4,10.4,20.8,2025
46039,Deuel,SD,Midwest,Urban core,<25k,32.4,16.3,36.4,16.0,14.4,23.6,69.1,71.1,58.2,14.3,17.6,19.8,2025
46043,Douglas,SD,Midwest,Suburban,100k-249k,27.1,15.2,30.2,11.8,20.7,24.0,71.5,76.4,72.9,8.8,10.7,13.8,2025
46045,Edmunds,SD,Midwest,Urban core,25k-99k,36.5,14.2,34.6,16.4,22.6,24.8,71.8,68.6,60.4,15.1,21.8,23.6,2025
46047,Fall River,SD,Midwest,Suburban,250k+,30.6,14.9,30.1,17.5,13.8,25.5,73.4,71.8,67.4,9.3,16.0,17.5,2025
46049,Faulk,SD,Midwest,Small town,<25k,31.6,12.7,30.7,14.5,17.9,24.9,72.9,74.7,64.2,9.0,14.8,14.2,2025
46051,Grant,SD,Midwest,Suburban,100k-249k,34.7,12.2,32.2,19.6,15.4,26.1,69.5,66.7,62.7,10.7,15.6,17.2,2025
46053,Gregory,SD,Midwest,Small town,<25k,30.5,12.8,28.6,15.3,17.3,22.7,71.3,70.0,62.1,8.1,12.4,16.1,2025
46059,Hand,SD,Midwest,Rural,<25k,40.7,16.0,38.4,22.5,15.4,28.0,67.5,69.6,63.5,10.9,16.4,20.1,2025
46061,Hanson,SD,Midwest,Suburban,<25k,29.8,19.0,37.0,18.1,13.5,26.0,71.3,67.8,64.2,8.1,19.1,20.2,2025
46063,Harding,SD,Midwest,Small town,100k-249k,38.0,18.4,36.1,17.0,12.5,30.3,71.4,69.2,69.6,14.6,18.5,15.2,2025
46065,Hughes,SD,Midwest,Urban core,100k-249k,22.1,6.1,28.2,9.7,21.5,19.6,75.2,81.3,76.2,3.4,16.9,10.1,2025
46067,Hutchinson,SD,Midwest,Rural,100k-249k,37.5,14.8,33.2,20.4,15.7,25.2,69.2,68.5,64.6,10.1,13.3,17.9,2025
46071,Jackson,SD,Midwest,Urban core,100k-249k,23.2,9.1,26.0,13.6,18.8,12.5,76.6,81.5,74.3,4.8,12.2,10.1,2025
46073,Jerauld,SD,Midwest,Rural,<25k,27.7,13.7,31.0,21.0,13.9,23.6,72.5,71.3,62.5,11.7,17.2,17.2,2025
46077,Kingsbury,SD,Midwest,Suburban,250k+,33.1,16.4,31.0,17.8,16.4,24.0,74.4,68.4,66.3,10.7,17.7,21.6,2025
46079,Lake,SD,Midwest,Urban core,250k+,34.1,17.5,36.5,23.6,16.6,24.4,67.1,70.1,64.9,16.7,23.9,21.4,2025
46081,Lawrence,SD,Midwest,Suburban,25k-99k,29.9,12.8,29.2,10.3,19.5,18.5,72.1,75.2,71.6,7.7,16.1,11.7,2025
46083,Lincoln,SD,Midwest,Suburban,250k+,19.3,11.5,29.1,12.9,17.6,20.9,73.2,74.6,70.9,7.0,16.5,13.9,2025
46003,Aurora,SD,Midwest,Urban core,25k-99k,22.5,11.5,25.0,9.5,15.6,15.5,72.3,79.8,69.7,7.5,12.8,17.2,2025
46005,Beadle,SD,Midwest,Rural,25k-99k,25.9,12.5,33.0,19.3,16.5,24.0,69.4,73.2,60.0,10.0,17.2,16.6,2025
46007,Bennett,SD,Midwest,Urban core,250k+,32.2,15.1,33.4,18.0,15.7,22.4,72.5,73.3,65.3,11.5,15.9,16.5,2025
46009,Bon Homme,SD,Midwest,Urban core,250k+,29.6,16.7,30.4,19.2,18.2,20.5,71.4,70.3,65.2,10.1,21.4,19.6,2025
46011,Brookings,SD,Midwest,Rural,100k-249k,32.9,14.5,33.5,15.3,17.1,27.5,69.0,65.1,58.0,7.3,12.4,20.6,2025
46017,Buffalo,SD,Midwest,Suburban,<25k,29.0,16.5,34.6,17.7,16.0,26.0,68.7,70.7,70.7,7.6,16.4,15.7,2025
46023,Charles Mix,SD,Midwest,Suburban,250k+,22.9,10.2,29.7,15.9,17.3,23.6,71.4,74.3,69.0,8.6,17.4,17.3,2025
46035,Davison,SD,Midwest,Suburban,100k-249k,37.7,19.0,37.7,19.1,13.2,24.5,69.5,68.0,63.4,13.0,19.2,21.6,2025
46041,Dewey,SD,Midwest,Small town,25k-99k,18.8,5.2,25.2,18.6,16.0,18.8,76.1,75.7,70.2,1.5,9.9,12.0,2025
46055,Haakon,SD,Midwest,Small town,<25k,33.4,12.4,29.7,14.3,15.4,19.2,75.8,76.5,66.4,9.8,15.6,14.1,2025
46069,Hyde,SD,Midwest,Rural,<25k,27.9,10.3,29.3,19.6,16.2,24.4,66.0,66.4,59.5,11.8,13.8,19.4,2025
46075,Jones,SD,Midwest,Small town,<25k,24.0,9.8,30.1,12.3,15.1,23.0,73.5,74.8,70.4,9.9,13.3,16.3,2025
46085,Lyman,SD,Midwest,Small town,100k-249k,22.6,12.8,27.5,12.6,15.0,21.8,72.0,73.2,64.3,6.5,11.9,12.2,2025
46093,Meade,SD,Midwest,Small town,250k+,31.2,15.5,33.0,20.1,12.2,28.0,68.7,67.5,65.6,12.2,16.5,17.9,2025
46095,Mellette,SD,Midwest,Small town,250k+,34.1,11.2,32.6,16.1,16.6,25.2,73.9,66.4,66.9,12.6,18.7,16.7,2025
46103,Pennington,SD,Midwest,Suburban,100k-249k,33.7,15.6,28.0,16.8,19.9,24.5,71.4,70.4,58.3,7.8,18.5,18.1,2025
46111,Sanborn,SD,Midwest,Rural,25k-99k,43.2,18.2,37.5,23.1,13.8,32.5,65.5,64.7,61.4,13.7,22.3,25.5,2025
46117,Stanley,SD,Midwest,Urban core,25k-99k,27.6,13.1,29.5,15.6,14.7,24.0,73.7,70.8,67.4,8.2,16.4,16.3,2025
46123,Tripp,SD,Midwest,Small town,100k-249k,33.9,13.8,29.9,18.4,13.1,23.2,69.0,69.8,62.5,14.7,16.2,17.2,2025
46125,Turner,SD,Midwest,Urban core,25k-99k,28.4,15.2,31.4,19.7,10.7,25.0,70.7,67.5,68.0,12.7,19.4,18.4,2025
46137,Ziebach,SD,Midwest,Small town,<25k,29.2,13.6,29.8,16.5,15.2,24.8,69.9,69.3,62.3,8.5,8.4,20.2,2025
46109,Roberts,SD,Midwest,Suburban,100k-249k,24.5,12.7,30.9,18.6,15.1,23.6,71.4,70.5,69.9,6.6,16.2,14.4,2025
46113,Shannon,SD,Midwest,Rural,100k-249k,41.2,20.9,35.9,20.6,13.7,33.4,64.4,64.1,55.7,14.4,17.8,19.7,2025
46115,Spink,SD,Midwest,Urban core,<25k,29.8,14.3,32.9,16.7,19.4,23.5,70.8,71.4,64.9,11.8,13.2,13.9,2025
46119,Sully,SD,Midwest,Rural,25k-99k,35.2,9.6,27.0,17.2,14.1,25.1,70.3,70.5,64.5,7.9,14.6,19.8,2025
46121,Todd,SD,Midwest,Urban core,<25k,28.5,16.0,36.2,14.8,15.9,26.9,71.0,70.7,65.4,15.1,16.9,20.9,2025
46127,Union,SD,Midwest,Rural,<25k,34.1,11.0,30.9,19.7,16.7,24.0,75.2,64.7,68.3,6.4,19.3,17.9,2025
46129,Walworth,SD,Midwest,Rural,25k-99k,35.6,11.7,31.2,16.2,12.7,27.9,66.5,71.8,64.6,7.3,9.4,18.1,2025
46135,Yankton,SD,Midwest,Small town,<25k,21.4,9.5,25.3,11.8,14.2,20.3,72.6,75.8,60.6,2.8,17.0,11.1,2025
46057,Hamlin,SD,Midwest,Urban core,100k-249k,29.1,10.9,27.4,10.4,19.3,15.8,75.1,78.2,72.9,10.8,19.3,12.4,2025
46087,McCook,SD,Midwest,Urban core,250k+,31.0,11.4,28.2,12.3,24.4,26.7,74.8,73.3,68.4,6.8,16.6,15.6,2025
46089,McPherson,SD,Midwest,Suburban,100k-249k,31.0,16.2,31.2,18.4,16.2,26.3,71.8,74.5,63.4,9.5,18.6,14.9,2025
46091,Marshall,SD,Midwest,Small town,<25k,30.4,14.1,35.5,17.6,11.7,20.2,66.7,69.1,58.5,12.1,15.8,13.9,2025
46097,Miner,SD,Midwest,Small town,250k+,31.3,13.8,31.1,16.5,14.5,23.4,67.1,66.9,70.0,10.1,16.0,15.2,2025
46099,Minnehaha,SD,Midwest,Small town,25k-99k,39.5,16.3,32.7,21.4,14.6,27.3,70.7,62.6,65.8,13.4,12.5,20.7,2025
46101,Moody,SD,Midwest,Suburban,100k-249k,29.0,9.7,27.3,9.4,16.2,22.3,70.7,79.2,72.3,9.6,14.8,14.9,2025
46105,Perkins,SD,Midwest,Small town,25k-99k,38.2,13.6,31.2,19.9,15.6,29.1,70.6,69.7,63.1,8.8,10.2,20.1,2025
46107,Potter,SD,Midwest,Urban core,100k-249k,28.4,14.8,33.6,12.9,9.6,25.6,68.8,66.4,69.3,5.4,14.8,18.3,2025
47067,Hancock,TN,South,Rural,<25k,33.9,11.2,33.6,15.9,12.5,26.8,66.6,68.9,63.0,10.7,14.3,15.9,2025
47071,Hardin,TN,South,Urban core,25k-99k,38.6,23.1,37.4,20.2,15.4,28.8,75.9,65.7,57.2,18.2,19.8,18.7,2025
47075,Haywood,TN,South,Suburban,250k+,26.4,12.1,30.2,16.6,19.1,19.8,70.4,67.1,62.9,8.8,18.6,16.1,2025
47077,Henderson,TN,South,Rural,250k+,26.0,11.8,23.6,15.2,13.3,20.7,75.9,72.2,67.1,7.0,15.4,12.5,2025
47083,Houston,TN,South,Rural,<25k,44.3,18.8,32.2,19.0,11.6,28.6,68.7,68.3,58.6,15.5,15.1,22.4,2025
47001,Anderson,TN,South,Rural,<25k,35.6,13.3,31.1,20.7,14.8,23.5,70.1,71.1,62.7,9.4,12.1,20.1,2025
47003,Bedford,TN,South,Small town,<25k,25.6,15.0,29.7,16.4,15.7,26.3,74.1,74.6,59.8,11.7,13.7,17.7,2025
47005,Benton,TN,South,Rural,25k-99k,25.5,11.2,30.4,16.9,12.5,27.6,73.1,76.0,65.8,9.4,11.8,18.4,2025
47009,Blount,TN,South,Small town,250k+,33.3,18.2,29.8,16.4,13.3,21.6,70.7,65.5,61.9,11.2,13.7,13.2,2025
47013,Campbell,TN,South,Suburban,100k-249k,33.5,16.8,34.8,13.3,14.5,29.3,70.4,68.4,63.2,9.3,19.5,17.9,2025
47019,Carter,TN,South,Rural,<25k,44.8,18.2,32.6,26.6,13.2,31.9,66.7,70.4,61.1,13.7,8.2,23.3,2025
47021,Cheatham,TN,South,Rural,<25k,28.9,12.5,28.7,17.6,12.4,27.1,71.2,68.4,65.2,8.6,9.8,14.9,2025
47025,Claiborne,TN,South,Small town,100k-249k,41.7,23.1,40.6,17.0,16.6,29.9,64.6,67.8,59.0,21.4,21.0,18.4,2025
47029,Cocke,TN,South,Rural,<25k,23.7,4.8,25.9,10.2,21.4,15.2,75.5,72.5,67.8,5.1,9.7,9.5,2025
47031,Coffee,TN,South,Suburban,100k-249k,20.4,9.6,25.8,10.6,14.1,20.3,67.5,74.9,69.1,6.0,15.4,11.3,2025
47033,Crockett,TN,South,Rural,100k-249k,33.5,12.6,26.9,14.0,16.8,22.4,71.1,71.9,71.0,8.5,11.4,16.9,2025
47035,Cumberland,TN,South,Small town,25k-99k,37.8,18.8,37.3,18.6,12.9,26.7,67.2,67.6,60.6,14.5,17.1,21.8,2025
47037,Davidson,TN,South,Small town,<25k,35.3,17.2,32.2,25.3,10.3,29.9,70.8,63.5,62.0,14.8,16.5,22.6,2025
47041,DeKalb,TN,South,Urban core,<25k,30.9,15.1,32.1,12.7,21.0,22.1,71.0,69.1,63.7,6.4,15.7,15.3,2025
47049,Fentress,TN,South,Rural,<25k,42.5,18.0,38.7,21.9,12.3,34.3,66.9,62.6,63.7,17.1,19.0,26.3,2025
47053,Gibson,TN,South,Suburban,100k-249k,33.3,14.7,29.5,17.0,19.8,23.8,76.1,70.5,67.1,12.2,17.0,17.5,2025
47055,Giles,TN,South,Rural,25k-99k,26.9,11.8,25.3,11.3,8.8,22.5,74.9,74.0,64.9,11.3,13.1,12.1,2025
47057,Grainger,TN,South,Suburban,100k-249k,24.0,6.9,25.0,8.2,16.2,18.3,75.0,79.7,70.2,2.1,14.7,10.1,2025
47059,Greene,TN,South,Small town,250k+,40.6,20.1,34.6,22.9,16.2,32.4,71.0,65.8,60.0,13.1,18.7,23.5,2025
47063,Hamblen,TN,South,Small town,25k-99k,32.3,14.7,32.6,19.2,17.3,24.7,68.1,71.9,60.5,11.7,15.0,14.8,2025
47065,Hamilton,TN,South,Urban core,<25k,22.2,12.5,24.6,10.4,15.6,17.4,73.9,75.1,72.3,9.9,15.7,15.4,2025
47069,Hardeman,TN,South,Rural,100k-249k,30.7,11.2,26.8,12.1,16.8,22.9,71.2,67.3,67.0,10.1,12.8,14.0,2025
47073,Hawkins,TN,South,Small town,100k-249k,47.7,24.0,40.0,27.6,10.3,34.4,64.8,61.6,61.3,20.4,22.7,21.9,2025
47079,Henry,TN,South,Rural,<25k,33.5,13.2,32.0,22.0,21.0,31.5,65.3,68.3,62.0,13.5,17.0,20.6,2025
47081,Hickman,TN,South,Rural,250k+,38.1,12.1,29.4,17.2,14.7,24.4,69.5,69.8,65.9,11.0,14.7,16.9,2025
47085,Humphreys,TN,South,Urban core,250k+,31.6,18.0,36.0,18.3,15.0,27.6,70.4,68.4,62.1,15.1,22.7,20.2,2025
47089,Jefferson,TN,South,Suburban,<25k,31.8,16.3,30.2,15.5,17.1,19.9,72.0,73.4,67.4,7.7,15.8,18.1,2025
47091,Johnson,TN,South,Rural,25k-99k,35.5,19.4,33.5,15.3,17.1,24.5,66.8,70.5,67.4,13.4,16.1,19.3,2025
47093,Knox,TN,South,Rural,<25k,33.6,12.8,32.7,12.4,16.0,24.2,72.5,64.4,66.8,8.7,8.6,13.8,2025
47097,Lauderdale,TN,South,Small town,<25k,35.3,17.4,33.3,16.8,16.7,30.5,70.4,69.0,52.1,14.7,20.5,21.6,2025
47105,Loudon,TN,South,Rural,25k-99k,31.6,14.5,33.2,16.1,16.5,23.9,71.0,65.4,63.6,13.1,15.6,18.3,2025
47107,McMinn,TN,South,Rural,<25k,38.6,19.2,36.8,23.1,16.9,31.8,74.6,65.5,73.4,16.0,19.1,17.4,2025
47117,Marshall,TN,South,Rural,100k-249k,32.6,16.7,32.2,17.8,17.6,28.5,69.1,67.8,62.8,15.4,16.2,15.7,2025
47119,Maury,TN,South,Rural,100k-249k,37.2,19.3,35.2,16.6,14.2,22.0,68.0,61.3,55.1,12.1,15.3,20.6,2025
47121,Meigs,TN,South,Small town,25k-99k,35.9,14.1,33.4,16.1,12.4,28.9,72.2,64.3,58.5,13.2,16.5,18.2,2025
47123,Monroe,TN,South,Rural,25k-99k,39.1,17.9,36.4,21.5,18.1,30.7,67.5,68.5,62.1,12.0,16.7,23.5,2025
47127,Moore,TN,South,Urban core,250k+,33.6,12.7,30.2,12.0,19.2,22.8,74.7,74.6,60.6,11.5,17.5,17.7,2025
47129,Morgan,TN,South,Rural,25k-99k,38.8,17.4,30.9,17.6,12.8,29.8,65.9,70.3,68.4,17.5,14.9,20.5,2025
47135,Perry,TN,South,Suburban,<25k,32.3,15.9,33.3,14.5,13.6,22.8,69.3,76.5,64.3,12.3,13.5,15.4,2025
47141,Putnam,TN,South,Rural,<25k,37.9,17.6,32.6,20.0,13.6,28.3,68.8,58.0,55.0,8.9,14.7,21.2,2025
47143,Rhea,TN,South,Small town,<25k,32.4,18.0,34.5,20.2,15.2,28.5,73.1,66.6,62.0,17.4,17.8,19.6,2025
47145,Roane,TN,South,Urban core,<25k,29.7,13.7,29.9,13.6,16.1,19.7,73.1,74.9,68.0,8.6,13.7,13.0,2025
47149,Rutherford,TN,South,Small town,100k-249k,29.4,10.4,24.6,15.5,14.4,18.8,72.8,71.3,65.7,11.7,18.3,19.4,2025
47151,Scott,TN,South,Suburban,250k+,33.0,16.5,31.0,21.7,11.3,28.7,71.1,73.7,69.0,18.0,19.8,22.4,2025
47155,Sevier,TN,South,Rural,<25k,32.6,17.1,32.0,18.0,13.9,29.0,66.3,67.4,60.1,14.1,14.6,17.0,2025
47159,Smith,TN,South,Rural,<25k,41.6,18.9,37.9,24.7,12.9,31.8,66.2,65.1,60.8,12.5,18.9,24.2,2025
47163,Sullivan,TN,South,Suburban,25k-99k,27.3,11.1,32.3,16.3,16.1,24.5,70.1,72.9,63.5,12.7,12.5,13.1,2025
47165,Sumner,TN,South,Small town,250k+,30.9,14.2,29.6,17.4,17.2,24.2,72.2,73.2,63.8,10.4,13.4,16.8,2025
47167,Tipton,TN,South,Small town,100k-249k,24.6,15.8,28.0,14.4,14.3,20.8,71.3,69.7,67.3,8.4,18.0,14.3,2025
47183,Weakley,TN,South,Rural,25k-99k,30.3,13.9,30.3,16.1,17.0,28.6,68.0,67.5,58.5,10.8,12.4,20.3,2025
47185,White,TN,South,Suburban,250k+,38.6,17.2,35.0,15.5,17.3,30.5,73.5,73.7,69.7,10.7,14.5,15.4,2025
47187,Williamson,TN,South,Rural,<25k,41.0,17.0,33.2,19.2,15.2,25.7,69.1,69.1,66.3,15.6,18.7,22.8,2025
47189,Wilson,TN,South,Suburban,250k+,31.3,16.6,36.8,19.3,18.2,25.6,68.6,67.9,68.0,12.1,17.3,18.8,2025
47007,Bledsoe,TN,South,Rural,<25k,34.5,15.2,33.5,18.7,16.5,28.2,69.0,62.8,66.4,11.0,12.7,20.9,2025
47011,Bradley,TN,South,Rural,250k+,33.9,13.2,33.8,16.4,15.5,25.1,69.4,65.9,70.5,13.1,13.5,17.7,2025
47015,Cannon,TN,South,Rural,100k-249k,36.4,19.4,36.3,19.9,11.5,30.2,65.9,68.0,58.3,15.0,20.6,22.4,2025
47017,Carroll,TN,South,Small town,25k-99k,38.1,17.2,33.6,16.6,15.8,28.0,70.9,65.3,63.8,13.4,15.1,20.0,2025
47023,Chester,TN,South,Rural,100k-249k,42.8,19.6,36.5,21.4,12.1,28.6,67.0,71.9,62.5,14.4,13.8,21.2,2025
47027,Clay,TN,South,Rural,<25k,30.2,13.6,32.5,16.6,17.8,27.8,71.3,70.9,61.9,6.4,11.9,15.9,2025
47039,Decatur,TN,South,Suburban,100k-249k,40.0,23.1,40.7,24.9,15.1,31.6,69.6,68.3,59.0,17.3,20.7,23.7,2025
47043,Dickson,TN,South,Urban core,250k+,35.2,18.5,34.6,14.4,13.6,27.0,77.2,65.9,63.1,10.8,27.1,20.0,2025
47045,Dyer,TN,South,Rural,25k-99k,37.4,10.5,31.3,17.4,16.7,30.6,69.8,68.0,64.7,7.0,18.3,17.7,2025
47047,Fayette,TN,South,Small town,<25k,33.9,15.2,30.3,19.1,16.1,24.1,73.0,72.9,68.2,7.2,18.5,19.3,2025
47051,Franklin,TN,South,Small town,25k-99k,18.7,8.1,24.9,11.8,17.9,22.7,73.7,74.8,69.2,7.3,18.2,17.2,2025
47061,Grundy,TN,South,Small town,<25k,26.5,15.3,29.6,14.4,16.1,22.2,70.7,78.3,66.1,14.1,15.1,17.6,2025
47147,Robertson,TN,South,Small town,250k+,28.0,12.5,27.1,11.3,19.0,24.2,71.8,69.6,67.8,7.0,15.4,17.1,2025
47153,Sequatchie,TN,South,Rural,<25k,43.7,22.6,36.8,19.1,12.0,35.2,67.3,65.5,56.2,14.7,23.1,25.8,2025
47157,Shelby,TN,South,Rural,250k+,36.9,19.2,31.7,21.1,14.1,26.3,71.8,65.7,63.2,10.8,11.7,22.4,2025
47161,Stewart,TN,South,Urban core,25k-99k,39.6,19.0,33.0,19.5,13.1,28.0,70.5,72.8,62.4,20.1,19.9,20.7,2025
47087,Jackson,TN,South,Rural,250k+,43.5,18.5,32.6,20.7,11.1,27.2,70.7,63.1,62.3,14.6,16.8,27.6,2025
47095,Lake,TN,South,Rural,<25k,33.5,15.3,31.4,18.9,14.2,25.8,68.7,70.1,62.1,12.5,17.7,18.1,2025
47099,Lawrence,TN,South,Rural,<25k,28.8,7.6,28.2,9.5,19.5,22.7,66.2,70.7,60.5,6.8,6.0,9.2,2025
47101,Lewis,TN,South,Rural,<25k,38.2,16.9,31.6,20.8,16.6,34.8,66.7,65.0,60.7,10.6,16.0,17.2,2025
47103,Lincoln,TN,South,Small town,<25k,31.4,15.4,30.4,20.5,17.1,24.7,66.8,67.5,60.8,14.7,15.2,22.1,2025
47109,McNairy,TN,South,Small town,<25k,30.7,14.8,31.8,19.6,15.5,20.9,69.4,66.7,68.6,10.2,16.4,16.0,2025
47111,Macon,TN,South,Rural,100k-249k,41.5,20.0,33.5,19.9,12.5,28.9,64.5,66.2,60.1,13.0,18.3,22.0,2025
47113,Madison,TN,South,Rural,25k-99k,26.6,8.8,28.7,13.9,17.6,22.2,71.6,70.2,72.0,4.6,9.4,14.7,2025
47115,Marion,TN,South,Rural,25k-99k,29.7,10.0,27.5,17.0,16.8,27.9,69.5,65.8,65.6,6.1,13.1,16.0,2025
47125,Montgomery,TN,South,Rural,<25k,26.9,5.8,23.2,13.1,13.8,22.8,71.3,76.0,63.6,6.0,13.0,14.5,2025
47131,Obion,TN,South,Small town,100k-249k,27.8,8.4,22.9,10.8,22.3,21.8,74.5,69.4,71.1,2.5,12.4,12.7,2025
47133,Overton,TN,South,Small town,25k-99k,29.9,12.4,31.5,11.9,18.7,24.2,73.7,67.7,64.0,11.2,11.9,18.6,2025
47137,Pickett,TN,South,Rural,100k-249k,31.9,11.9,34.6,14.9,6.4,28.4,70.1,68.2,65.7,11.7,13.0,21.8,2025
47139,Polk,TN,South,Rural,25k-99k,33.9,17.1,31.8,23.1,10.4,30.1,68.4,70.3,68.4,12.5,12.7,19.8,2025
47169,Trousdale,TN,South,Rural,100k-249k,41.8,16.6,32.6,18.6,16.8,31.8,64.4,63.3,58.9,14.2,10.4,23.9,2025
47171,Unicoi,TN,South,Small town,250k+,33.9,16.9,34.8,15.5,13.5,20.6,71.6,72.0,62.5,10.1,15.2,19.0,2025
47173,Union,TN,South,Small town,250k+,23.1,8.7,26.8,17.2,16.5,21.3,72.2,68.3,68.1,7.1,12.3,14.9,2025
47175,Van Buren,TN,South,Small town,250k+,35.5,15.9,33.5,20.2,20.1,25.4,71.7,70.1,58.2,10.7,20.1,17.9,2025
47177,Warren,TN,South,Small town,100k-249k,28.7,12.7,28.8,10.9,20.2,23.8,71.2,73.7,69.2,8.7,13.6,17.1,2025
47179,Washington,TN,South,Urban core,100k-249k,32.0,14.5,30.4,13.1,17.5,27.2,72.6,77.4,66.2,8.9,18.2,17.1,2025
47181,Wayne,TN,South,Rural,25k-99k,36.3,15.4,32.2,13.7,22.2,23.9,70.8,70.9,63.7,10.3,16.6,18.9,2025
48185,Grimes,TX,South,Urban core,100k-249k,34.8,14.2,32.6,13.8,16.8,27.5,72.0,65.9,65.0,12.8,15.2,20.8,2025
48189,Hale,TX,South,Small town,<25k,32.1,13.2,32.4,18.0,13.8,25.9,71.9,66.3,59.1,11.5,16.3,18.5,2025
48191,Hall,TX,South,Small town,25k-99k,29.4,14.0,29.9,11.2,16.0,29.1,70.9,70.2,70.2,10.2,11.7,14.9,2025
48199,Hardin,TX,South,Small town,100k-249k,33.8,13.0,30.5,16.5,15.0,22.7,70.6,65.3,63.6,14.3,18.8,19.0,2025
48201,Harris,TX,South,Small town,250k+,33.6,16.2,31.9,21.1,16.2,27.8,71.3,64.8,62.9,14.8,16.3,19.2,2025
48203,Harrison,TX,South,Suburban,100k-249k,35.5,18.8,33.4,19.4,16.0,28.7,70.7,67.0,59.2,17.3,19.3,21.1,2025
48211,Hemphill,TX,South,Rural,25k-99k,35.3,14.0,33.5,19.3,17.9,27.7,66.8,71.4,64.0,13.6,13.6,17.5,2025
48213,Henderson,TX,South,Urban core,<25k,30.9,17.6,33.2,13.3,14.9,22.2,73.8,73.8,60.4,10.3,15.5,19.0,2025
48223,Hopkins,TX,South,Rural,250k+,19.2,7.0,21.9,14.8,14.5,24.7,71.2,79.1,64.0,6.3,11.3,13.5,2025
48225,Houston,TX,South,Rural,25k-99k,35.6,14.6,31.6,22.8,14.3,23.6,74.6,67.8,61.0,13.6,10.4,20.2,2025
48233,Hutchinson,TX,South,Small town,25k-99k,40.3,19.5,36.3,21.1,14.4,25.9,68.4,64.9,59.2,13.6,19.7,19.1,2025
48241,Jasper,TX,South,Rural,<25k,47.1,19.7,38.1,20.3,10.7,30.9,65.3,71.8,53.7,16.7,20.7,26.1,2025
48243,Jeff Davis,TX,South,Small town,100k-249k,24.8,10.2,27.9,11.9,16.2,21.1,74.8,75.5,66.0,8.6,15.7,14.5,2025
48261,Kenedy,TX,South,Small town,<25k,36.1,17.8,39.8,22.9,17.6,31.2,68.3,65.7,57.5,13.7,17.8,18.5,2025
48263,Kent,TX,South,Small town,25k-99k,38.2,19.1,38.6,17.7,14.5,25.5,65.9,70.1,61.8,18.0,18.1,20.9,2025
48269,King,TX,South,Rural,25k-99k,35.3,14.4,34.5,17.5,14.9,27.8,72.5,68.5,67.5,9.3,16.7,19.5,2025
48273,Kleberg,TX,South,Rural,<25k,30.4,15.1,32.3,14.8,17.5,24.7,68.9,74.4,64.5,13.2,7.6,20.2,2025
48277,Lamar,TX,South,Rural,100k-249k,49.4,19.9,35.7,23.3,13.9,28.8,66.2,66.1,63.6,17.6,20.2,24.7,2025
48287,Lee,TX,South,Urban core,<25k,24.1,9.3,25.8,7.6,21.1,18.3,76.7,74.0,69.5,2.4,13.8,10.5,2025
48289,Leon,TX,South,Small town,250k+,37.8,17.9,37.3,21.2,14.4,30.8,69.6,67.7,55.6,14.3,16.3,18.8,2025
48295,Lipscomb,TX,South,Rural,<25k,46.9,17.2,34.8,22.9,13.3,30.3,67.8,67.8,59.3,14.3,12.0,24.0,2025
48301,Loving,TX,South,Small town,<25k,37.9,14.2,31.7,19.4,20.6,25.5,71.9,65.5,66.2,13.6,19.4,17.2,2025
48311,McMullen,TX,South,Rural,100k-249k,24.2,8.4,29.4,13.6,10.3,21.5,73.1,72.1,58.5,5.0,11.0,14.4,2025
48313,Madison,TX,South,Small town,25k-99k,41.4,19.6,36.8,22.1,12.6,28.9,70.3,68.0,59.1,14.1,15.6,19.1,2025
48321,Matagorda,TX,South,Suburban,250k+,28.1,13.0,30.1,17.7,11.8,22.3,69.1,75.3,68.0,8.0,13.8,20.1,2025
48327,Menard,TX,South,Urban core,<25k,37.7,17.0,36.4,16.5,14.7,26.3,70.6,69.9,63.1,14.0,18.8,22.3,2025
48333,Mills,TX,South,Suburban,250k+,24.4,12.9,29.7,14.9,16.8,24.2,73.5,70.5,65.9,14.4,14.8,17.4,2025
48339,Montgomery,TX,South,Rural,25k-99k,30.4,13.4,26.0,14.7,8.1,27.2,70.4,64.4,62.8,8.5,6.0,17.4,2025
48341,Moore,TX,South,Suburban,100k-249k,32.5,18.2,33.6,12.6,21.3,24.0,73.2,69.0,69.1,11.6,16.1,22.3,2025
48343,Morris,TX,South,Urban core,<25k,24.9,12.4,28.9,12.1,20.9,20.0,75.5,71.9,68.0,11.7,17.0,12.9,2025
48347,Nacogdoches,TX,South,Rural,100k-249k,29.4,10.6,28.3,14.1,15.0,23.5,70.9,67.2,66.1,10.0,14.2,11.5,2025
48349,Navarro,TX,South,Small town,250k+,27.3,10.4,27.7,10.9,22.8,16.4,70.2,71.8,64.4,10.6,17.1,14.5,2025
48355,Nueces,TX,South,Rural,<25k,35.8,15.3,32.2,14.8,18.7,26.2,70.6,65.8,60.0,16.1,16.5,21.4,2025
48217,Hill,TX,South,Urban core,25k-99k,26.6,16.2,32.5,10.6,17.5,21.6,69.9,68.0,64.5,12.8,18.4,15.7,2025
48219,Hockley,TX,South,Urban core,250k+,42.0,18.1,35.2,13.3,19.6,26.9,76.6,67.4,65.4,17.2,17.8,18.3,2025
48221,Hood,TX,South,Suburban,100k-249k,36.8,19.0,37.9,19.2,15.3,28.1,72.3,69.0,68.8,16.4,19.1,20.6,2025
48227,Howard,TX,South,Small town,100k-249k,23.9,12.4,29.3,18.0,18.5,23.2,71.9,66.1,70.5,14.3,15.6,20.2,2025
48229,Hudspeth,TX,South,Small town,25k-99k,33.2,17.8,31.9,15.9,12.4,23.2,71.0,65.7,67.6,12.3,16.1,19.2,2025
48231,Hunt,TX,South,Small town,100k-249k,38.6,16.3,34.0,20.4,16.6,28.1,71.2,73.7,58.0,12.7,18.5,19.8,2025
48235,Irion,TX,South,Suburban,<25k,33.3,19.5,35.3,15.0,14.9,24.9,70.5,67.9,64.6,12.4,14.0,17.9,2025
48237,Jack,TX,South,Small town,250k+,26.3,10.0,29.8,7.7,15.4,22.9,73.8,71.8,70.2,8.4,11.3,13.1,2025
48367,Parker,TX,South,Suburban,<25k,33.2,15.9,31.7,12.8,16.3,28.7,65.9,69.6,65.8,8.2,16.5,23.1,2025
48371,Pecos,TX,South,Suburban,25k-99k,22.2,9.2,23.5,6.5,21.1,16.9,72.0,75.1,69.4,5.9,14.0,13.0,2025
48373,Polk,TX,South,Urban core,100k-249k,38.7,18.5,34.9,14.2,11.9,25.4,69.6,71.8,62.0,13.9,20.8,20.4,2025
48379,Rains,TX,South,Urban core,25k-99k,29.0,13.7,32.8,14.7,15.6,23.0,74.0,69.5,61.6,6.8,15.4,16.3,2025
48383,Reagan,TX,South,Small town,100k-249k,44.9,17.1,34.5,23.7,16.3,31.8,70.4,68.7,65.5,12.4,18.7,19.5,2025
48387,Red River,TX,South,Urban core,25k-99k,31.6,14.6,32.9,14.5,16.0,23.4,69.7,72.9,63.7,13.6,15.9,17.2,2025
48391,Refugio,TX,South,Urban core,25k-99k,31.9,15.2,31.6,19.2,12.5,27.8,70.2,68.1,64.3,13.6,15.7,20.5,2025
48405,San Augustine,TX,South,Small town,100k-249k,32.8,17.1,29.7,15.0,19.6,24.6,69.8,70.3,64.6,15.2,17.8,21.3,2025
48407,San Jacinto,TX,South,Rural,100k-249k,30.2,15.4,30.6,17.5,18.1,25.5,71.2,70.8,68.2,11.5,13.3,18.8,2025
48409,San Patricio,TX,South,Rural,<25k,31.8,14.0,32.2,21.1,14.0,28.4,70.6,66.3,63.7,13.9,14.7,21.3,2025
48411,San Saba,TX,South,Suburban,250k+,34.5,15.5,33.0,21.1,16.8,26.4,71.1,72.4,67.6,15.0,23.2,21.9,2025
48419,Shelby,TX,South,Suburban,25k-99k,33.1,14.2,30.6,14.4,17.6,26.8,76.1,70.5,66.0,13.2,17.5,17.7,2025
48423,Smith,TX,South,Rural,100k-249k,36.7,16.6,35.6,16.3,14.8,27.0,69.2,70.4,65.7,10.0,13.1,19.5,2025
48425,Somervell,TX,South,Small town,<25k,31.3,16.2,31.3,16.4,12.7,24.8,75.3,64.5,60.8,6.2,14.0,22.3,2025
48435,Sutton,TX,South,Rural,25k-99k,43.4,15.8,31.6,14.8,14.6,25.7,67.5,70.5,65.3,11.7,13.4,23.7,2025
48443,Terrell,TX,South,Small town,<25k,29.6,11.8,35.2,11.9,14.9,23.8,71.8,75.0,59.0,8.2,14.7,21.6,2025
48447,Throckmorton,TX,South,Suburban,<25k,29.1,13.2,32.4,14.5,19.9,23.3,71.1,68.3,64.4,9.0,17.2,18.1,2025
48453,Travis,TX,South,Urban core,250k+,29.2,15.8,32.3,14.7,14.0,19.2,68.4,70.0,63.7,13.5,21.5,16.7,2025
48455,Trinity,TX,South,Rural,25k-99k,51.0,22.2,39.5,23.0,12.5,34.7,66.0,61.4,63.2,22.0,17.5,28.0,2025
48457,Tyler,TX,South,Rural,<25k,34.2,15.0,28.5,17.2,15.7,22.9,69.9,72.2,64.3,9.5,10.4,15.7,2025
48467,Van Zandt,TX,South,Small town,<25k,40.4,20.5,39.3,22.0,17.0,30.0,68.3,65.8,59.2,16.6,15.3,25.1,2025
48469,Victoria,TX,South,Rural,<25k,27.0,10.0,29.4,19.2,17.9,21.9,71.3,73.5,62.8,7.6,9.8,14.6,2025
48473,Waller,TX,South,Rural,<25k,32.8,13.5,25.2,12.9,17.6,24.9,71.6,69.1,70.0,9.6,9.2,14.9,2025
48475,Ward,TX,South,Small town,100k-249k,34.5,16.4,35.3,12.5,14.5,29.4,70.9,71.3,63.5,15.2,15.7,20.0,2025
48481,Wharton,TX,South,Small town,25k-99k,35.2,15.3,33.1,17.9,12.8,21.9,71.9,69.0,62.8,10.5,10.6,18.7,2025
48491,Williamson,TX,South,Rural,100k-249k,38.5,13.0,32.6,15.8,16.1,31.3,69.6,66.8,59.0,14.4,14.8,19.4,2025
48495,Winkler,TX,South,Small town,<25k,40.2,20.2,40.2,21.8,19.6,34.2,69.9,65.2,60.8,18.0,21.4,19.4,2025
48499,Wood,TX,South,Small town,100k-249k,30.7,13.8,29.3,14.6,16.6,26.4,70.6,71.7,67.4,8.2,16.0,15.6,2025
48507,Zavala,TX,South,Rural,<25k,33.7,12.7,30.4,21.0,12.1,27.2,69.3,69.9,59.5,12.4,13.5,17.9,2025
48183,Gregg,TX,South,Small town,<25k,37.2,19.3,35.4,22.1,13.5,26.0,68.1,66.5,61.7,15.2,18.4,23.7,2025
48193,Hamilton,TX,South,Urban core,25k-99k,43.8,17.4,37.1,17.3,19.0,26.0,71.1,68.0,66.0,15.9,19.2,19.4,2025
48195,Hansford,TX,South,Small town,25k-99k,37.5,15.3,31.5,20.5,13.0,27.2,70.0,68.7,64.8,10.2,13.9,20.3,2025
48197,Hardeman,TX,South,Small town,250k+,29.9,13.8,27.4,11.9,15.9,24.4,72.4,67.9,74.2,10.4,17.7,14.2,2025
48205,Hartley,TX,South,Small town,250k+,38.0,17.7,38.3,15.3,17.3,23.8,66.7,66.6,61.8,18.8,19.0,21.1,2025
48207,Haskell,TX,South,Small town,250k+,32.5,14.3,30.9,12.3,16.3,23.3,74.0,68.9,65.9,6.6,16.5,15.3,2025
48209,Hays,TX,South,Small town,25k-99k,38.2,15.5,34.2,18.1,13.6,28.0,69.3,66.2,61.8,12.0,17.4,18.1,2025
48215,Hidalgo,TX,South,Small town,250k+,34.7,18.6,36.3,16.8,9.8,29.4,71.1,68.7,69.1,14.2,14.6,19.1,2025
48001,Anderson,TX,South,Rural,<25k,29.6,12.5,28.2,16.9,17.0,17.7,70.9,68.6,61.9,11.2,20.3,19.5,2025
48003,Andrews,TX,South,Small town,<25k,30.0,13.2,32.3,17.2,16.8,21.4,72.2,74.4,68.2,11.4,14.8,17.5,2025
48005,Angelina,TX,South,Small town,25k-99k,43.7,21.3,39.8,26.1,15.0,31.0,64.5,65.9,58.9,18.9,19.9,23.4,2025
48007,Aransas,TX,South,Suburban,<25k,26.5,11.5,30.6,14.0,18.0,23.2,74.7,77.3,65.3,8.4,14.9,11.9,2025
48011,Armstrong,TX,South,Suburban,<25k,41.9,19.6,36.6,22.1,13.6,30.0,68.2,68.3,59.0,16.7,19.3,21.4,2025
48015,Austin,TX,South,Small town,<25k,27.2,13.9,26.3,16.1,14.8,28.3,74.7,69.4,66.1,10.7,15.2,19.7,2025
48023,Baylor,TX,South,Small town,25k-99k,33.5,10.5,25.6,16.3,14.9,26.4,71.9,75.7,69.7,6.7,10.2,15.1,2025
48025,Bee,TX,South,Suburban,100k-249k,42.2,18.1,38.2,16.2,16.3,30.9,71.9,67.9,68.2,15.9,19.0,22.5,2025
48029,Bexar,TX,South,Urban core,250k+,31.1,13.1,26.1,15.0,16.5,23.4,70.0,74.3,69.1,13.4,15.5,17.6,2025
48035,Bosque,TX,South,Suburban,250k+,32.9,16.9,31.3,15.2,18.7,26.6,69.3,71.2,69.1,11.1,12.2,19.1,2025
48037,Bowie,TX,South,Small town,<25k,33.9,16.1,29.9,15.4,15.6,25.5,70.4,66.1,66.5,9.3,16.3,16.0,2025
48039,Brazoria,TX,South,Rural,<25k,43.4,17.8,35.6,22.1,9.4,26.8,69.3,68.9,63.5,13.8,11.0,21.8,2025
48041,Brazos,TX,South,Suburban,<25k,31.8,16.3,34.7,17.3,16.9,28.6,68.1,70.3,60.5,14.1,17.4,19.7,2025
48051,Burleson,TX,South,Small town,<25k,31.2,10.1,26.6,13.3,14.7,20.9,67.5,71.8,62.9,10.3,14.3,18.7,2025
48055,Caldwell,TX,South,Rural,25k-99k,32.9,19.0,37.4,24.5,11.6,32.6,68.2,67.2,62.6,13.6,21.2,19.0,2025
48057,Calhoun,TX,South,Small town,100k-249k,39.4,16.1,37.9,19.8,15.2,34.1,69.5,67.3,60.9,17.3,18.3,23.3,2025
48063,Camp,TX,South,Urban core,250k+,25.4,14.2,31.7,7.9,16.7,21.8,72.3,76.3,66.7,14.1,14.8,12.7,2025
48067,Cass,TX,South,Rural,<25k,35.9,15.1,35.8,21.7,14.3,25.0,72.5,66.2,61.1,7.0,15.3,19.3,2025
48071,Chambers,TX,South,Small town,100k-249k,31.3,11.1,30.6,12.8,18.9,24.2,72.2,64.2,65.5,12.5,16.2,17.7,2025
48073,Cherokee,TX,South,Rural,25k-99k,32.0,11.7,27.5,17.8,13.8,22.1,73.6,68.5,64.8,8.8,14.7,15.5,2025
48079,Cochran,TX,South,Urban core,25k-99k,30.6,20.6,35.3,18.5,17.5,24.3,73.0,70.6,67.2,13.3,17.2,20.2,2025
48083,Coleman,TX,South,Urban core,25k-99k,32.1,11.6,32.9,13.0,14.4,21.7,73.7,67.8,67.5,7.9,16.1,11.4,2025
48091,Comal,TX,South,Suburban,25k-99k,20.0,6.2,22.6,10.9,19.0,18.2,72.5,73.7,67.3,1.5,9.9,11.4,2025
48101,Cottle,TX,South,Suburban,25k-99k,36.5,17.1,35.0,18.8,14.3,25.9,64.9,69.9,63.3,11.8,19.2,18.6,2025
48103,Crane,TX,South,Small town,25k-99k,40.5,15.6,30.7,17.1,11.8,26.7,69.1,71.6,67.1,11.7,12.8,21.0,2025
48105,Crockett,TX,South,Rural,<25k,36.7,18.0,31.5,15.7,16.7,30.2,72.0,66.9,63.0,11.8,16.3,19.7,2025
48113,Dallas,TX,South,Urban core,100k-249k,34.2,18.4,34.1,9.6,17.0,23.6,70.7,70.4,71.5,10.9,18.1,18.9,2025
48119,Delta,TX,South,Small town,250k+,31.4,14.1,30.6,16.4,19.0,29.6,68.8,70.0,67.2,12.8,14.6,17.6,2025
48125,Dickens,TX,South,Suburban,25k-99k,27.0,10.0,25.8,5.8,13.4,20.6,73.2,71.0,71.1,9.4,10.3,13.4,2025
48127,Dimmit,TX,South,Urban core,25k-99k,37.9,19.1,32.4,15.5,19.2,23.8,70.3,66.9,63.6,14.1,13.9,21.7,2025
48135,Ector,TX,South,Small town,100k-249k,28.6,13.5,29.7,15.6,15.2,27.5,70.0,69.6,66.7,10.0,15.6,14.1,2025
48153,Floyd,TX,South,Small town,<25k,25.0,8.8,29.2,12.7,17.5,21.4,75.0,73.3,68.4,8.1,17.3,13.6,2025
48155,Foard,TX,South,Urban core,<25k,36.6,17.5,32.7,13.0,19.1,23.2,69.1,73.1,70.8,9.7,23.2,19.1,2025
48157,Fort Bend,TX,South,Small town,100k-249k,37.7,18.1,33.8,19.4,16.5,30.3,71.3,69.3,64.2,16.0,20.7,20.2,2025
48161,Freestone,TX,South,Small town,<25k,41.7,17.2,30.2,19.8,10.7,28.3,72.2,68.1,63.8,12.2,20.9,21.0,2025
48167,Galveston,TX,South,Small town,100k-249k,36.0,19.0,30.7,11.6,14.3,28.8,69.3,64.7,59.1,11.8,23.2,22.9,2025
48173,Glasscock,TX,South,Suburban,250k+,35.2,19.6,33.6,15.0,16.8,28.6,71.9,65.1,68.9,13.7,16.4,18.5,2025
48175,Goliad,TX,South,Small town,100k-249k,38.1,18.1,37.1,13.1,13.9,28.9,67.4,64.5,59.0,16.3,22.1,20.4,2025
48305,Lynn,TX,South,Rural,250k+,43.7,21.0,33.7,26.4,14.7,32.6,68.7,61.3,54.4,15.5,17.9,21.3,2025
48307,McCulloch,TX,South,Suburban,100k-249k,25.1,8.3,27.5,13.9,19.2,16.2,76.2,68.3,69.0,6.1,17.2,14.4,2025
48309,McLennan,TX,South,Rural,25k-99k,37.5,15.0,30.9,16.3,15.8,25.9,71.5,66.6,68.8,14.6,14.1,18.8,2025
48315,Marion,TX,South,Urban core,25k-99k,26.7,12.0,30.8,9.9,13.6,23.1,73.8,72.5,63.7,11.1,13.6,18.1,2025
48317,Martin,TX,South,Urban core,250k+,33.9,15.6,37.4,18.0,19.1,27.7,72.8,69.7,65.5,16.0,20.6,19.1,2025
48319,Mason,TX,South,Urban core,25k-99k,28.9,16.5,32.3,18.8,15.1,26.3,75.2,73.7,65.5,11.0,16.8,17.1,2025
48323,Maverick,TX,South,Urban core,25k-99k,33.2,9.0,28.1,14.7,18.7,21.1,72.7,65.4,66.7,11.0,14.1,15.0,2025
48239,Jackson,TX,South,Small town,25k-99k,40.2,17.8,33.0,20.0,13.4,28.1,68.0,67.2,67.2,13.7,12.4,19.7,2025
48245,Jefferson,TX,South,Rural,250k+,37.0,15.4,32.4,20.9,15.3,24.5,71.5,69.5,65.7,12.5,13.8,17.7,2025
48247,Jim Hogg,TX,South,Rural,<25k,35.2,15.0,31.9,19.8,11.1,30.1,64.9,63.4,65.7,13.0,13.5,18.8,2025
48249,Jim Wells,TX,South,Rural,<25k,37.3,11.7,32.3,21.5,17.0,29.2,66.9,67.1,67.8,12.2,15.2,20.5,2025
48251,Johnson,TX,South,Suburban,25k-99k,27.4,13.3,29.4,9.0,19.5,21.1,74.5,72.7,66.2,9.5,13.8,16.0,2025
48253,Jones,TX,South,Urban core,<25k,22.5,12.2,28.1,13.6,14.5,17.9,77.7,72.1,70.2,8.5,11.6,16.4,2025
48255,Karnes,TX,South,Rural,<25k,36.6,18.2,35.1,19.6,15.5,28.8,67.1,71.0,64.0,10.9,14.2,18.1,2025
48257,Kaufman,TX,South,Urban core,250k+,24.3,14.9,29.2,10.9,15.7,19.7,72.9,75.7,63.8,10.6,16.6,15.1,2025
48259,Kendall,TX,South,Rural,25k-99k,36.2,19.1,34.7,23.5,15.8,29.9,67.2,72.2,66.4,14.3,14.2,21.6,2025
48265,Kerr,TX,South,Small town,<25k,28.2,13.4,26.6,17.3,14.4,21.2,71.0,72.8,67.7,9.7,16.0,12.9,2025
48267,Kimble,TX,South,Suburban,<25k,34.8,17.0,37.8,16.0,19.8,28.9,68.4,66.6,62.6,14.7,20.4,21.6,2025
48271,Kinney,TX,South,Rural,<25k,43.3,21.9,39.2,22.0,15.4,31.8,65.5,71.1,64.2,17.2,16.6,23.1,2025
48275,Knox,TX,South,Small town,100k-249k,28.9,15.4,24.7,12.8,13.1,23.7,72.7,71.4,67.6,6.6,12.5,13.9,2025
48279,Lamb,TX,South,Rural,25k-99k,43.5,13.9,29.4,21.0,12.4,25.4,66.0,65.1,62.7,11.3,14.4,23.7,2025
48281,Lampasas,TX,South,Suburban,25k-99k,41.1,20.0,35.0,18.9,14.9,25.2,69.7,64.8,58.8,14.4,18.9,19.0,2025
48283,La Salle,TX,South,Small town,25k-99k,38.0,18.2,30.1,17.4,14.6,26.2,72.1,61.9,65.6,15.9,19.2,22.5,2025
48285,Lavaca,TX,South,Suburban,<25k,30.4,17.6,30.8,14.8,19.2,26.2,72.0,68.2,63.0,8.0,13.7,19.7,2025
48291,Liberty,TX,South,Suburban,250k+,33.2,13.3,30.2,13.3,17.6,22.5,68.8,70.2,61.1,10.4,18.2,17.3,2025
48293,Limestone,TX,South,Rural,<25k,38.0,14.7,27.7,16.8,16.7,29.5,70.1,68.0,64.7,12.0,16.7,18.9,2025
48297,Live Oak,TX,South,Small town,25k-99k,33.4,15.6,32.4,18.3,15.3,29.5,66.8,62.4,60.8,15.5,18.8,18.0,2025
48299,Llano,TX,South,Rural,<25k,37.8,12.0,33.6,19.0,14.5,29.3,70.5,67.3,60.4,10.2,13.4,17.5,2025
48303,Lubbock,TX,South,Rural,25k-99k,27.8,12.6,29.7,12.2,14.7,24.8,70.1,70.2,74.1,8.3,15.8,16.7,2025
48403,Sabine,TX,South,Urban core,100k-249k,32.3,17.4,31.5,14.0,17.3,23.1,74.1,69.3,66.5,14.2,19.5,14.6,2025
48413,Schleicher,TX,South,Small town,<25k,38.5,16.8,38.5,18.8,14.0,30.7,68.7,66.4,59.5,15.7,16.1,16.5,2025
48415,Scurry,TX,South,Suburban,250k+,37.9,14.7,34.1,18.9,12.7,24.0,71.4,68.1,60.9,14.6,15.5,20.2,2025
48417,Shackelford,TX,South,Suburban,25k-99k,33.4,12.6,29.3,15.7,15.4,22.3,68.4,72.6,67.6,16.8,14.8,14.3,2025
48421,Sherman,TX,South,Small town,25k-99k,29.6,15.1,28.6,12.4,17.3,25.8,70.7,68.9,65.5,9.9,15.3,13.5,2025
48427,Starr,TX,South,Rural,<25k,28.7,9.3,24.8,9.4,14.0,20.6,71.8,69.1,71.9,4.3,7.9,11.0,2025
48429,Stephens,TX,South,Small town,25k-99k,39.0,17.9,34.9,17.8,15.4,29.4,65.6,68.3,61.4,15.7,16.8,22.3,2025
48431,Sterling,TX,South,Small town,25k-99k,29.6,16.5,36.1,17.4,15.2,25.8,66.0,69.0,67.8,13.7,19.5,16.8,2025
48433,Stonewall,TX,South,Rural,<25k,37.2,14.7,28.2,21.1,11.2,26.4,70.1,69.4,55.9,9.1,13.3,18.5,2025
48437,Swisher,TX,South,Rural,25k-99k,39.9,16.7,31.9,17.3,14.7,28.8,72.1,65.3,63.0,11.0,14.4,20.7,2025
48325,Medina,TX,South,Suburban,<25k,29.1,9.4,35.1,15.7,15.8,21.6,72.2,75.0,61.3,9.8,24.1,19.3,2025
48329,Midland,TX,South,Rural,25k-99k,44.6,17.2,36.0,24.7,16.2,29.5,68.6,66.2,59.8,15.8,18.9,20.0,2025
48331,Milam,TX,South,Suburban,250k+,28.1,10.2,29.8,10.5,16.5,17.7,71.5,70.1,69.7,12.8,14.4,15.8,2025
48335,Mitchell,TX,South,Urban core,25k-99k,33.5,13.9,32.8,19.7,18.8,21.1,72.1,69.7,69.4,10.2,14.7,18.7,2025
48337,Montague,TX,South,Rural,<25k,24.3,9.2,25.0,10.8,12.4,18.6,73.6,70.2,66.0,12.0,12.8,11.4,2025
48345,Motley,TX,South,Small town,<25k,32.9,15.8,33.1,10.8,11.3,27.5,67.2,68.4,53.7,10.4,14.6,23.2,2025
48351,Newton,TX,South,Small town,<25k,36.2,19.6,30.9,20.3,21.6,31.1,68.7,75.0,62.1,11.4,20.5,18.6,2025
48353,Nolan,TX,South,Rural,250k+,35.7,15.8,33.1,15.1,13.9,31.0,69.1,66.8,60.9,11.6,10.7,23.4,2025
48357,Ochiltree,TX,South,Suburban,25k-99k,36.3,14.5,33.3,20.5,17.5,23.9,70.2,70.3,67.5,16.1,18.0,18.7,2025
48359,Oldham,TX,South,Urban core,<25k,31.8,16.3,36.6,14.0,13.8,19.0,74.2,70.9,68.0,14.2,21.3,19.4,2025
48361,Orange,TX,South,Urban core,100k-249k,32.3,16.4,33.2,14.4,19.5,21.6,73.9,75.0,64.4,14.2,19.6,17.8,2025
48363,Palo Pinto,TX,South,Suburban,<25k,37.9,19.8,38.1,21.1,14.6,27.6,68.8,68.1,67.9,13.6,15.7,17.1,2025
48365,Panola,TX,South,Urban core,<25k,24.2,14.3,30.6,16.6,17.6,21.6,77.8,70.6,69.6,12.0,19.0,19.7,2025
48369,Parmer,TX,South,Urban core,25k-99k,30.3,12.9,33.3,13.7,12.8,18.8,72.7,67.2,64.5,12.4,16.8,18.4,2025
48375,Potter,TX,South,Rural,<25k,34.0,12.8,30.4,19.8,18.0,28.3,73.3,70.3,56.0,9.7,16.6,23.6,2025
48377,Presidio,TX,South,Rural,250k+,39.7,18.5,35.1,18.2,14.3,27.9,73.2,64.1,63.1,13.4,12.2,20.4,2025
48381,Randall,TX,South,Rural,<25k,46.1,20.3,38.6,26.7,8.5,28.1,65.2,65.5,55.6,13.3,17.7,22.9,2025
48385,Real,TX,South,Suburban,100k-249k,35.7,17.1,36.6,18.0,19.1,26.2,68.2,74.0,58.9,17.6,23.2,18.6,2025
48393,Roberts,TX,South,Small town,100k-249k,28.4,14.0,24.8,13.6,17.5,22.8,69.0,71.3,58.6,5.6,12.7,19.1,2025
48397,Rockwall,TX,South,Rural,<25k,52.0,24.0,43.2,24.9,12.1,37.8,69.7,64.9,56.4,21.0,24.5,28.0,2025
48399,Runnels,TX,South,Rural,25k-99k,45.6,19.7,37.5,18.9,10.9,28.4,67.3,65.5,63.7,17.3,23.2,23.3,2025
48401,Rusk,TX,South,Rural,<25k,30.1,14.6,30.3,13.6,20.4,28.3,74.3,68.7,63.0,10.0,12.5,20.9,2025
48439,Tarrant,TX,South,Urban core,250k+,27.8,13.6,28.8,5.1,13.9,22.1,75.8,69.2,73.2,10.0,15.1,16.9,2025
48441,Taylor,TX,South,Small town,<25k,28.2,14.7,27.5,12.4,17.7,20.4,72.1,74.2,64.6,11.4,9.7,19.6,2025
48445,Terry,TX,South,Urban core,100k-249k,25.3,13.8,27.9,13.8,19.7,21.3,74.2,76.0,68.0,9.3,12.8,12.0,2025
48449,Titus,TX,South,Small town,25k-99k,25.3,12.4,25.8,15.4,13.6,18.0,73.7,69.8,69.7,10.8,13.8,14.5,2025
48451,Tom Green,TX,South,Small town,25k-99k,37.5,17.6,35.8,19.1,20.0,27.1,67.0,68.5,63.4,14.4,22.2,19.4,2025
48459,Upshur,TX,South,Small town,250k+,34.3,17.4,34.7,17.8,16.7,26.4,69.0,67.1,63.2,14.5,18.7,20.4,2025
48461,Upton,TX,South,Rural,100k-249k,37.5,15.4,29.4,21.0,14.7,27.9,71.3,65.6,60.9,11.0,13.3,22.7,2025
48463,Uvalde,TX,South,Rural,<25k,27.0,10.1,25.3,13.4,18.7,22.8,70.1,71.9,69.3,14.1,13.9,14.1,2025
48465,Val Verde,TX,South,Small town,<25k,32.9,15.3,34.2,16.2,19.2,26.9,67.8,72.0,68.3,12.9,17.4,17.6,2025
48471,Walker,TX,South,Urban core,25k-99k,28.8,15.5,28.6,12.8,17.5,23.0,78.1,66.9,61.9,12.9,16.3,18.0,2025
48497,Wise,TX,South,Urban core,<25k,30.5,15.9,33.3,17.2,14.7,21.8,72.5,72.5,63.4,13.1,19.4,19.3,2025
48501,Yoakum,TX,South,Urban core,25k-99k,18.8,10.1,25.5,10.9,17.0,17.2,77.1,70.5,68.4,13.2,18.6,11.6,2025
48503,Young,TX,South,Small town,<25k,32.8,13.0,30.6,18.0,16.4,23.1,72.2,70.7,63.9,5.5,14.7,19.3,2025
48505,Zapata,TX,South,Small town,250k+,35.6,12.7,27.8,12.5,20.8,22.5,71.7,68.0,59.3,13.3,14.9,18.2,2025
48009,Archer,TX,South,Suburban,25k-99k,30.6,15.7,34.9,18.8,17.0,30.3,74.7,66.3,59.2,13.7,14.7,23.0,2025
48013,Atascosa,TX,South,Suburban,100k-249k,26.1,14.7,31.1,14.9,14.6,22.6,72.7,75.2,74.1,10.0,13.5,20.2,2025
48017,Bailey,TX,South,Rural,<25k,31.5,9.5,26.3,13.4,12.6,20.9,72.4,68.5,68.5,9.2,12.1,16.2,2025
48019,Bandera,TX,South,Small town,<25k,28.1,12.4,30.2,19.0,14.6,26.4,70.8,70.3,62.5,10.9,14.8,17.9,2025
48479,Webb,TX,South,Suburban,250k+,32.5,11.9,29.8,9.8,21.6,25.7,70.3,72.5,66.0,11.6,20.6,16.2,2025
48483,Wheeler,TX,South,Rural,25k-99k,31.9,13.7,27.7,19.3,15.4,24.4,71.2,67.0,65.9,12.5,8.5,20.1,2025
48485,Wichita,TX,South,Small town,<25k,27.7,10.2,27.9,13.2,13.2,25.7,77.5,74.7,70.6,11.5,15.2,13.7,2025
48487,Wilbarger,TX,South,Small town,250k+,27.0,11.1,29.7,12.9,22.0,17.7,74.3,69.4,61.6,10.6,14.7,14.4,2025
48489,Willacy,TX,South,Urban core,250k+,33.9,17.7,37.1,11.1,13.9,26.1,71.1,66.2,69.0,14.5,14.5,17.6,2025
48493,Wilson,TX,South,Rural,25k-99k,27.4,10.2,26.3,20.1,13.7,23.3,73.8,71.1,63.9,4.4,13.6,13.2,2025
48097,Cooke,TX,South,Urban core,250k+,27.7,14.8,26.9,18.1,19.2,21.9,72.8,75.1,73.1,14.1,15.8,14.1,2025
48099,Coryell,TX,South,Suburban,<25k,32.2,16.2,30.2,17.8,12.8,25.8,71.9,66.0,59.9,14.4,20.1,13.1,2025
48107,Crosby,TX,South,Urban core,25k-99k,20.9,15.5,32.8,8.3,17.0,26.2,71.9,71.6,63.5,9.8,12.2,13.3,2025
48109,Culberson,TX,South,Urban core,25k-99k,37.1,17.4,36.6,13.0,14.7,27.6,70.6,70.7,66.0,11.7,23.6,23.8,2025
48111,Dallam,TX,South,Suburban,25k-99k,28.9,11.3,32.0,12.5,13.8,16.4,71.8,72.9,67.5,8.7,16.2,17.2,2025
48115,Dawson,TX,South,Suburban,<25k,23.5,11.2,28.2,15.3,16.4,23.9,74.2,70.0,66.6,6.2,15.0,13.7,2025
48117,Deaf Smith,TX,South,Suburban,100k-249k,34.6,14.9,30.9,15.8,11.3,22.8,70.6,69.6,65.0,15.4,12.4,15.5,2025
48121,Denton,TX,South,Rural,25k-99k,42.3,15.0,35.4,21.1,18.8,26.2,67.9,60.9,60.0,12.4,14.0,20.2,2025
48123,DeWitt,TX,South,Rural,<25k,31.3,12.9,25.8,14.0,15.5,27.0,67.7,74.9,63.6,8.3,18.4,18.2,2025
48021,Bastrop,TX,South,Suburban,<25k,34.5,16.6,32.0,20.7,18.6,23.3,71.0,69.6,71.0,11.3,18.9,18.1,2025
48027,Bell,TX,South,Urban core,<25k,15.0,5.4,21.3,10.7,19.7,15.1,82.9,80.3,67.6,3.8,16.5,11.1,2025
48031,Blanco,TX,South,Rural,100k-249k,36.0,18.3,33.9,16.4,12.7,29.1,66.5,67.1,62.3,13.0,16.5,20.2,2025
48033,Borden,TX,South,Small town,25k-99k,30.5,12.9,30.5,12.2,12.5,20.5,74.1,69.4,68.9,5.7,15.1,16.2,2025
48043,Brewster,TX,South,Small town,<25k,37.6,17.9,32.1,15.3,15.3,27.9,73.6,69.5,62.8,12.7,15.5,16.9,2025
48045,Briscoe,TX,South,Suburban,25k-99k,30.7,18.3,32.3,11.9,16.4,23.8,69.3,66.5,62.4,10.7,22.3,17.1,2025
48047,Brooks,TX,South,Small town,<25k,38.1,15.9,34.0,20.4,13.3,29.9,67.3,69.3,65.0,14.5,16.8,21.5,2025
48049,Brown,TX,South,Suburban,<25k,41.4,18.4,39.9,24.1,15.2,28.3,68.1,69.7,62.9,18.4,18.7,22.8,2025
48053,Burnet,TX,South,Suburban,100k-249k,36.7,15.5,31.5,15.4,13.9,28.2,69.7,68.7,68.4,12.7,19.0,15.0,2025
48059,Callahan,TX,South,Rural,100k-249k,34.4,12.3,32.4,20.7,12.2,29.5,72.5,67.5,59.3,8.8,15.0,16.2,2025
48065,Carson,TX,South,Suburban,<25k,38.3,19.3,34.1,17.1,13.3,27.3,70.9,70.3,60.4,11.0,15.7,21.6,2025
48069,Castro,TX,South,Small town,<25k,30.7,9.4,26.0,15.8,20.9,23.0,71.4,69.7,66.5,9.3,12.3,15.2,2025
48075,Childress,TX,South,Small town,100k-249k,37.0,14.4,31.9,20.4,16.2,25.6,70.1,68.3,56.4,16.8,15.2,16.4,2025
48077,Clay,TX,South,Rural,25k-99k,38.5,14.2,33.6,24.4,10.0,31.6,64.1,58.5,60.8,13.6,13.2,22.0,2025
48081,Coke,TX,South,Rural,<25k,35.4,16.6,29.1,16.6,16.1,26.7,70.2,72.2,69.2,9.5,15.4,16.7,2025
48085,Collin,TX,South,Small town,<25k,21.7,7.8,25.4,12.3,15.4,23.6,74.9,66.3,65.0,8.1,14.5,15.0,2025
48087,Collingsworth,TX,South,Rural,<25k,41.0,14.5,34.6,18.1,10.6,29.9,64.7,62.7,53.9,16.7,13.7,20.7,2025
48089,Colorado,TX,South,Suburban,100k-249k,28.7,9.8,30.3,16.5,14.9,23.2,69.1,76.1,73.6,10.2,15.4,15.1,2025
48093,Comanche,TX,South,Small town,<25k,33.2,17.3,31.7,14.9,14.0,25.4,74.7,68.7,64.3,12.2,15.1,19.4,2025
48095,Concho,TX,South,Small town,25k-99k,29.8,15.4,35.7,22.1,15.5,26.2,69.7,68.4,63.0,13.6,18.4,20.3,2025
48129,Donley,TX,South,Small town,25k-99k,33.4,11.4,28.6,13.3,11.7,27.6,71.4,76.0,68.6,9.5,12.4,17.8,2025
48131,Duval,TX,South,Rural,<25k,39.7,15.9,28.0,15.6,19.2,26.3,67.8,68.8,63.0,10.1,13.1,17.7,2025
48133,Eastland,TX,South,Rural,<25k,32.6,16.3,35.7,16.7,15.2,28.2,68.8,69.5,65.9,9.6,14.6,19.9,2025
48137,Edwards,TX,South,Small town,100k-249k,31.3,12.6,30.0,18.3,16.8,24.4,72.2,69.5,67.7,6.0,18.5,20.1,2025
48141,El Paso,TX,South,Rural,25k-99k,29.7,12.8,27.8,14.0,18.4,23.1,68.4,71.8,59.0,8.0,12.5,13.9,2025
48143,Erath,TX,South,Rural,100k-249k,32.9,13.7,29.9,15.1,21.7,28.2,71.2,70.5,63.3,6.6,13.7,17.3,2025
48145,Falls,TX,South,Small town,25k-99k,38.0,18.0,33.0,18.5,14.4,26.7,70.0,70.3,67.8,12.4,14.6,19.6,2025
48147,Fannin,TX,South,Small town,25k-99k,45.1,19.6,40.1,23.5,16.4,26.9,67.3,61.6,62.5,17.0,19.8,22.8,2025
48149,Fayette,TX,South,Small town,25k-99k,29.4,12.1,28.5,14.9,11.4,23.8,72.9,69.7,67.3,12.3,14.9,16.0,2025
48151,Fisher,TX,South,Suburban,25k-99k,37.0,20.8,37.5,25.7,13.1,28.6,67.6,66.6,64.9,15.6,24.9,20.0,2025
48159,Franklin,TX,South,Small town,25k-99k,38.1,19.4,38.1,21.9,15.5,27.5,69.9,68.3,65.3,15.1,17.5,21.7,2025
48163,Frio,TX,South,Suburban,100k-249k,33.5,15.8,32.5,12.8,13.3,26.8,73.9,74.2,70.6,14.0,14.7,20.0,2025
48165,Gaines,TX,South,Rural,25k-99k,33.4,15.6,29.9,18.2,17.3,28.4,72.9,66.8,68.5,11.7,13.6,15.8,2025
48169,Garza,TX,South,Rural,<25k,40.3,16.2,34.7,18.2,9.6,31.4,67.9,67.2,61.4,14.0,14.5,17.4,2025
48171,Gillespie,TX,South,Urban core,100k-249k,36.4,18.7,37.4,14.4,12.6,24.5,70.0,72.0,65.0,15.6,17.3,20.6,2025
48177,Gonzales,TX,South,Small town,<25k,42.5,15.0,34.1,15.7,15.3,26.7,69.4,67.4,60.9,15.2,20.0,20.2,2025
48179,Gray,TX,South,Small town,250k+,23.4,7.0,22.5,13.9,14.3,15.6,76.5,72.4,70.8,5.9,12.9,11.0,2025
48181,Grayson,TX,South,Rural,<25k,31.9,16.7,31.4,12.3,18.6,30.7,70.1,66.4,62.5,12.4,17.7,16.8,2025
48395,Robertson,TX,South,Urban core,<25k,28.5,18.7,33.9,15.4,19.6,16.2,78.5,70.2,68.0,10.2,21.0,15.2,2025
48477,Washington,TX,South,Rural,<25k,38.3,18.4,35.5,24.8,12.9,32.3,68.8,59.2,63.1,13.9,17.6,22.0,2025
48139,Ellis,TX,South,Suburban,100k-249k,42.8,18.8,36.3,18.2,15.9,26.1,69.0,65.8,59.2,16.0,20.8,21.5,2025
48061,Cameron,TX,South,Small town,100k-249k,29.8,10.6,32.7,14.7,18.0,23.0,71.9,77.6,69.0,11.8,15.1,18.4,2025
48389,Reeves,TX,South,Rural,25k-99k,36.0,16.2,33.0,21.3,16.4,28.3,75.6,67.5,66.1,16.5,14.1,19.2,2025
48187,Guadalupe,TX,South,Small town,25k-99k,34.8,21.7,32.6,22.4,18.4,25.6,66.1,68.5,58.3,13.7,14.7,22.0,2025
49027,Millard,UT,West,Rural,25k-99k,23.9,8.1,25.9,13.1,16.6,22.0,71.3,76.7,66.9,4.0,10.5,12.2,2025
49033,Rich,UT,West,Small town,<25k,37.4,19.3,34.4,22.0,17.3,24.2,65.5,66.5,59.4,16.9,16.8,23.5,2025
49037,San Juan,UT,West,Small town,100k-249k,34.6,11.6,30.4,16.5,18.6,24.3,72.8,70.7,67.8,12.7,13.3,17.7,2025
49039,Sanpete,UT,West,Urban core,100k-249k,29.6,11.4,32.0,17.4,20.4,19.1,77.5,71.9,64.4,9.8,19.2,21.2,2025
49041,Sevier,UT,West,Small town,25k-99k,28.2,10.7,26.3,11.2,17.6,23.3,72.9,74.9,64.4,5.7,18.4,16.9,2025
49053,Washington,UT,West,Urban core,100k-249k,35.2,17.2,35.0,14.2,13.7,26.5,69.7,76.2,66.2,13.5,18.4,20.6,2025
49055,Wayne,UT,West,Small town,100k-249k,26.9,16.1,28.1,17.1,18.3,25.1,72.1,66.0,63.2,8.0,14.3,16.9,2025
49045,Tooele,UT,West,Suburban,25k-99k,32.6,17.5,31.3,18.9,13.9,27.3,74.9,70.1,58.8,16.8,15.0,21.1,2025
49001,Beaver,UT,West,Rural,<25k,39.1,19.8,36.1,15.7,21.4,28.9,68.0,64.7,59.4,20.7,16.7,23.7,2025
49003,Box Elder,UT,West,Small town,25k-99k,33.7,12.8,28.0,14.7,18.5,22.6,70.7,72.3,67.6,9.5,18.0,18.0,2025
49005,Cache,UT,West,Small town,100k-249k,31.3,14.1,33.4,16.8,17.1,26.3,70.7,71.0,64.8,14.5,15.0,17.0,2025
49007,Carbon,UT,West,Small town,<25k,27.7,14.1,28.6,10.9,16.9,22.4,70.1,79.3,64.3,12.0,11.2,16.5,2025
49009,Daggett,UT,West,Small town,250k+,18.9,4.7,23.2,8.3,19.2,22.8,74.3,72.5,73.7,8.4,12.8,11.2,2025
49011,Davis,UT,West,Suburban,<25k,42.7,18.6,36.8,20.9,17.2,28.4,72.4,67.5,60.2,14.3,19.4,22.5,2025
49013,Duchesne,UT,West,Small town,<25k,29.2,11.3,26.8,9.8,13.0,20.4,71.9,69.4,68.7,10.8,12.0,15.1,2025
49015,Emery,UT,West,Small town,25k-99k,29.8,11.0,29.4,15.4,14.2,22.5,70.8,73.2,63.1,11.9,15.7,18.0,2025
49017,Garfield,UT,West,Urban core,<25k,32.9,10.5,26.4,14.3,17.0,19.0,74.5,73.5,63.5,6.3,12.4,16.5,2025
49019,Grand,UT,West,Small town,<25k,30.8,12.8,29.1,16.2,15.9,22.7,72.1,72.8,66.3,9.5,15.5,14.4,2025
49021,Iron,UT,West,Urban core,100k-249k,25.6,12.0,30.1,15.0,16.5,22.3,72.4,70.6,64.0,13.5,16.8,15.5,2025
49023,Juab,UT,West,Urban core,250k+,20.3,13.9,28.5,9.7,23.6,17.2,75.1,74.8,67.0,12.7,21.6,15.7,2025
49025,Kane,UT,West,Urban core,25k-99k,25.8,14.6,28.8,14.8,17.1,19.7,70.0,71.3,67.2,11.4,19.0,15.4,2025
49029,Morgan,UT,West,Suburban,<25k,32.7,19.9,29.1,15.8,17.3,21.2,66.7,67.7,57.1,15.6,15.8,19.7,2025
49031,Piute,UT,West,Suburban,<25k,26.3,12.9,25.2,10.2,15.0,19.8,69.8,74.5,63.4,6.4,12.2,12.1,2025
49035,Salt Lake,UT,West,Small town,100k-249k,27.6,12.5,30.0,16.1,18.6,23.1,74.0,74.1,64.9,4.0,9.6,19.9,2025
49043,Summit,UT,West,Rural,<25k,28.1,13.3,27.7,19.1,16.8,22.1,72.7,68.9,67.6,10.5,13.4,14.4,2025
49047,Uintah,UT,West,Small town,25k-99k,31.0,10.5,30.1,14.0,13.0,20.6,68.3,70.9,65.3,7.7,19.4,16.4,2025
49049,Utah,UT,West,Urban core,25k-99k,20.8,11.1,27.4,8.6,16.0,16.1,75.0,74.7,71.6,8.9,13.3,12.4,2025
49051,Wasatch,UT,West,Rural,25k-99k,37.5,16.9,31.4,17.0,13.4,30.7,67.2,65.2,67.6,14.5,17.8,17.8,2025
49057,Weber,UT,West,Urban core,250k+,30.9,12.2,30.6,14.2,17.6,20.7,69.3,72.9,67.9,10.1,15.0,15.5,2025
50015,Lamoille,VT,Northeast,Rural,<25k,27.8,15.8,30.3,11.3,16.0,27.5,71.6,72.0,63.9,8.2,11.3,16.5,2025
50017,Orange,VT,Northeast,Urban core,25k-99k,29.0,12.5,33.5,18.4,18.0,19.9,73.6,76.4,62.1,8.0,13.9,18.6,2025
50019,Orleans,VT,Northeast,Urban core,25k-99k,22.4,8.4,22.9,14.1,22.2,12.6,79.7,76.5,67.4,7.9,10.0,11.6,2025
50021,Rutland,VT,Northeast,Small town,<25k,40.0,11.4,33.6,16.1,16.7,31.4,74.8,75.5,65.2,7.5,17.4,17.0,2025
50023,Washington,VT,Northeast,Rural,100k-249k,34.2,16.2,35.1,17.1,15.0,24.8,74.1,66.0,65.8,12.7,19.1,18.2,2025
50025,Windham,VT,Northeast,Suburban,100k-249k,29.4,14.0,28.7,16.3,19.8,23.8,73.7,73.1,64.0,7.9,15.5,20.7,2025
50027,Windsor,VT,Northeast,Urban core,25k-99k,20.6,10.9,23.6,15.8,22.1,13.5,73.6,72.8,72.9,6.3,13.8,11.8,2025
50001,Addison,VT,Northeast,Suburban,<25k,25.4,9.0,27.0,10.3,17.4,15.5,76.0,71.7,67.9,4.6,12.9,11.3,2025
50003,Bennington,VT,Northeast,Suburban,25k-99k,24.4,6.6,29.3,9.4,17.0,17.6,73.0,71.9,67.0,8.2,18.2,11.3,2025
50005,Caledonia,VT,Northeast,Urban core,250k+,27.2,9.6,31.4,10.7,22.8,19.0,78.6,75.1,73.0,6.0,13.0,15.7,2025
50007,Chittenden,VT,Northeast,Rural,<25k,31.2,12.5,32.6,15.5,15.8,28.9,70.1,68.6,62.9,11.3,16.3,22.2,2025
50009,Essex,VT,Northeast,Urban core,<25k,28.6,12.4,30.5,15.9,18.4,20.4,74.8,72.1,63.9,10.2,20.7,17.4,2025
50011,Franklin,VT,Northeast,Small town,250k+,32.7,13.1,30.5,17.2,14.8,24.9,70.4,77.1,65.6,9.2,17.9,15.0,2025
50013,Grand Isle,VT,Northeast,Urban core,100k-249k,17.7,7.0,24.6,8.0,14.2,17.8,78.7,78.5,72.8,2.8,19.5,10.9,2025
51021,Bland,VA,South,Rural,25k-99k,41.9,18.4,33.2,24.1,14.9,28.9,66.7,63.2,60.4,15.1,20.2,21.9,2025
51025,Brunswick,VA,South,Rural,<25k,28.9,16.9,35.8,16.0,16.1,28.5,70.2,65.0,65.1,10.5,17.7,21.4,2025
51035,Carroll,VA,South,Small town,100k-249k,38.5,19.3,34.1,19.5,14.1,24.4,66.7,68.1,63.2,17.2,18.1,20.4,2025
51043,Clarke,VA,South,Urban core,<25k,28.7,15.2,35.2,14.4,14.7,20.4,69.6,65.6,62.3,16.9,13.6,17.1,2025
51045,Craig,VA,South,Small town,25k-99k,40.4,15.9,32.6,19.0,14.2,27.0,72.6,65.6,62.7,13.9,19.1,20.3,2025
51049,Cumberland,VA,South,Small town,25k-99k,32.4,12.4,27.8,12.0,12.9,23.0,73.7,75.8,69.3,8.6,12.9,13.8,2025
51065,Fluvanna,VA,South,Rural,<25k,32.6,16.5,34.8,19.3,13.3,26.8,65.4,68.0,63.6,11.3,18.2,20.9,2025
51071,Giles,VA,South,Small town,25k-99k,34.1,17.5,34.6,17.5,12.4,25.5,70.0,68.9,58.5,12.2,18.5,23.6,2025
51075,Goochland,VA,South,Small town,100k-249k,23.9,11.1,29.6,11.7,15.5,19.4,71.1,75.7,61.1,6.7,10.9,12.8,2025
51077,Grayson,VA,South,Suburban,250k+,21.3,12.0,32.0,11.5,21.5,22.6,74.2,66.1,63.4,9.8,16.5,15.5,2025
51079,Greene,VA,South,Small town,100k-249k,33.8,10.9,29.3,16.8,17.2,22.5,71.2,71.7,68.8,6.8,13.4,13.9,2025
51089,Henry,VA,South,Rural,25k-99k,33.5,14.1,30.5,14.2,14.9,27.7,70.9,72.1,62.1,12.6,17.1,18.8,2025
51099,King George,VA,South,Suburban,25k-99k,37.7,17.9,36.6,19.8,12.1,30.7,68.0,72.7,63.7,14.9,14.2,22.0,2025
51001,Accomack,VA,South,Rural,25k-99k,29.1,12.5,30.5,17.2,18.7,27.0,75.2,73.6,63.3,9.4,14.1,16.4,2025
51003,Albemarle,VA,South,Rural,250k+,45.9,20.9,37.1,19.1,13.3,28.7,67.5,62.6,62.8,19.7,16.3,25.0,2025
51005,Alleghany,VA,South,Suburban,100k-249k,29.6,14.3,30.2,11.9,17.3,24.1,73.9,72.8,62.3,8.8,15.0,18.3,2025
51007,Amelia,VA,South,Urban core,100k-249k,27.9,15.4,31.4,15.8,16.0,19.2,75.8,72.3,72.6,10.2,16.8,17.6,2025
51009,Amherst,VA,South,Small town,100k-249k,20.0,9.2,29.4,13.9,16.2,20.1,70.8,73.1,77.6,7.7,14.1,13.8,2025
51015,Augusta,VA,South,Rural,25k-99k,36.3,15.4,33.2,20.6,11.2,29.8,65.4,69.5,65.9,10.6,16.9,21.3,2025
51017,Bath,VA,South,Urban core,100k-249k,34.6,15.7,33.3,13.1,15.9,27.3,69.2,70.8,66.7,17.0,22.7,19.2,2025
51019,Bedford,VA,South,Suburban,250k+,37.6,19.3,39.8,22.9,16.6,33.4,71.4,66.5,60.8,16.4,21.4,20.0,2025
51023,Botetourt,VA,South,Rural,250k+,41.0,20.5,36.2,22.0,17.7,33.3,67.6,63.5,56.6,13.3,17.9,24.0,2025
51027,Buchanan,VA,South,Small town,<25k,37.6,20.5,35.6,18.0,17.2,30.6,71.9,71.2,61.9,15.5,13.6,21.6,2025
51029,Buckingham,VA,South,Small town,250k+,29.9,13.0,27.7,11.1,17.6,20.0,69.5,70.5,69.2,9.6,18.4,15.2,2025
51031,Campbell,VA,South,Rural,<25k,32.3,15.6,31.9,18.0,18.6,25.5,73.2,66.7,61.2,13.3,15.9,17.9,2025
51033,Caroline,VA,South,Urban core,25k-99k,31.2,15.6,31.2,16.6,13.3,21.9,79.5,73.7,73.5,7.2,13.5,13.2,2025
51036,Charles City,VA,South,Urban core,25k-99k,36.6,19.3,35.4,13.7,18.6,25.7,73.1,71.7,58.5,10.3,16.4,19.8,2025
51037,Charlotte,VA,South,Small town,<25k,25.7,13.4,27.6,13.3,15.8,23.9,71.4,71.9,72.0,10.7,14.5,14.7,2025
51041,Chesterfield,VA,South,Small town,25k-99k,34.0,14.8,35.7,15.4,20.5,22.2,68.6,67.8,65.0,10.4,14.0,15.1,2025
51047,Culpeper,VA,South,Small town,100k-249k,38.0,14.7,31.2,17.3,13.3,27.2,70.8,71.1,63.8,11.3,18.8,17.7,2025
51051,Dickenson,VA,South,Urban core,100k-249k,24.5,15.6,25.9,12.4,16.2,20.3,74.7,77.1,71.0,3.6,11.3,14.7,2025
51053,Dinwiddie,VA,South,Rural,<25k,47.0,19.3,39.8,23.7,15.7,31.0,67.1,65.6,63.4,15.2,19.0,26.1,2025
51057,Essex,VA,South,Rural,100k-249k,39.4,14.2,29.3,21.0,16.9,28.5,69.2,70.2,64.5,10.8,13.6,18.8,2025
51059,Fairfax,VA,South,Suburban,<25k,31.2,18.3,34.9,14.1,16.0,27.9,73.1,67.9,64.1,12.2,13.0,15.9,2025
51061,Fauquier,VA,South,Rural,25k-99k,41.1,19.0,36.6,21.2,12.2,32.5,66.7,66.5,63.3,12.6,17.4,21.4,2025
51063,Floyd,VA,South,Suburban,100k-249k,33.6,18.4,29.1,16.7,19.3,26.9,68.6,69.9,66.0,13.8,17.9,19.4,2025
51067,Franklin,VA,South,Rural,25k-99k,29.6,10.9,24.4,17.0,15.5,21.0,71.8,72.5,62.1,9.1,9.9,13.6,2025
51069,Frederick,VA,South,Urban core,<25k,23.6,14.0,28.5,8.8,20.4,16.9,80.8,77.7,71.2,2.6,16.0,12.6,2025
51073,Gloucester,VA,South,Suburban,25k-99k,44.8,23.3,40.6,21.9,12.9,31.7,66.5,67.5,61.7,15.6,20.5,27.6,2025
51081,Greensville,VA,South,Suburban,250k+,37.1,18.0,34.1,16.4,14.0,26.6,70.3,69.2,63.6,13.6,20.0,22.3,2025
51083,Halifax,VA,South,Suburban,250k+,30.0,16.5,30.7,11.9,16.3,25.4,74.8,70.8,68.2,11.2,16.5,19.7,2025
51085,Hanover,VA,South,Rural,100k-249k,29.3,11.5,30.0,12.9,18.0,24.3,71.1,71.7,63.9,9.8,12.2,15.8,2025
51087,Henrico,VA,South,Small town,100k-249k,35.0,16.4,28.6,17.1,18.7,23.2,75.4,68.9,64.6,11.2,10.8,19.2,2025
51091,Highland,VA,South,Small town,250k+,40.8,18.6,38.8,20.9,17.3,27.3,68.0,76.8,59.0,15.9,17.9,22.9,2025
51093,Isle of Wight,VA,South,Small town,100k-249k,38.1,17.9,39.8,17.1,16.4,25.2,67.9,71.8,64.5,14.8,16.0,18.2,2025
51095,James City,VA,South,Small town,25k-99k,40.6,15.9,34.4,21.3,17.3,27.5,70.3,72.8,58.1,16.1,15.9,22.8,2025
51097,King and Queen,VA,South,Rural,100k-249k,40.4,17.5,35.7,20.3,11.6,29.8,69.5,66.6,61.2,15.7,21.6,22.8,2025
51101,King William,VA,South,Urban core,25k-99k,18.7,6.1,27.6,8.8,16.6,18.8,75.4,78.9,69.6,4.7,13.5,10.6,2025
51107,Loudoun,VA,South,Urban core,100k-249k,34.8,19.2,34.2,19.4,17.5,26.7,68.6,73.4,69.4,11.2,18.0,19.2,2025
51111,Lunenburg,VA,South,Suburban,100k-249k,36.2,16.1,31.7,20.1,14.3,29.5,64.5,68.4,68.2,14.2,20.5,22.4,2025
51113,Madison,VA,South,Rural,<25k,30.9,9.0,25.4,11.7,9.9,22.7,76.4,73.0,64.4,11.2,12.2,13.9,2025
51117,Mecklenburg,VA,South,Suburban,25k-99k,35.1,18.2,33.4,15.7,16.3,30.8,69.1,67.1,63.4,15.4,18.0,18.0,2025
51121,Montgomery,VA,South,Small town,25k-99k,27.7,9.8,26.7,8.1,17.7,24.3,76.0,71.9,72.7,4.7,11.1,16.7,2025
51125,Nelson,VA,South,Rural,<25k,33.5,14.1,29.3,15.7,16.1,23.1,67.3,72.2,58.1,14.3,13.6,21.0,2025
51127,New Kent,VA,South,Rural,<25k,37.5,18.8,35.6,18.7,16.7,29.0,63.3,66.9,55.8,14.2,15.3,19.1,2025
51137,Orange,VA,South,Small town,25k-99k,29.3,13.9,29.8,18.2,17.7,22.9,74.8,69.4,66.4,9.3,15.0,18.3,2025
51139,Page,VA,South,Small town,<25k,33.5,14.9,32.7,18.9,10.1,29.7,71.0,67.6,61.4,15.0,12.6,19.3,2025
51141,Patrick,VA,South,Rural,100k-249k,34.9,14.5,32.8,22.2,16.1,27.8,66.6,65.9,70.2,9.6,11.7,17.2,2025
51143,Pittsylvania,VA,South,Urban core,100k-249k,22.2,8.5,28.6,10.5,21.0,17.8,73.0,71.0,67.4,8.5,12.5,12.3,2025
51147,Prince Edward,VA,South,Small town,100k-249k,31.7,15.4,31.9,16.9,13.3,28.6,66.5,66.5,65.8,12.1,12.8,20.5,2025
51161,Roanoke,VA,South,Urban core,100k-249k,28.7,12.6,30.1,7.3,11.5,20.6,74.0,74.6,67.4,8.1,11.8,16.8,2025
51163,Rockbridge,VA,South,Rural,100k-249k,36.9,15.3,30.2,17.0,12.6,28.9,69.7,74.1,67.4,11.3,17.8,19.7,2025
51165,Rockingham,VA,South,Rural,<25k,38.9,17.8,32.8,14.6,11.5,29.6,67.6,66.7,63.4,14.8,16.9,21.8,2025
51167,Russell,VA,South,Urban core,<25k,26.3,13.0,31.4,15.4,17.0,27.3,75.0,70.0,67.1,6.6,15.8,15.7,2025
51171,Shenandoah,VA,South,Rural,250k+,46.7,20.8,36.9,25.4,12.5,28.3,65.8,61.5,61.9,14.7,20.8,23.9,2025
51175,Southampton,VA,South,Rural,100k-249k,35.0,11.9,31.8,14.4,16.8,18.9,72.0,69.3,66.2,10.5,14.4,18.3,2025
51177,Spotsylvania,VA,South,Urban core,25k-99k,29.9,15.6,34.1,11.7,10.0,22.0,67.7,67.8,70.0,11.0,15.2,18.2,2025
51179,Stafford,VA,South,Suburban,25k-99k,25.9,11.7,29.2,7.6,16.5,21.8,77.8,71.9,72.4,8.9,16.2,18.4,2025
51185,Tazewell,VA,South,Rural,25k-99k,37.9,16.0,33.8,17.3,14.0,31.1,64.8,70.7,61.5,13.3,16.6,18.8,2025
51191,Washington,VA,South,Rural,<25k,31.4,11.1,24.7,18.3,20.1,24.1,74.6,69.0,65.2,9.3,14.2,17.6,2025
51193,Westmoreland,VA,South,Urban core,250k+,27.9,12.5,29.0,12.0,16.8,20.1,67.5,73.3,65.4,10.2,20.4,16.5,2025
51195,Wise,VA,South,Small town,<25k,31.6,17.2,33.2,16.6,11.2,26.3,73.6,66.1,63.4,18.5,15.7,20.5,2025
51570,Colonial Heights,VA,South,Small town,<25k,42.4,21.9,36.4,20.8,15.2,26.5,65.1,63.0,66.4,14.8,22.5,21.7,2025
51610,Falls Church,VA,South,Rural,250k+,30.2,11.8,29.6,16.7,15.3,23.6,70.1,71.8,58.2,8.4,10.3,16.0,2025
51678,Lexington,VA,South,Rural,<25k,33.8,16.4,34.2,12.9,13.5,29.5,64.8,61.3,65.0,11.7,17.0,21.1,2025
51720,Norton,VA,South,Suburban,25k-99k,33.6,12.8,34.2,14.5,13.6,24.1,70.7,69.2,66.6,8.5,15.8,16.5,2025
51790,Staunton,VA,South,Small town,250k+,37.2,13.8,31.8,17.2,16.0,25.3,71.4,69.9,65.8,10.0,18.2,17.5,2025
51840,Winchester,VA,South,Small town,25k-99k,28.7,11.3,30.4,13.2,14.7,25.1,74.8,72.1,63.9,11.9,16.2,16.1,2025
51105,Lee,VA,South,Rural,250k+,41.3,16.1,36.2,18.6,12.5,27.9,71.1,72.0,58.6,9.3,19.0,18.0,2025
51013,Arlington,VA,South,Small town,25k-99k,32.3,12.7,34.3,15.8,16.3,26.1,74.1,73.8,61.5,12.3,10.0,19.1,2025
51103,Lancaster,VA,South,Rural,25k-99k,39.7,19.8,36.0,23.8,12.3,39.3,61.7,63.5,61.0,18.6,19.3,22.9,2025
51109,Louisa,VA,South,Rural,100k-249k,37.1,13.9,31.7,19.0,14.0,27.9,69.7,66.0,63.0,10.2,12.6,20.4,2025
51115,Mathews,VA,South,Small town,25k-99k,25.2,13.4,29.5,13.6,11.0,21.8,73.6,73.1,64.7,12.0,20.7,17.2,2025
51119,Middlesex,VA,South,Small town,<25k,30.5,12.8,27.3,11.0,20.1,26.5,74.2,73.8,68.3,10.6,13.8,16.2,2025
51131,Northampton,VA,South,Small town,<25k,31.6,17.3,31.4,16.1,14.0,21.6,70.3,70.8,61.9,10.3,15.6,14.2,2025
51133,Northumberland,VA,South,Rural,250k+,38.3,20.9,34.7,20.8,14.7,31.4,68.3,64.3,63.7,11.1,18.1,23.5,2025
51135,Nottoway,VA,South,Urban core,25k-99k,35.9,19.7,35.8,14.4,20.2,26.4,73.5,67.4,65.4,14.7,22.2,18.9,2025
51145,Powhatan,VA,South,Rural,<25k,43.2,20.0,37.8,23.1,11.2,38.2,66.5,67.5,57.7,16.6,20.5,22.7,2025
51149,Prince George,VA,South,Urban core,25k-99k,32.9,15.7,33.2,15.2,19.1,20.1,77.1,75.8,67.9,11.6,14.3,21.3,2025
51155,Pulaski,VA,South,Suburban,250k+,22.2,10.9,29.6,11.1,16.0,20.3,71.8,71.2,68.3,5.7,13.3,17.5,2025
51157,Rappahannock,VA,South,Urban core,100k-249k,26.9,15.1,29.9,20.4,15.4,25.3,68.7,75.4,64.7,12.6,19.1,14.3,2025
51159,Richmond,VA,South,Rural,25k-99k,34.5,13.0,31.2,16.5,14.3,28.9,71.8,65.6,57.2,9.9,10.0,22.6,2025
51169,Scott,VA,South,Rural,<25k,40.1,14.6,30.0,22.1,13.5,28.4,70.5,69.8,63.2,16.5,16.1,22.0,2025
51173,Smyth,VA,South,Rural,250k+,36.3,16.7,31.8,15.5,14.1,25.4,70.3,65.9,61.0,13.8,11.6,12.9,2025
51181,Surry,VA,South,Rural,100k-249k,43.1,17.2,34.7,19.7,11.9,28.3,65.9,67.3,52.1,13.5,15.9,18.3,2025
51183,Sussex,VA,South,Urban core,250k+,26.3,11.5,28.0,16.9,19.9,19.9,72.8,67.5,68.1,10.5,20.2,16.6,2025
51187,Warren,VA,South,Suburban,100k-249k,39.6,20.5,36.3,19.7,14.1,31.5,69.0,64.9,64.8,15.6,15.9,24.5,2025
51197,Wythe,VA,South,Small town,<25k,36.1,15.7,34.0,17.2,15.7,27.3,73.8,71.7,62.1,14.2,17.1,17.7,2025
51199,York,VA,South,Small town,100k-249k,28.5,9.4,25.6,16.0,18.5,22.8,73.9,72.3,70.8,8.2,11.0,14.5,2025
51510,Alexandria,VA,South,Urban core,25k-99k,26.6,13.7,32.9,11.2,18.3,22.4,73.5,73.5,69.8,10.4,14.9,14.8,2025
51515,Bedford,VA,South,Urban core,<25k,35.1,18.8,33.9,25.6,11.9,27.0,67.5,62.7,64.2,17.3,23.9,20.5,2025
51520,Bristol,VA,South,Small town,250k+,35.7,16.9,37.6,18.9,17.3,27.2,67.7,68.9,61.2,12.0,14.1,21.5,2025
51530,Buena Vista,VA,South,Small town,<25k,37.2,18.4,36.4,18.7,12.4,28.8,67.1,68.8,59.2,15.9,18.6,17.6,2025
51540,Charlottesville,VA,South,Rural,25k-99k,42.2,19.1,35.1,22.8,13.0,28.1,65.8,69.2,58.7,15.4,9.1,22.9,2025
51550,Chesapeake,VA,South,Suburban,25k-99k,25.9,12.3,29.8,7.3,16.3,21.6,71.2,69.3,62.1,11.1,17.2,17.1,2025
51580,Covington,VA,South,Rural,100k-249k,34.9,17.6,29.0,17.6,15.1,31.6,68.0,67.8,67.7,14.3,17.2,17.0,2025
51590,Danville,VA,South,Small town,25k-99k,29.0,12.1,31.8,16.2,16.5,28.0,71.5,73.5,63.5,12.6,20.5,17.7,2025
51595,Emporia,VA,South,Small town,100k-249k,23.6,9.3,26.1,16.0,13.4,21.7,71.1,76.6,73.1,5.2,10.1,11.9,2025
51600,Fairfax,VA,South,Rural,25k-99k,45.8,23.5,40.5,28.0,12.5,37.1,61.9,64.4,57.3,17.8,20.2,27.0,2025
51620,Franklin,VA,South,Rural,100k-249k,36.8,17.4,33.1,20.3,17.7,31.5,70.1,66.3,59.5,15.0,15.2,15.5,2025
51630,Fredericksburg,VA,South,Small town,250k+,32.6,16.0,37.1,17.9,10.1,22.4,72.2,65.0,59.6,15.7,17.5,19.2,2025
51640,Galax,VA,South,Rural,250k+,40.8,19.6,36.3,23.6,13.2,29.9,67.1,68.4,57.9,17.0,12.5,21.2,2025
51650,Hampton,VA,South,Rural,<25k,33.1,17.0,33.6,16.8,13.0,28.3,65.6,70.2,62.6,11.1,14.0,17.4,2025
51660,Harrisonburg,VA,South,Suburban,<25k,35.1,16.8,35.3,15.5,20.4,29.3,72.0,72.5,63.3,6.8,17.8,20.7,2025
51670,Hopewell,VA,South,Small town,100k-249k,28.4,11.9,28.5,17.9,17.0,22.8,68.2,67.5,62.9,8.5,15.6,16.8,2025
51680,Lynchburg,VA,South,Rural,<25k,39.1,16.5,32.5,17.1,12.4,24.5,70.2,64.2,65.8,14.9,14.3,16.8,2025
51683,Manassas,VA,South,Suburban,100k-249k,46.6,19.3,37.4,16.7,12.3,27.7,70.6,66.1,62.5,15.5,17.8,21.7,2025
51685,Manassas Park,VA,South,Small town,100k-249k,19.4,6.4,22.1,12.1,14.0,24.0,75.2,75.5,73.7,5.7,10.9,11.8,2025
51690,Martinsville,VA,South,Small town,<25k,30.6,13.9,30.2,12.6,17.8,25.3,70.5,68.1,66.1,7.8,13.9,15.2,2025
51700,Newport News,VA,South,Rural,<25k,26.6,11.7,30.4,13.9,15.0,28.6,70.8,71.6,66.1,10.1,12.2,17.4,2025
51710,Norfolk,VA,South,Rural,250k+,38.4,18.4,31.3,16.0,12.9,32.2,70.2,71.4,65.8,14.4,13.5,21.8,2025
51730,Petersburg,VA,South,Small town,<25k,40.8,16.8,32.5,21.3,15.8,30.6,66.8,70.0,59.6,15.8,17.7,17.2,2025
51735,Poquoson,VA,South,Rural,25k-99k,29.5,11.3,31.3,15.5,12.5,20.8,70.0,67.0,69.3,10.1,8.1,12.4,2025
51740,Portsmouth,VA,South,Rural,25k-99k,38.6,17.7,36.2,17.1,14.2,27.4,69.4,69.0,64.4,14.2,12.9,21.2,2025
51750,Radford,VA,South,Urban core,100k-249k,28.4,8.8,29.0,9.0,15.3,16.5,75.1,68.3,71.3,9.5,16.6,15.4,2025
51760,Richmond,VA,South,Urban core,100k-249k,36.4,12.2,30.1,12.1,16.1,24.2,75.8,74.7,62.8,12.6,16.6,22.9,2025
51770,Roanoke,VA,South,Suburban,250k+,31.1,17.0,31.5,10.6,16.6,24.9,71.2,71.1,64.4,9.7,16.6,17.5,2025
51775,Salem,VA,South,Rural,100k-249k,36.0,15.7,32.8,15.2,17.4,27.6,70.3,64.0,64.7,5.8,12.5,16.1,2025
51800,Suffolk,VA,South,Small town,100k-249k,42.4,17.8,35.6,15.3,15.7,25.4,72.8,64.0,64.8,13.5,16.4,22.5,2025
51810,Virginia Beach,VA,South,Small town,250k+,36.2,17.2,35.7,17.5,12.7,26.4,70.8,70.0,60.4,17.5,18.5,18.4,2025
51820,Waynesboro,VA,South,Rural,<25k,33.0,14.6,30.1,19.1,17.2,22.9,70.3,62.4,69.8,4.6,7.4,20.1,2025
51830,Williamsburg,VA,South,Rural,25k-99k,28.2,12.1,27.6,19.8,15.4,20.8,74.5,68.2,61.5,9.7,7.4,15.7,2025
51153,Prince William,VA,South,Rural,25k-99k,40.7,13.7,27.7,18.6,13.7,25.4,69.0,64.5,59.4,15.5,13.4,16.3,2025
51011,Appomattox,VA,South,Suburban,100k-249k,22.0,6.3,28.4,12.0,18.7,17.6,74.2,78.9,67.2,6.7,13.7,11.8,2025
53001,Adams,WA,West,Small town,250k+,29.9,12.0,31.3,17.6,17.0,30.2,73.3,75.2,63.4,13.6,19.0,17.5,2025
53003,Asotin,WA,West,Small town,25k-99k,25.9,14.3,32.5,12.2,13.8,23.2,71.4,69.2,67.9,11.9,13.1,18.0,2025
53005,Benton,WA,West,Suburban,250k+,23.7,8.0,25.4,12.9,18.6,16.4,76.3,78.5,70.3,5.8,16.4,13.0,2025
53007,Chelan,WA,West,Urban core,250k+,21.3,4.9,22.3,6.8,17.0,17.3,73.0,74.5,72.7,4.1,10.4,10.2,2025
53009,Clallam,WA,West,Urban core,<25k,22.4,11.4,26.9,12.9,15.2,20.1,73.3,75.3,70.1,12.9,17.4,15.0,2025
53011,Clark,WA,West,Suburban,250k+,15.6,4.0,23.2,9.8,20.6,10.5,77.6,72.7,70.7,3.4,16.9,5.9,2025
53013,Columbia,WA,West,Rural,250k+,34.1,13.6,28.3,21.1,13.4,28.8,71.5,72.0,60.4,13.4,12.7,16.9,2025
53015,Cowlitz,WA,West,Suburban,25k-99k,17.8,8.8,26.4,9.8,21.1,19.7,76.0,75.1,73.0,8.4,13.6,11.9,2025
53017,Douglas,WA,West,Small town,<25k,25.8,9.4,28.9,17.8,18.4,22.3,74.3,72.7,77.5,8.7,15.7,13.4,2025
53019,Ferry,WA,West,Small town,250k+,32.5,17.5,35.1,18.8,18.8,26.3,69.2,69.1,59.6,15.0,15.6,22.1,2025
53021,Franklin,WA,West,Suburban,<25k,31.3,16.9,31.8,16.1,18.0,30.2,71.8,72.8,67.0,13.7,22.9,16.2,2025
53025,Grant,WA,West,Rural,<25k,22.9,12.4,30.9,13.3,12.6,18.9,70.6,73.9,69.7,7.9,14.8,14.9,2025
53027,Grays Harbor,WA,West,Small town,25k-99k,29.6,10.9,27.4,18.2,13.0,19.9,74.3,68.8,64.3,8.0,15.6,14.5,2025
53029,Island,WA,West,Urban core,<25k,31.6,16.4,35.5,14.7,16.6,25.9,73.2,74.6,67.4,10.4,19.5,20.4,2025
53031,Jefferson,WA,West,Suburban,100k-249k,20.9,9.6,27.8,15.5,23.3,18.3,74.9,71.1,67.0,10.4,12.2,12.3,2025
53033,King,WA,West,Suburban,100k-249k,18.4,10.0,26.8,11.0,18.2,24.3,74.8,73.7,74.1,7.7,15.1,12.9,2025
53035,Kitsap,WA,West,Rural,25k-99k,28.1,6.3,28.5,13.7,16.9,22.2,75.0,72.6,71.1,6.3,12.4,17.5,2025
53041,Lewis,WA,West,Urban core,<25k,28.8,11.9,27.7,18.1,17.3,18.5,72.3,73.4,65.6,12.8,10.3,13.9,2025
53043,Lincoln,WA,West,Suburban,25k-99k,32.8,13.3,30.3,20.4,13.5,30.6,67.0,65.8,59.5,10.2,14.5,19.9,2025
53047,Okanogan,WA,West,Small town,100k-249k,18.4,7.5,26.1,8.3,17.8,17.6,72.2,73.2,67.8,4.9,7.5,10.5,2025
53049,Pacific,WA,West,Suburban,100k-249k,22.7,7.3,24.2,8.9,18.3,16.5,74.4,76.5,68.5,6.3,12.9,12.3,2025
53053,Pierce,WA,West,Suburban,250k+,23.3,11.2,26.6,14.1,16.8,21.0,70.9,68.9,67.8,6.2,16.5,13.0,2025
53055,San Juan,WA,West,Suburban,<25k,25.3,11.1,29.8,11.8,12.8,17.0,66.8,73.7,65.5,8.0,14.8,14.4,2025
53057,Skagit,WA,West,Suburban,100k-249k,33.2,17.3,34.6,16.0,16.6,30.5,66.7,71.2,59.3,15.6,16.7,20.9,2025
53061,Snohomish,WA,West,Rural,<25k,40.9,18.7,34.1,17.4,11.7,31.0,72.6,72.7,62.0,13.7,19.5,24.8,2025
53065,Stevens,WA,West,Suburban,<25k,24.6,13.0,32.3,16.2,16.9,22.8,72.7,68.6,65.1,8.4,11.1,18.2,2025
53067,Thurston,WA,West,Rural,25k-99k,40.0,18.1,33.2,20.4,16.6,29.1,69.8,61.5,64.9,11.6,16.0,19.8,2025
53071,Walla Walla,WA,West,Urban core,<25k,26.6,16.7,32.0,14.4,18.2,24.9,71.9,69.9,64.3,14.0,17.0,19.1,2025
53073,Whatcom,WA,West,Urban core,<25k,19.9,9.7,25.1,8.5,23.1,15.3,77.2,76.3,73.6,5.6,12.6,10.9,2025
53075,Whitman,WA,West,Urban core,<25k,18.2,9.6,28.2,10.0,17.2,18.2,76.4,75.2,71.7,12.0,16.2,13.0,2025
53077,Yakima,WA,West,Rural,250k+,26.2,5.7,25.7,13.8,17.6,19.6,78.4,70.2,68.4,7.7,9.6,13.0,2025
53023,Garfield,WA,West,Rural,<25k,41.7,23.2,36.7,24.7,13.8,35.2,68.5,69.7,62.0,15.2,19.7,28.0,2025
53039,Klickitat,WA,West,Urban core,<25k,32.9,18.2,32.6,17.5,10.5,26.4,67.1,72.0,59.6,14.8,18.6,20.2,2025
53045,Mason,WA,West,Suburban,100k-249k,23.3,13.8,25.0,18.2,21.4,21.6,71.2,74.3,70.0,5.3,14.3,14.0,2025
53051,Pend Oreille,WA,West,Urban core,100k-249k,24.8,12.0,31.1,15.4,17.3,21.6,73.7,68.7,70.8,12.4,16.5,17.3,2025
53059,Skamania,WA,West,Small town,250k+,32.6,11.7,27.2,14.3,15.8,24.1,71.1,70.9,68.7,4.7,11.9,16.7,2025
53063,Spokane,WA,West,Suburban,<25k,22.9,10.9,26.2,18.4,16.1,18.9,70.4,72.6,63.9,10.0,16.4,13.5,2025
53069,Wahkiakum,WA,West,Urban core,<25k,28.6,14.9,31.3,18.8,21.4,27.6,75.7,72.5,66.6,12.4,12.6,19.1,2025
53037,Kittitas,WA,West,Urban core,25k-99k,29.3,11.3,32.1,13.5,19.7,22.6,76.4,71.4,67.9,6.6,17.9,15.9,2025
54077,Preston,WV,South,Rural,100k-249k,33.6,13.3,33.3,15.8,10.0,25.3,68.3,66.6,61.1,6.4,14.6,18.4,2025
54079,Putnam,WV,South,Rural,<25k,38.5,16.0,30.1,16.0,12.7,27.1,66.2,68.1,69.0,12.1,14.3,20.7,2025
54089,Summers,WV,South,Urban core,100k-249k,40.5,19.6,38.1,20.6,15.6,29.4,70.1,74.4,65.5,18.4,19.4,23.6,2025
54091,Taylor,WV,South,Rural,<25k,31.4,13.8,27.1,18.1,17.5,23.7,67.6,64.9,68.4,12.0,14.6,16.9,2025
54097,Upshur,WV,South,Small town,<25k,35.1,18.4,33.7,18.0,12.7,29.9,69.0,73.8,68.7,11.9,14.7,20.1,2025
54001,Barbour,WV,South,Urban core,100k-249k,24.3,8.4,28.4,14.6,19.0,21.8,75.9,74.9,62.7,11.9,18.6,11.9,2025
54003,Berkeley,WV,South,Urban core,250k+,25.0,10.5,29.4,7.0,14.8,21.0,77.4,74.1,68.6,5.8,8.6,11.9,2025
54005,Boone,WV,South,Small town,250k+,30.4,13.4,32.1,15.9,16.9,26.2,69.5,75.5,63.3,13.4,21.7,14.6,2025
54007,Braxton,WV,South,Small town,<25k,32.0,15.6,33.7,16.9,16.3,26.5,67.5,65.7,59.9,10.7,16.5,20.1,2025
54009,Brooke,WV,South,Rural,25k-99k,35.0,16.3,34.0,20.2,13.5,26.5,70.5,63.5,63.4,14.2,18.5,18.9,2025
54011,Cabell,WV,South,Small town,<25k,26.5,14.2,28.4,12.1,20.0,27.6,71.6,68.4,70.2,10.2,19.3,15.8,2025
54013,Calhoun,WV,South,Suburban,25k-99k,35.1,16.0,34.6,19.0,12.5,32.4,72.3,67.5,60.4,16.7,17.9,18.2,2025
54015,Clay,WV,South,Rural,25k-99k,34.1,14.6,24.6,15.5,13.8,21.1,68.7,72.2,65.7,11.1,13.0,16.5,2025
54019,Fayette,WV,South,Rural,25k-99k,39.4,17.8,30.4,18.4,18.2,29.2,74.0,74.2,59.2,10.0,14.5,17.4,2025
54021,Gilmer,WV,South,Suburban,<25k,38.9,16.4,31.2,15.4,13.7,21.1,73.8,67.9,67.3,13.2,13.0,17.8,2025
54025,Greenbrier,WV,South,Small town,100k-249k,28.4,11.4,28.5,13.2,20.0,24.5,71.9,71.1,60.9,10.6,16.4,11.1,2025
54031,Hardy,WV,South,Rural,25k-99k,28.3,13.5,28.0,14.4,17.6,27.0,65.5,65.3,65.0,7.1,15.2,16.2,2025
54033,Harrison,WV,South,Urban core,<25k,26.1,10.5,28.9,10.8,19.3,21.5,75.1,72.0,71.2,8.3,17.8,17.4,2025
54039,Kanawha,WV,South,Urban core,25k-99k,30.2,13.5,28.8,12.8,16.8,23.6,72.5,70.2,68.6,12.9,16.1,13.6,2025
54041,Lewis,WV,South,Rural,250k+,33.6,10.3,29.8,13.4,14.6,27.2,72.4,61.0,70.7,8.8,10.4,19.3,2025
54043,Lincoln,WV,South,Rural,250k+,36.9,17.4,33.9,20.3,15.9,28.6,70.1,65.8,65.9,12.7,20.0,16.6,2025
54045,Logan,WV,South,Rural,<25k,43.7,17.8,36.5,18.0,13.0,32.9,69.9,67.9,57.2,14.2,14.7,22.5,2025
54057,Mineral,WV,South,Suburban,25k-99k,32.8,16.0,31.1,17.8,15.8,23.3,72.2,66.6,64.8,16.8,15.2,18.0,2025
54059,Mingo,WV,South,Rural,100k-249k,35.4,15.8,35.2,15.5,16.6,22.4,69.1,69.8,62.4,15.1,16.5,15.9,2025
54067,Nicholas,WV,South,Small town,100k-249k,35.2,14.3,32.6,12.7,13.7,25.5,67.7,72.0,65.9,7.9,12.5,16.7,2025
54071,Pendleton,WV,South,Urban core,25k-99k,30.2,14.5,30.6,16.5,21.1,23.9,73.6,67.1,66.9,13.9,22.0,20.0,2025
54075,Pocahontas,WV,South,Rural,100k-249k,41.0,18.8,37.6,24.7,11.0,33.6,65.5,64.8,66.3,15.1,16.8,22.9,2025
54081,Raleigh,WV,South,Urban core,250k+,36.8,18.2,31.6,17.0,21.8,24.0,70.3,69.5,59.8,12.5,15.2,17.9,2025
54083,Randolph,WV,South,Rural,100k-249k,32.8,14.1,31.1,16.2,9.0,22.0,68.0,74.9,65.6,9.9,12.3,20.9,2025
54085,Ritchie,WV,South,Small town,25k-99k,34.8,15.5,29.3,17.9,15.0,21.9,72.3,68.4,68.7,10.6,12.2,16.8,2025
54087,Roane,WV,South,Small town,100k-249k,37.6,18.9,35.3,22.7,11.1,27.2,66.7,71.0,61.7,15.1,20.8,21.0,2025
54093,Tucker,WV,South,Small town,<25k,34.3,15.8,30.7,15.5,15.2,28.1,75.9,66.9,62.9,11.3,11.5,23.2,2025
54095,Tyler,WV,South,Suburban,250k+,33.8,11.6,27.4,14.7,13.6,20.2,71.9,71.8,72.3,6.2,14.6,17.8,2025
54099,Wayne,WV,South,Rural,<25k,42.6,19.7,36.9,21.6,17.8,31.0,69.5,63.7,60.7,15.5,19.5,24.2,2025
54103,Wetzel,WV,South,Rural,<25k,41.0,18.4,35.1,22.8,12.6,30.3,64.5,62.3,63.5,14.4,17.1,23.9,2025
54109,Wyoming,WV,South,Small town,250k+,37.8,19.0,37.7,17.8,14.1,27.7,70.4,58.7,62.8,18.5,21.0,22.5,2025
54017,Doddridge,WV,South,Rural,<25k,28.9,12.2,27.7,21.8,16.2,23.5,69.1,69.6,69.9,10.4,9.0,16.4,2025
54023,Grant,WV,South,Rural,100k-249k,42.4,20.4,39.0,21.3,14.3,30.2,63.4,67.2,60.1,19.7,18.7,19.7,2025
54027,Hampshire,WV,South,Small town,100k-249k,31.4,14.3,28.8,16.8,12.3,22.7,70.1,73.8,59.7,11.4,12.8,16.7,2025
54029,Hancock,WV,South,Suburban,100k-249k,29.1,14.9,27.9,15.0,16.9,21.3,77.6,69.4,62.4,8.8,20.9,19.2,2025
54035,Jackson,WV,South,Rural,100k-249k,32.2,14.8,30.0,20.3,17.5,29.7,71.6,72.5,71.5,7.2,12.8,15.7,2025
54037,Jefferson,WV,South,Suburban,<25k,41.6,18.6,36.4,21.7,16.8,32.2,69.8,70.6,59.1,16.0,21.8,18.9,2025
54047,McDowell,WV,South,Rural,100k-249k,41.4,16.0,32.1,19.7,15.5,25.1,68.1,65.8,61.3,13.9,14.6,20.8,2025
54049,Marion,WV,South,Small town,25k-99k,35.3,18.5,36.5,20.0,15.0,30.5,67.6,70.1,62.9,18.4,10.3,20.1,2025
54051,Marshall,WV,South,Suburban,100k-249k,21.4,12.1,25.5,14.3,17.6,27.8,78.3,69.3,71.7,8.1,15.4,12.1,2025
54053,Mason,WV,South,Small town,25k-99k,30.6,14.0,34.8,20.9,17.6,27.1,65.0,70.3,62.2,9.9,21.0,18.8,2025
54055,Mercer,WV,South,Urban core,100k-249k,46.2,20.9,34.8,18.6,16.9,32.2,69.7,61.4,58.8,16.2,21.9,25.0,2025
54061,Monongalia,WV,South,Small town,100k-249k,25.8,11.2,31.8,15.5,17.5,21.9,70.8,71.3,66.5,8.3,11.8,15.0,2025
54063,Monroe,WV,South,Rural,100k-249k,31.7,15.4,32.5,15.5,12.4,24.0,72.2,69.4,68.6,11.8,17.2,19.5,2025
54065,Morgan,WV,South,Urban core,100k-249k,29.6,14.5,33.9,12.3,17.6,25.4,76.1,73.9,61.5,13.4,18.8,19.0,2025
54069,Ohio,WV,South,Rural,25k-99k,34.2,12.9,32.6,12.0,18.8,25.2,72.1,69.1,71.5,8.0,12.7,18.7,2025
54073,Pleasants,WV,South,Suburban,100k-249k,34.3,16.2,33.8,21.7,16.5,23.1,72.8,78.7,62.6,11.3,16.9,18.5,2025
54101,Webster,WV,South,Small town,25k-99k,25.2,11.7,25.4,12.5,14.4,21.6,74.4,71.0,74.9,7.3,13.6,12.4,2025
54105,Wirt,WV,South,Suburban,<25k,36.9,18.1,32.9,22.5,11.8,31.6,71.0,66.5,63.4,17.9,16.4,20.2,2025
54107,Wood,WV,South,Urban core,250k+,41.9,22.3,37.8,21.5,15.0,30.4,69.3,66.2,59.9,13.6,17.5,20.0,2025
55053,Jackson,WI,Midwest,Suburban,100k-249k,25.3,10.2,33.8,17.8,15.2,23.7,72.3,73.0,68.0,8.8,10.9,17.0,2025
55055,Jefferson,WI,Midwest,Suburban,<25k,29.8,12.0,27.0,13.4,15.9,26.1,74.4,70.8,65.8,5.8,12.8,13.9,2025
55059,Kenosha,WI,Midwest,Urban core,25k-99k,26.2,11.3,35.0,16.4,15.2,22.3,73.8,72.8,69.6,13.3,12.7,16.5,2025
55061,Kewaunee,WI,Midwest,Small town,100k-249k,23.8,9.7,26.4,11.3,17.4,23.8,77.7,77.5,69.8,9.2,12.3,19.6,2025
55063,La Crosse,WI,Midwest,Small town,25k-99k,28.5,10.5,27.2,21.2,17.7,20.2,70.9,69.5,70.2,6.4,17.2,16.6,2025
55067,Langlade,WI,Midwest,Rural,100k-249k,28.6,13.9,27.9,20.4,15.3,19.8,73.9,69.6,64.5,6.9,15.5,17.6,2025
55001,Adams,WI,Midwest,Suburban,250k+,32.2,10.7,28.4,13.6,18.9,25.1,76.6,73.8,64.2,10.5,15.1,17.5,2025
55003,Ashland,WI,Midwest,Rural,<25k,36.7,16.8,32.2,14.9,14.0,28.2,68.9,65.4,61.3,10.0,12.1,18.6,2025
55005,Barron,WI,Midwest,Urban core,250k+,30.7,12.0,35.4,16.4,18.0,21.1,76.5,69.0,61.2,12.3,20.7,19.2,2025
55007,Bayfield,WI,Midwest,Small town,25k-99k,34.2,16.1,36.6,18.4,12.1,24.7,71.4,69.3,65.9,11.8,19.1,20.1,2025
55009,Brown,WI,Midwest,Rural,25k-99k,20.6,5.7,23.5,11.3,14.9,21.1,72.9,72.0,68.0,3.2,7.4,12.4,2025
55011,Buffalo,WI,Midwest,Small town,25k-99k,28.6,12.2,32.6,12.1,17.4,24.2,69.9,64.8,64.5,4.5,18.1,15.2,2025
55015,Calumet,WI,Midwest,Suburban,25k-99k,20.9,6.7,27.1,13.4,15.7,18.9,75.1,73.9,71.9,9.4,12.5,11.9,2025
55029,Door,WI,Midwest,Suburban,100k-249k,23.3,9.5,25.4,13.7,17.2,16.1,75.2,72.0,63.1,3.3,16.8,11.1,2025
55033,Dunn,WI,Midwest,Small town,250k+,39.9,15.6,32.0,18.3,16.3,26.7,71.9,65.5,65.6,12.5,15.2,23.7,2025
55043,Grant,WI,Midwest,Urban core,250k+,32.7,11.9,29.1,10.4,13.7,17.5,72.8,75.8,70.1,9.5,15.0,16.4,2025
55057,Juneau,WI,Midwest,Suburban,100k-249k,32.1,11.6,32.1,14.5,17.7,25.0,66.9,67.7,71.1,7.8,15.2,13.9,2025
55065,Lafayette,WI,Midwest,Small town,<25k,37.1,17.0,34.0,21.5,16.2,29.7,66.6,64.2,67.7,17.6,16.3,21.1,2025
55075,Marinette,WI,Midwest,Small town,100k-249k,34.2,16.6,34.5,20.8,15.1,22.3,70.4,69.9,64.3,12.8,15.6,19.5,2025
55083,Oconto,WI,Midwest,Suburban,25k-99k,20.5,9.8,26.8,15.4,15.1,22.3,72.9,73.3,66.3,3.4,15.2,13.9,2025
55097,Portage,WI,Midwest,Rural,<25k,40.0,21.5,40.4,19.7,9.7,33.4,66.6,66.3,59.9,16.6,16.8,23.9,2025
55107,Rusk,WI,Midwest,Urban core,25k-99k,38.0,17.0,34.4,16.7,15.8,25.9,71.0,70.2,65.1,13.4,20.2,21.2,2025
55111,Sauk,WI,Midwest,Small town,<25k,33.8,15.3,34.6,19.3,16.3,29.2,72.5,71.3,60.0,10.7,14.1,14.9,2025
55121,Trempealeau,WI,Midwest,Rural,<25k,28.1,14.3,29.2,20.4,13.9,27.6,69.5,67.0,65.5,6.3,15.1,15.4,2025
55137,Waushara,WI,Midwest,Urban core,100k-249k,23.2,10.5,26.2,14.5,14.7,21.5,75.0,74.1,70.3,5.5,14.9,13.7,2025
55013,Burnett,WI,Midwest,Rural,250k+,37.0,12.6,33.3,20.0,19.0,23.7,71.4,67.1,64.3,11.9,18.6,19.5,2025
55017,Chippewa,WI,Midwest,Urban core,<25k,33.2,16.2,31.8,17.6,13.1,22.2,68.8,71.9,65.9,9.4,20.1,21.4,2025
55019,Clark,WI,Midwest,Urban core,25k-99k,25.1,10.4,26.1,12.9,11.9,18.2,78.5,78.5,65.0,9.6,12.8,15.6,2025
55021,Columbia,WI,Midwest,Small town,<25k,27.2,11.7,28.6,10.4,15.3,25.8,74.0,70.6,68.9,8.9,12.2,18.2,2025
55023,Crawford,WI,Midwest,Small town,250k+,27.2,14.1,24.9,18.8,17.2,23.8,72.7,68.1,66.6,6.6,16.7,19.7,2025
55025,Dane,WI,Midwest,Urban core,25k-99k,21.4,9.7,25.4,12.9,18.4,20.2,77.6,80.6,71.6,1.5,12.5,8.9,2025
55027,Dodge,WI,Midwest,Rural,<25k,42.9,15.8,36.4,22.7,10.1,30.1,65.8,61.6,62.3,16.4,18.6,27.0,2025
55031,Douglas,WI,Midwest,Rural,<25k,30.5,11.4,28.3,16.2,17.7,21.3,68.4,69.5,64.0,8.0,9.1,17.2,2025
55035,Eau Claire,WI,Midwest,Suburban,100k-249k,34.7,17.2,29.2,16.1,14.4,25.5,71.1,68.5,61.4,10.1,13.8,18.3,2025
55037,Florence,WI,Midwest,Rural,100k-249k,27.9,10.9,26.1,15.2,14.7,19.2,70.7,68.9,69.0,7.0,10.1,17.8,2025
55039,Fond du Lac,WI,Midwest,Urban core,100k-249k,31.6,13.9,33.0,17.2,19.6,20.7,78.2,69.4,60.1,10.8,18.5,20.2,2025
55041,Forest,WI,Midwest,Rural,250k+,37.1,17.8,32.5,21.0,16.5,30.3,68.1,68.6,66.9,10.1,17.5,19.2,2025
55045,Green,WI,Midwest,Small town,25k-99k,41.7,19.5,34.6,16.5,13.0,30.5,70.5,74.6,61.7,12.7,16.3,18.7,2025
55047,Green Lake,WI,Midwest,Rural,100k-249k,38.9,17.9,33.7,23.5,12.6,30.6,66.6,63.0,65.5,15.3,18.4,21.6,2025
55049,Iowa,WI,Midwest,Rural,<25k,36.1,13.0,34.9,19.4,15.3,26.4,65.1,63.2,65.2,14.8,14.4,18.5,2025
55051,Iron,WI,Midwest,Rural,25k-99k,28.4,16.3,33.6,17.8,13.1,29.6,68.1,71.4,66.4,7.3,14.2,19.8,2025
55109,St. Croix,WI,Midwest,Rural,<25k,24.2,4.5,24.2,14.1,12.5,20.0,71.7,79.5,64.0,3.0,12.5,12.5,2025
55113,Sawyer,WI,Midwest,Urban core,25k-99k,21.0,10.8,27.4,10.2,22.4,15.5,74.7,77.4,65.6,9.0,14.6,13.6,2025
55115,Shawano,WI,Midwest,Small town,250k+,23.5,6.4,26.1,11.3,19.4,18.2,75.5,75.9,66.3,7.4,14.0,13.0,2025
55117,Sheboygan,WI,Midwest,Small town,250k+,24.4,8.1,26.5,13.4,12.6,20.4,71.6,73.7,63.4,2.0,11.6,10.3,2025
55119,Taylor,WI,Midwest,Suburban,100k-249k,22.3,8.2,22.9,15.4,16.2,17.2,75.4,72.1,65.8,1.5,12.5,13.4,2025
55123,Vernon,WI,Midwest,Rural,25k-99k,34.7,9.3,33.9,17.8,10.4,28.6,68.2,70.4,60.8,3.2,12.5,13.8,2025
55069,Lincoln,WI,Midwest,Urban core,100k-249k,25.7,15.1,33.8,14.3,16.6,22.7,69.5,74.5,63.7,12.4,15.4,17.7,2025
55071,Manitowoc,WI,Midwest,Rural,25k-99k,42.2,18.6,37.4,20.1,11.6,31.6,65.9,70.2,62.2,11.3,18.3,21.6,2025
55073,Marathon,WI,Midwest,Suburban,100k-249k,24.9,13.0,29.4,14.7,16.9,17.0,75.8,76.4,66.8,6.1,11.4,12.3,2025
55077,Marquette,WI,Midwest,Urban core,250k+,35.6,15.9,34.4,14.2,12.5,20.0,74.6,74.6,61.5,15.3,15.0,19.7,2025
55078,Menominee,WI,Midwest,Urban core,250k+,27.7,13.0,34.5,17.6,21.9,21.9,72.0,72.6,63.1,11.5,11.0,17.3,2025
55079,Milwaukee,WI,Midwest,Rural,25k-99k,35.1,14.4,33.6,20.0,10.0,27.9,72.7,70.4,60.4,8.2,11.0,21.7,2025
55081,Monroe,WI,Midwest,Suburban,25k-99k,23.4,9.4,29.9,11.5,15.5,20.8,71.6,75.8,66.3,13.4,10.5,16.6,2025
55085,Oneida,WI,Midwest,Rural,100k-249k,25.8,11.1,25.2,15.1,14.4,23.8,71.8,70.0,65.6,8.0,9.6,17.5,2025
55087,Outagamie,WI,Midwest,Urban core,<25k,22.0,7.3,26.1,10.3,20.0,18.1,76.3,77.2,67.9,6.8,17.7,10.6,2025
55089,Ozaukee,WI,Midwest,Small town,25k-99k,36.8,17.9,35.6,18.2,14.6,25.8,66.3,67.2,60.6,11.1,20.5,20.9,2025
55091,Pepin,WI,Midwest,Small town,100k-249k,26.0,8.0,27.1,7.7,19.3,24.0,73.7,76.7,67.2,5.4,12.9,15.5,2025
55093,Pierce,WI,Midwest,Rural,<25k,32.3,14.2,25.4,18.1,14.3,31.1,72.2,68.0,65.2,16.5,11.5,18.3,2025
55095,Polk,WI,Midwest,Small town,250k+,36.7,10.2,29.7,13.7,15.8,21.5,74.5,68.8,67.2,9.6,14.4,21.2,2025
55099,Price,WI,Midwest,Urban core,100k-249k,31.9,16.4,34.7,10.2,21.4,21.3,72.2,74.4,67.0,13.4,20.1,19.9,2025
55101,Racine,WI,Midwest,Suburban,100k-249k,33.5,10.3,32.6,17.1,12.5,24.9,70.2,73.9,61.7,7.4,20.1,17.2,2025
55103,Richland,WI,Midwest,Small town,250k+,36.8,16.2,32.5,20.0,13.2,29.6,69.7,71.4,61.6,13.9,14.1,20.8,2025
55105,Rock,WI,Midwest,Rural,25k-99k,27.7,11.9,29.8,15.1,15.1,22.1,68.4,72.7,65.0,8.8,13.2,18.2,2025
55125,Vilas,WI,Midwest,Urban core,25k-99k,24.6,11.3,28.5,11.2,17.2,18.4,74.8,75.5,59.7,7.0,18.6,10.6,2025
55127,Walworth,WI,Midwest,Suburban,<25k,25.4,11.1,35.0,21.4,20.2,21.8,70.8,70.8,63.3,6.4,22.0,18.4,2025
55129,Washburn,WI,Midwest,Suburban,25k-99k,26.4,10.1,27.8,13.4,13.0,22.2,74.4,73.2,65.1,9.3,16.4,10.4,2025
55131,Washington,WI,Midwest,Suburban,100k-249k,34.8,15.7,31.3,18.1,14.4,24.4,70.3,68.8,62.2,7.4,17.3,19.7,2025
55133,Waukesha,WI,Midwest,Suburban,<25k,23.6,7.6,26.7,6.7,21.1,15.1,72.7,76.1,69.0,3.8,16.3,11.2,2025
55135,Waupaca,WI,Midwest,Suburban,<25k,33.2,11.9,30.7,17.9,19.8,28.8,73.0,63.9,65.9,10.1,14.4,15.7,2025
55139,Winnebago,WI,Midwest,Small town,25k-99k,27.3,11.9,30.3,20.5,18.3,22.1,71.6,70.4,69.9,8.0,16.6,18.9,2025
55141,Wood,WI,Midwest,Urban core,100k-249k,36.7,15.3,36.1,23.7,17.0,32.1,71.7,67.1,60.2,10.5,19.8,24.4,2025
56009,Converse,WY,West,Urban core,25k-99k,23.9,9.0,29.2,10.4,18.5,18.9,75.8,69.7,68.4,9.9,13.6,13.1,2025
56001,Albany,WY,West,Urban core,100k-249k,22.7,8.9,27.6,11.1,18.0,17.9,78.0,68.8,69.7,6.7,12.8,11.4,2025
56003,Big Horn,WY,West,Urban core,100k-249k,20.9,6.7,25.4,10.1,20.7,20.7,71.8,68.3,70.8,6.5,17.6,14.1,2025
56005,Campbell,WY,West,Urban core,100k-249k,23.2,13.2,26.3,12.1,18.7,18.3,74.9,76.9,68.0,4.9,16.4,15.1,2025
56007,Carbon,WY,West,Urban core,<25k,27.2,12.5,29.8,15.6,20.0,19.4,73.9,66.0,61.9,8.7,21.2,11.5,2025
56011,Crook,WY,West,Urban core,250k+,25.4,15.8,32.0,14.3,17.3,25.2,69.1,69.6,66.9,14.2,20.0,19.7,2025
56013,Fremont,WY,West,Rural,<25k,27.0,10.4,26.1,11.9,11.9,20.5,71.8,71.7,68.0,7.5,14.1,12.4,2025
56015,Goshen,WY,West,Small town,100k-249k,27.0,10.7,32.2,13.8,13.1,16.9,76.0,71.5,69.4,7.0,13.3,17.0,2025
56017,Hot Springs,WY,West,Suburban,<25k,36.1,16.5,35.1,17.2,15.8,27.7,66.7,63.8,61.0,11.4,19.6,23.2,2025
56021,Laramie,WY,West,Small town,<25k,23.0,11.2,26.6,11.3,19.0,17.4,78.1,69.3,68.2,7.1,17.2,14.1,2025
56029,Park,WY,West,Urban core,25k-99k,34.7,13.6,28.6,13.9,12.2,25.5,72.1,70.8,63.2,10.9,14.3,14.9,2025
56033,Sheridan,WY,West,Rural,100k-249k,29.5,16.2,29.7,18.1,19.6,23.9,70.8,70.4,59.6,9.3,14.4,16.5,2025
56035,Sublette,WY,West,Urban core,100k-249k,29.8,15.2,33.4,16.8,17.5,25.5,72.1,66.2,65.6,10.8,20.1,23.1,2025
56039,Teton,WY,West,Suburban,<25k,33.6,16.3,35.6,12.8,14.2,27.8,71.1,68.0,64.5,14.3,18.6,18.1,2025
56041,Uinta,WY,West,Small town,25k-99k,21.1,9.3,23.7,10.3,18.8,18.1,73.9,71.5,70.8,4.8,6.2,13.9,2025
56019,Johnson,WY,West,Suburban,25k-99k,27.6,9.6,27.4,14.9,13.2,22.8,73.4,71.7,70.2,9.5,13.2,13.5,2025
56023,Lincoln,WY,West,Suburban,100k-249k,32.3,12.0,29.4,15.9,13.6,23.4,71.2,75.2,65.9,6.9,16.7,19.7,2025
56025,Natrona,WY,West,Urban core,250k+,26.3,11.6,34.1,14.6,21.3,17.2,76.5,73.1,65.9,12.3,16.4,13.8,2025
56027,Niobrara,WY,West,Rural,<25k,36.7,15.2,33.8,16.9,12.0,22.2,69.1,69.1,59.2,17.1,16.4,21.9,2025
56031,Platte,WY,West,Small town,100k-249k,33.1,12.4,27.6,12.6,15.0,21.6,73.3,70.2,57.6,9.9,12.9,17.3,2025
56037,Sweetwater,WY,West,Urban core,250k+,15.5,5.7,23.1,4.0,19.2,15.6,76.3,79.3,73.9,3.0,10.1,7.7,2025
56043,Washakie,WY,West,Suburban,25k-99k,28.3,12.8,29.8,14.3,18.8,18.9,75.7,66.4,66.8,10.1,13.6,15.7,2025
56045,Weston,WY,West,Rural,25k-99k,34.9,16.8,32.5,14.5,13.4,29.8,69.9,67.7,59.0,13.1,13.5,19.7,2025
